blind_id,sample_id,selected_path,source,track
F0001,PHL1800_HAIV_0475,final_selection_1800/images/haivmet/PHL1800_HAIV_0475.png,HAIVMet,positive
F0002,PHL1800_HAIV_0544,final_selection_1800/images/haivmet/PHL1800_HAIV_0544.png,HAIVMet,positive
F0003,PHL1800_HL_0446,final_selection_1800/images/hl/PHL1800_HL_0446.png,HL Dataset,positive
F0004,PHL1800_HAIV_0084,final_selection_1800/images/haivmet/PHL1800_HAIV_0084.png,HAIVMet,positive
F0005,PHL1800_HL_0462,final_selection_1800/images/hl/PHL1800_HL_0462.png,HL Dataset,positive
F0006,PHL1800_HL_0567,final_selection_1800/images/hl/PHL1800_HL_0567.png,HL Dataset,boundary
F0007,PHL1800_HL_0235,final_selection_1800/images/hl/PHL1800_HL_0235.png,HL Dataset,positive
F0008,PHL1800_HL_0505,final_selection_1800/images/hl/PHL1800_HL_0505.png,HL Dataset,boundary
F0009,PHL1800_HAIV_0420,final_selection_1800/images/haivmet/PHL1800_HAIV_0420.png,HAIVMet,positive
F0010,PHL1800_HL_0417,final_selection_1800/images/hl/PHL1800_HL_0417.png,HL Dataset,positive
F0011,PHL1800_HL_0416,final_selection_1800/images/hl/PHL1800_HL_0416.png,HL Dataset,positive
F0012,PHL1800_HL_0343,final_selection_1800/images/hl/PHL1800_HL_0343.png,HL Dataset,positive
F0013,PHL1800_HL_0335,final_selection_1800/images/hl/PHL1800_HL_0335.png,HL Dataset,positive
F0014,PHL1800_HL_0360,final_selection_1800/images/hl/PHL1800_HL_0360.png,HL Dataset,positive
F0015,PHL1800_HL_0438,final_selection_1800/images/hl/PHL1800_HL_0438.png,HL Dataset,positive
F0016,PHL1800_HL_0468,final_selection_1800/images/hl/PHL1800_HL_0468.png,HL Dataset,positive
F0017,PHL1800_HL_0563,final_selection_1800/images/hl/PHL1800_HL_0563.png,HL Dataset,boundary
F0018,PHL1800_IRFL_0268,final_selection_1800/images/irfl/PHL1800_IRFL_0268.jpg,IRFL,positive
F0019,PHL1800_HL_0014,final_selection_1800/images/hl/PHL1800_HL_0014.png,HL Dataset,positive
F0020,PHL1800_HL_0403,final_selection_1800/images/hl/PHL1800_HL_0403.png,HL Dataset,positive
F0021,PHL1800_HL_0346,final_selection_1800/images/hl/PHL1800_HL_0346.png,HL Dataset,positive
F0022,PHL1800_MM_0060,final_selection_1800/images/mm_moral/PHL1800_MM_0060.jpg,MM-MoralBench,positive
F0023,PHL1800_HAIV_0057,final_selection_1800/images/haivmet/PHL1800_HAIV_0057.png,HAIVMet,positive
F0024,PHL1800_HL_0019,final_selection_1800/images/hl/PHL1800_HL_0019.png,HL Dataset,positive
F0025,PHL1800_IRFL_0488,final_selection_1800/images/irfl/PHL1800_IRFL_0488.jpg,IRFL,boundary
F0026,PHL1800_HAIV_0536,final_selection_1800/images/haivmet/PHL1800_HAIV_0536.png,HAIVMet,positive
F0027,PHL1800_HAIV_0242,final_selection_1800/images/haivmet/PHL1800_HAIV_0242.png,HAIVMet,positive
F0028,PHL1800_MM_0113,final_selection_1800/images/mm_moral/PHL1800_MM_0113.jpg,MM-MoralBench,positive
F0029,PHL1800_IRFL_0441,final_selection_1800/images/irfl/PHL1800_IRFL_0441.jpg,IRFL,boundary
F0030,PHL1800_IRFL_0450,final_selection_1800/images/irfl/PHL1800_IRFL_0450.jpg,IRFL,boundary
F0031,PHL1800_HL_0539,final_selection_1800/images/hl/PHL1800_HL_0539.png,HL Dataset,boundary
F0032,PHL1800_HAIV_0397,final_selection_1800/images/haivmet/PHL1800_HAIV_0397.png,HAIVMet,positive
F0033,PHL1800_IRFL_0346,final_selection_1800/images/irfl/PHL1800_IRFL_0346.jpg,IRFL,positive
F0034,PHL1800_HL_0363,final_selection_1800/images/hl/PHL1800_HL_0363.png,HL Dataset,positive
F0035,PHL1800_IRFL_0244,final_selection_1800/images/irfl/PHL1800_IRFL_0244.jpg,IRFL,positive
F0036,PHL1800_HAIV_0038,final_selection_1800/images/haivmet/PHL1800_HAIV_0038.png,HAIVMet,positive
F0037,PHL1800_HL_0443,final_selection_1800/images/hl/PHL1800_HL_0443.png,HL Dataset,positive
F0038,PHL1800_IRFL_0203,final_selection_1800/images/irfl/PHL1800_IRFL_0203.jpg,IRFL,positive
F0039,PHL1800_HL_0196,final_selection_1800/images/hl/PHL1800_HL_0196.png,HL Dataset,positive
F0040,PHL1800_HL_0373,final_selection_1800/images/hl/PHL1800_HL_0373.png,HL Dataset,positive
F0041,PHL1800_IRFL_0074,final_selection_1800/images/irfl/PHL1800_IRFL_0074.jpg,IRFL,positive
F0042,PHL1800_HAIV_0511,final_selection_1800/images/haivmet/PHL1800_HAIV_0511.png,HAIVMet,positive
F0043,PHL1800_HAIV_0128,final_selection_1800/images/haivmet/PHL1800_HAIV_0128.png,HAIVMet,positive
F0044,PHL1800_HAIV_0110,final_selection_1800/images/haivmet/PHL1800_HAIV_0110.png,HAIVMet,positive
F0045,PHL1800_IRFL_0306,final_selection_1800/images/irfl/PHL1800_IRFL_0306.jpg,IRFL,positive
F0046,PHL1800_IRFL_0333,final_selection_1800/images/irfl/PHL1800_IRFL_0333.jpg,IRFL,positive
F0047,PHL1800_HAIV_0102,final_selection_1800/images/haivmet/PHL1800_HAIV_0102.png,HAIVMet,positive
F0048,PHL1800_HL_0537,final_selection_1800/images/hl/PHL1800_HL_0537.png,HL Dataset,boundary
F0049,PHL1800_HAIV_0007,final_selection_1800/images/haivmet/PHL1800_HAIV_0007.png,HAIVMet,positive
F0050,PHL1800_HAIV_0248,final_selection_1800/images/haivmet/PHL1800_HAIV_0248.png,HAIVMet,positive
F0051,PHL1800_IRFL_0362,final_selection_1800/images/irfl/PHL1800_IRFL_0362.jpg,IRFL,positive
F0052,PHL1800_HAIV_0138,final_selection_1800/images/haivmet/PHL1800_HAIV_0138.png,HAIVMet,positive
F0053,PHL1800_IRFL_0388,final_selection_1800/images/irfl/PHL1800_IRFL_0388.jpg,IRFL,positive
F0054,PHL1800_IRFL_0412,final_selection_1800/images/irfl/PHL1800_IRFL_0412.jpg,IRFL,positive
F0055,PHL1800_IRFL_0486,final_selection_1800/images/irfl/PHL1800_IRFL_0486.jpg,IRFL,boundary
F0056,PHL1800_HL_0048,final_selection_1800/images/hl/PHL1800_HL_0048.png,HL Dataset,positive
F0057,PHL1800_HL_0010,final_selection_1800/images/hl/PHL1800_HL_0010.png,HL Dataset,positive
F0058,PHL1800_HL_0013,final_selection_1800/images/hl/PHL1800_HL_0013.png,HL Dataset,positive
F0059,PHL1800_MM_0004,final_selection_1800/images/mm_moral/PHL1800_MM_0004.jpg,MM-MoralBench,positive
F0060,PHL1800_IRFL_0161,final_selection_1800/images/irfl/PHL1800_IRFL_0161.jpg,IRFL,positive
F0061,PHL1800_HL_0164,final_selection_1800/images/hl/PHL1800_HL_0164.png,HL Dataset,positive
F0062,PHL1800_IRFL_0196,final_selection_1800/images/irfl/PHL1800_IRFL_0196.jpg,IRFL,positive
F0063,PHL1800_IRFL_0309,final_selection_1800/images/irfl/PHL1800_IRFL_0309.jpg,IRFL,positive
F0064,PHL1800_HL_0572,final_selection_1800/images/hl/PHL1800_HL_0572.png,HL Dataset,boundary
F0065,PHL1800_IRFL_0018,final_selection_1800/images/irfl/PHL1800_IRFL_0018.jpg,IRFL,positive
F0066,PHL1800_HL_0060,final_selection_1800/images/hl/PHL1800_HL_0060.png,HL Dataset,positive
F0067,PHL1800_HL_0453,final_selection_1800/images/hl/PHL1800_HL_0453.png,HL Dataset,positive
F0068,PHL1800_HL_0596,final_selection_1800/images/hl/PHL1800_HL_0596.png,HL Dataset,boundary
F0069,PHL1800_MM_0052,final_selection_1800/images/mm_moral/PHL1800_MM_0052.jpg,MM-MoralBench,positive
F0070,PHL1800_HAIV_0496,final_selection_1800/images/haivmet/PHL1800_HAIV_0496.png,HAIVMet,positive
F0071,PHL1800_HL_0017,final_selection_1800/images/hl/PHL1800_HL_0017.png,HL Dataset,positive
F0072,PHL1800_HL_0432,final_selection_1800/images/hl/PHL1800_HL_0432.png,HL Dataset,positive
F0073,PHL1800_HL_0226,final_selection_1800/images/hl/PHL1800_HL_0226.png,HL Dataset,positive
F0074,PHL1800_IRFL_0172,final_selection_1800/images/irfl/PHL1800_IRFL_0172.jpg,IRFL,positive
F0075,PHL1800_HAIV_0290,final_selection_1800/images/haivmet/PHL1800_HAIV_0290.png,HAIVMet,positive
F0076,PHL1800_HL_0137,final_selection_1800/images/hl/PHL1800_HL_0137.png,HL Dataset,positive
F0077,PHL1800_HL_0405,final_selection_1800/images/hl/PHL1800_HL_0405.png,HL Dataset,positive
F0078,PHL1800_IRFL_0304,final_selection_1800/images/irfl/PHL1800_IRFL_0304.jpg,IRFL,positive
F0079,PHL1800_HAIV_0027,final_selection_1800/images/haivmet/PHL1800_HAIV_0027.png,HAIVMet,positive
F0080,PHL1800_IRFL_0125,final_selection_1800/images/irfl/PHL1800_IRFL_0125.jpg,IRFL,positive
F0081,PHL1800_HAIV_0437,final_selection_1800/images/haivmet/PHL1800_HAIV_0437.png,HAIVMet,positive
F0082,PHL1800_HAIV_0514,final_selection_1800/images/haivmet/PHL1800_HAIV_0514.png,HAIVMet,positive
F0083,PHL1800_MM_0125,final_selection_1800/images/mm_moral/PHL1800_MM_0125.jpg,MM-MoralBench,positive
F0084,PHL1800_HL_0464,final_selection_1800/images/hl/PHL1800_HL_0464.png,HL Dataset,positive
F0085,PHL1800_IRFL_0343,final_selection_1800/images/irfl/PHL1800_IRFL_0343.jpg,IRFL,positive
F0086,PHL1800_HL_0008,final_selection_1800/images/hl/PHL1800_HL_0008.png,HL Dataset,positive
F0087,PHL1800_IRFL_0137,final_selection_1800/images/irfl/PHL1800_IRFL_0137.jpg,IRFL,positive
F0088,PHL1800_IRFL_0280,final_selection_1800/images/irfl/PHL1800_IRFL_0280.jpg,IRFL,positive
F0089,PHL1800_HL_0554,final_selection_1800/images/hl/PHL1800_HL_0554.png,HL Dataset,boundary
F0090,PHL1800_IRFL_0360,final_selection_1800/images/irfl/PHL1800_IRFL_0360.jpg,IRFL,positive
F0091,PHL1800_IRFL_0342,final_selection_1800/images/irfl/PHL1800_IRFL_0342.jpg,IRFL,positive
F0092,PHL1800_IRFL_0499,final_selection_1800/images/irfl/PHL1800_IRFL_0499.jpg,IRFL,boundary
F0093,PHL1800_HL_0378,final_selection_1800/images/hl/PHL1800_HL_0378.png,HL Dataset,positive
F0094,PHL1800_HL_0451,final_selection_1800/images/hl/PHL1800_HL_0451.png,HL Dataset,positive
F0095,PHL1800_IRFL_0159,final_selection_1800/images/irfl/PHL1800_IRFL_0159.jpg,IRFL,positive
F0096,PHL1800_HAIV_0316,final_selection_1800/images/haivmet/PHL1800_HAIV_0316.png,HAIVMet,positive
F0097,PHL1800_HAIV_0034,final_selection_1800/images/haivmet/PHL1800_HAIV_0034.png,HAIVMet,positive
F0098,PHL1800_HL_0459,final_selection_1800/images/hl/PHL1800_HL_0459.png,HL Dataset,positive
F0099,PHL1800_HAIV_0386,final_selection_1800/images/haivmet/PHL1800_HAIV_0386.png,HAIVMet,positive
F0100,PHL1800_IRFL_0190,final_selection_1800/images/irfl/PHL1800_IRFL_0190.jpg,IRFL,positive
F0101,PHL1800_HAIV_0119,final_selection_1800/images/haivmet/PHL1800_HAIV_0119.png,HAIVMet,positive
F0102,PHL1800_HL_0224,final_selection_1800/images/hl/PHL1800_HL_0224.png,HL Dataset,positive
F0103,PHL1800_HL_0483,final_selection_1800/images/hl/PHL1800_HL_0483.png,HL Dataset,positive
F0104,PHL1800_HAIV_0152,final_selection_1800/images/haivmet/PHL1800_HAIV_0152.png,HAIVMet,positive
F0105,PHL1800_HL_0398,final_selection_1800/images/hl/PHL1800_HL_0398.png,HL Dataset,positive
F0106,PHL1800_HL_0193,final_selection_1800/images/hl/PHL1800_HL_0193.png,HL Dataset,positive
F0107,PHL1800_IRFL_0189,final_selection_1800/images/irfl/PHL1800_IRFL_0189.jpg,IRFL,positive
F0108,PHL1800_HL_0104,final_selection_1800/images/hl/PHL1800_HL_0104.png,HL Dataset,positive
F0109,PHL1800_HAIV_0534,final_selection_1800/images/haivmet/PHL1800_HAIV_0534.png,HAIVMet,positive
F0110,PHL1800_HAIV_0212,final_selection_1800/images/haivmet/PHL1800_HAIV_0212.png,HAIVMet,positive
F0111,PHL1800_IRFL_0226,final_selection_1800/images/irfl/PHL1800_IRFL_0226.jpg,IRFL,positive
F0112,PHL1800_IRFL_0344,final_selection_1800/images/irfl/PHL1800_IRFL_0344.jpg,IRFL,positive
F0113,PHL1800_HL_0404,final_selection_1800/images/hl/PHL1800_HL_0404.png,HL Dataset,positive
F0114,PHL1800_IRFL_0101,final_selection_1800/images/irfl/PHL1800_IRFL_0101.jpg,IRFL,positive
F0115,PHL1800_HL_0120,final_selection_1800/images/hl/PHL1800_HL_0120.png,HL Dataset,positive
F0116,PHL1800_HAIV_0306,final_selection_1800/images/haivmet/PHL1800_HAIV_0306.png,HAIVMet,positive
F0117,PHL1800_IRFL_0384,final_selection_1800/images/irfl/PHL1800_IRFL_0384.jpg,IRFL,positive
F0118,PHL1800_MM_0006,final_selection_1800/images/mm_moral/PHL1800_MM_0006.jpg,MM-MoralBench,positive
F0119,PHL1800_HL_0191,final_selection_1800/images/hl/PHL1800_HL_0191.png,HL Dataset,positive
F0120,PHL1800_IRFL_0053,final_selection_1800/images/irfl/PHL1800_IRFL_0053.jpg,IRFL,positive
F0121,PHL1800_IRFL_0234,final_selection_1800/images/irfl/PHL1800_IRFL_0234.jpg,IRFL,positive
F0122,PHL1800_HAIV_0181,final_selection_1800/images/haivmet/PHL1800_HAIV_0181.png,HAIVMet,positive
F0123,PHL1800_HAIV_0525,final_selection_1800/images/haivmet/PHL1800_HAIV_0525.png,HAIVMet,positive
F0124,PHL1800_HL_0452,final_selection_1800/images/hl/PHL1800_HL_0452.png,HL Dataset,positive
F0125,PHL1800_MM_0146,final_selection_1800/images/mm_moral/PHL1800_MM_0146.jpg,MM-MoralBench,positive
F0126,PHL1800_HAIV_0487,final_selection_1800/images/haivmet/PHL1800_HAIV_0487.png,HAIVMet,positive
F0127,PHL1800_HAIV_0345,final_selection_1800/images/haivmet/PHL1800_HAIV_0345.png,HAIVMet,positive
F0128,PHL1800_MM_0101,final_selection_1800/images/mm_moral/PHL1800_MM_0101.jpg,MM-MoralBench,positive
F0129,PHL1800_HAIV_0347,final_selection_1800/images/haivmet/PHL1800_HAIV_0347.png,HAIVMet,positive
F0130,PHL1800_HL_0051,final_selection_1800/images/hl/PHL1800_HL_0051.png,HL Dataset,positive
F0131,PHL1800_HAIV_0272,final_selection_1800/images/haivmet/PHL1800_HAIV_0272.png,HAIVMet,positive
F0132,PHL1800_HAIV_0273,final_selection_1800/images/haivmet/PHL1800_HAIV_0273.png,HAIVMet,positive
F0133,PHL1800_MM_0041,final_selection_1800/images/mm_moral/PHL1800_MM_0041.jpg,MM-MoralBench,positive
F0134,PHL1800_MM_0093,final_selection_1800/images/mm_moral/PHL1800_MM_0093.jpg,MM-MoralBench,positive
F0135,PHL1800_HL_0527,final_selection_1800/images/hl/PHL1800_HL_0527.png,HL Dataset,boundary
F0136,PHL1800_IRFL_0262,final_selection_1800/images/irfl/PHL1800_IRFL_0262.jpg,IRFL,positive
F0137,PHL1800_HAIV_0145,final_selection_1800/images/haivmet/PHL1800_HAIV_0145.png,HAIVMet,positive
F0138,PHL1800_HL_0357,final_selection_1800/images/hl/PHL1800_HL_0357.png,HL Dataset,positive
F0139,PHL1800_HL_0341,final_selection_1800/images/hl/PHL1800_HL_0341.png,HL Dataset,positive
F0140,PHL1800_IRFL_0491,final_selection_1800/images/irfl/PHL1800_IRFL_0491.jpg,IRFL,boundary
F0141,PHL1800_HL_0189,final_selection_1800/images/hl/PHL1800_HL_0189.png,HL Dataset,positive
F0142,PHL1800_IRFL_0012,final_selection_1800/images/irfl/PHL1800_IRFL_0012.jpg,IRFL,positive
F0143,PHL1800_HL_0411,final_selection_1800/images/hl/PHL1800_HL_0411.png,HL Dataset,positive
F0144,PHL1800_IRFL_0207,final_selection_1800/images/irfl/PHL1800_IRFL_0207.jpg,IRFL,positive
F0145,PHL1800_HL_0384,final_selection_1800/images/hl/PHL1800_HL_0384.png,HL Dataset,positive
F0146,PHL1800_HAIV_0294,final_selection_1800/images/haivmet/PHL1800_HAIV_0294.png,HAIVMet,positive
F0147,PHL1800_HAIV_0364,final_selection_1800/images/haivmet/PHL1800_HAIV_0364.png,HAIVMet,positive
F0148,PHL1800_HAIV_0304,final_selection_1800/images/haivmet/PHL1800_HAIV_0304.png,HAIVMet,positive
F0149,PHL1800_MM_0137,final_selection_1800/images/mm_moral/PHL1800_MM_0137.jpg,MM-MoralBench,positive
F0150,PHL1800_MM_0143,final_selection_1800/images/mm_moral/PHL1800_MM_0143.jpg,MM-MoralBench,positive
F0151,PHL1800_IRFL_0166,final_selection_1800/images/irfl/PHL1800_IRFL_0166.jpg,IRFL,positive
F0152,PHL1800_HAIV_0358,final_selection_1800/images/haivmet/PHL1800_HAIV_0358.png,HAIVMet,positive
F0153,PHL1800_HL_0409,final_selection_1800/images/hl/PHL1800_HL_0409.png,HL Dataset,positive
F0154,PHL1800_HL_0508,final_selection_1800/images/hl/PHL1800_HL_0508.png,HL Dataset,boundary
F0155,PHL1800_IRFL_0471,final_selection_1800/images/irfl/PHL1800_IRFL_0471.jpg,IRFL,boundary
F0156,PHL1800_IRFL_0359,final_selection_1800/images/irfl/PHL1800_IRFL_0359.jpg,IRFL,positive
F0157,PHL1800_MM_0043,final_selection_1800/images/mm_moral/PHL1800_MM_0043.jpg,MM-MoralBench,positive
F0158,PHL1800_IRFL_0351,final_selection_1800/images/irfl/PHL1800_IRFL_0351.jpg,IRFL,positive
F0159,PHL1800_IRFL_0397,final_selection_1800/images/irfl/PHL1800_IRFL_0397.jpg,IRFL,positive
F0160,PHL1800_MM_0073,final_selection_1800/images/mm_moral/PHL1800_MM_0073.jpg,MM-MoralBench,positive
F0161,PHL1800_HL_0145,final_selection_1800/images/hl/PHL1800_HL_0145.png,HL Dataset,positive
F0162,PHL1800_HL_0454,final_selection_1800/images/hl/PHL1800_HL_0454.png,HL Dataset,positive
F0163,PHL1800_MM_0140,final_selection_1800/images/mm_moral/PHL1800_MM_0140.jpg,MM-MoralBench,positive
F0164,PHL1800_IRFL_0175,final_selection_1800/images/irfl/PHL1800_IRFL_0175.jpg,IRFL,positive
F0165,PHL1800_HAIV_0408,final_selection_1800/images/haivmet/PHL1800_HAIV_0408.png,HAIVMet,positive
F0166,PHL1800_HL_0167,final_selection_1800/images/hl/PHL1800_HL_0167.png,HL Dataset,positive
F0167,PHL1800_IRFL_0318,final_selection_1800/images/irfl/PHL1800_IRFL_0318.jpg,IRFL,positive
F0168,PHL1800_IRFL_0415,final_selection_1800/images/irfl/PHL1800_IRFL_0415.jpg,IRFL,positive
F0169,PHL1800_HAIV_0062,final_selection_1800/images/haivmet/PHL1800_HAIV_0062.png,HAIVMet,positive
F0170,PHL1800_HAIV_0341,final_selection_1800/images/haivmet/PHL1800_HAIV_0341.png,HAIVMet,positive
F0171,PHL1800_IRFL_0107,final_selection_1800/images/irfl/PHL1800_IRFL_0107.jpg,IRFL,positive
F0172,PHL1800_IRFL_0403,final_selection_1800/images/irfl/PHL1800_IRFL_0403.jpg,IRFL,positive
F0173,PHL1800_HL_0465,final_selection_1800/images/hl/PHL1800_HL_0465.png,HL Dataset,positive
F0174,PHL1800_HL_0472,final_selection_1800/images/hl/PHL1800_HL_0472.png,HL Dataset,positive
F0175,PHL1800_HL_0507,final_selection_1800/images/hl/PHL1800_HL_0507.png,HL Dataset,boundary
F0176,PHL1800_HL_0242,final_selection_1800/images/hl/PHL1800_HL_0242.png,HL Dataset,positive
F0177,PHL1800_IRFL_0148,final_selection_1800/images/irfl/PHL1800_IRFL_0148.jpg,IRFL,positive
F0178,PHL1800_IRFL_0407,final_selection_1800/images/irfl/PHL1800_IRFL_0407.jpg,IRFL,positive
F0179,PHL1800_HAIV_0264,final_selection_1800/images/haivmet/PHL1800_HAIV_0264.png,HAIVMet,positive
F0180,PHL1800_IRFL_0432,final_selection_1800/images/irfl/PHL1800_IRFL_0432.jpg,IRFL,boundary
F0181,PHL1800_HL_0364,final_selection_1800/images/hl/PHL1800_HL_0364.png,HL Dataset,positive
F0182,PHL1800_HAIV_0339,final_selection_1800/images/haivmet/PHL1800_HAIV_0339.png,HAIVMet,positive
F0183,PHL1800_HAIV_0287,final_selection_1800/images/haivmet/PHL1800_HAIV_0287.png,HAIVMet,positive
F0184,PHL1800_HL_0524,final_selection_1800/images/hl/PHL1800_HL_0524.png,HL Dataset,boundary
F0185,PHL1800_IRFL_0277,final_selection_1800/images/irfl/PHL1800_IRFL_0277.jpg,IRFL,positive
F0186,PHL1800_HAIV_0187,final_selection_1800/images/haivmet/PHL1800_HAIV_0187.png,HAIVMet,positive
F0187,PHL1800_IRFL_0382,final_selection_1800/images/irfl/PHL1800_IRFL_0382.jpg,IRFL,positive
F0188,PHL1800_HAIV_0256,final_selection_1800/images/haivmet/PHL1800_HAIV_0256.png,HAIVMet,positive
F0189,PHL1800_HAIV_0497,final_selection_1800/images/haivmet/PHL1800_HAIV_0497.png,HAIVMet,positive
F0190,PHL1800_MM_0090,final_selection_1800/images/mm_moral/PHL1800_MM_0090.jpg,MM-MoralBench,positive
F0191,PHL1800_MM_0118,final_selection_1800/images/mm_moral/PHL1800_MM_0118.jpg,MM-MoralBench,positive
F0192,PHL1800_HL_0352,final_selection_1800/images/hl/PHL1800_HL_0352.png,HL Dataset,positive
F0193,PHL1800_MM_0005,final_selection_1800/images/mm_moral/PHL1800_MM_0005.jpg,MM-MoralBench,positive
F0194,PHL1800_HAIV_0148,final_selection_1800/images/haivmet/PHL1800_HAIV_0148.png,HAIVMet,positive
F0195,PHL1800_HAIV_0056,final_selection_1800/images/haivmet/PHL1800_HAIV_0056.png,HAIVMet,positive
F0196,PHL1800_HAIV_0283,final_selection_1800/images/haivmet/PHL1800_HAIV_0283.png,HAIVMet,positive
F0197,PHL1800_HAIV_0219,final_selection_1800/images/haivmet/PHL1800_HAIV_0219.png,HAIVMet,positive
F0198,PHL1800_HL_0478,final_selection_1800/images/hl/PHL1800_HL_0478.png,HL Dataset,positive
F0199,PHL1800_IRFL_0249,final_selection_1800/images/irfl/PHL1800_IRFL_0249.jpg,IRFL,positive
F0200,PHL1800_IRFL_0072,final_selection_1800/images/irfl/PHL1800_IRFL_0072.jpg,IRFL,positive
F0201,PHL1800_HAIV_0054,final_selection_1800/images/haivmet/PHL1800_HAIV_0054.png,HAIVMet,positive
F0202,PHL1800_HL_0309,final_selection_1800/images/hl/PHL1800_HL_0309.png,HL Dataset,positive
F0203,PHL1800_IRFL_0269,final_selection_1800/images/irfl/PHL1800_IRFL_0269.jpg,IRFL,positive
F0204,PHL1800_IRFL_0017,final_selection_1800/images/irfl/PHL1800_IRFL_0017.jpg,IRFL,positive
F0205,PHL1800_HAIV_0538,final_selection_1800/images/haivmet/PHL1800_HAIV_0538.png,HAIVMet,positive
F0206,PHL1800_IRFL_0483,final_selection_1800/images/irfl/PHL1800_IRFL_0483.jpg,IRFL,boundary
F0207,PHL1800_HAIV_0434,final_selection_1800/images/haivmet/PHL1800_HAIV_0434.png,HAIVMet,positive
F0208,PHL1800_HAIV_0335,final_selection_1800/images/haivmet/PHL1800_HAIV_0335.png,HAIVMet,positive
F0209,PHL1800_IRFL_0115,final_selection_1800/images/irfl/PHL1800_IRFL_0115.jpg,IRFL,positive
F0210,PHL1800_IRFL_0205,final_selection_1800/images/irfl/PHL1800_IRFL_0205.jpg,IRFL,positive
F0211,PHL1800_IRFL_0082,final_selection_1800/images/irfl/PHL1800_IRFL_0082.jpg,IRFL,positive
F0212,PHL1800_HL_0302,final_selection_1800/images/hl/PHL1800_HL_0302.png,HL Dataset,positive
F0213,PHL1800_MM_0147,final_selection_1800/images/mm_moral/PHL1800_MM_0147.jpg,MM-MoralBench,positive
F0214,PHL1800_HAIV_0461,final_selection_1800/images/haivmet/PHL1800_HAIV_0461.png,HAIVMet,positive
F0215,PHL1800_HL_0250,final_selection_1800/images/hl/PHL1800_HL_0250.png,HL Dataset,positive
F0216,PHL1800_HAIV_0045,final_selection_1800/images/haivmet/PHL1800_HAIV_0045.png,HAIVMet,positive
F0217,PHL1800_HAIV_0004,final_selection_1800/images/haivmet/PHL1800_HAIV_0004.png,HAIVMet,positive
F0218,PHL1800_HAIV_0430,final_selection_1800/images/haivmet/PHL1800_HAIV_0430.png,HAIVMet,positive
F0219,PHL1800_MM_0089,final_selection_1800/images/mm_moral/PHL1800_MM_0089.jpg,MM-MoralBench,positive
F0220,PHL1800_HAIV_0137,final_selection_1800/images/haivmet/PHL1800_HAIV_0137.png,HAIVMet,positive
F0221,PHL1800_HAIV_0021,final_selection_1800/images/haivmet/PHL1800_HAIV_0021.png,HAIVMet,positive
F0222,PHL1800_IRFL_0202,final_selection_1800/images/irfl/PHL1800_IRFL_0202.jpg,IRFL,positive
F0223,PHL1800_HAIV_0122,final_selection_1800/images/haivmet/PHL1800_HAIV_0122.png,HAIVMet,positive
F0224,PHL1800_HL_0422,final_selection_1800/images/hl/PHL1800_HL_0422.png,HL Dataset,positive
F0225,PHL1800_HL_0192,final_selection_1800/images/hl/PHL1800_HL_0192.png,HL Dataset,positive
F0226,PHL1800_HAIV_0436,final_selection_1800/images/haivmet/PHL1800_HAIV_0436.png,HAIVMet,positive
F0227,PHL1800_IRFL_0147,final_selection_1800/images/irfl/PHL1800_IRFL_0147.jpg,IRFL,positive
F0228,PHL1800_HAIV_0355,final_selection_1800/images/haivmet/PHL1800_HAIV_0355.png,HAIVMet,positive
F0229,PHL1800_HL_0049,final_selection_1800/images/hl/PHL1800_HL_0049.png,HL Dataset,positive
F0230,PHL1800_HL_0082,final_selection_1800/images/hl/PHL1800_HL_0082.png,HL Dataset,positive
F0231,PHL1800_IRFL_0474,final_selection_1800/images/irfl/PHL1800_IRFL_0474.jpg,IRFL,boundary
F0232,PHL1800_HAIV_0291,final_selection_1800/images/haivmet/PHL1800_HAIV_0291.png,HAIVMet,positive
F0233,PHL1800_HAIV_0224,final_selection_1800/images/haivmet/PHL1800_HAIV_0224.png,HAIVMet,positive
F0234,PHL1800_IRFL_0170,final_selection_1800/images/irfl/PHL1800_IRFL_0170.jpg,IRFL,positive
F0235,PHL1800_HAIV_0519,final_selection_1800/images/haivmet/PHL1800_HAIV_0519.png,HAIVMet,positive
F0236,PHL1800_HL_0410,final_selection_1800/images/hl/PHL1800_HL_0410.png,HL Dataset,positive
F0237,PHL1800_IRFL_0127,final_selection_1800/images/irfl/PHL1800_IRFL_0127.jpg,IRFL,positive
F0238,PHL1800_HL_0115,final_selection_1800/images/hl/PHL1800_HL_0115.png,HL Dataset,positive
F0239,PHL1800_IRFL_0050,final_selection_1800/images/irfl/PHL1800_IRFL_0050.jpg,IRFL,positive
F0240,PHL1800_HAIV_0096,final_selection_1800/images/haivmet/PHL1800_HAIV_0096.png,HAIVMet,positive
F0241,PHL1800_HL_0046,final_selection_1800/images/hl/PHL1800_HL_0046.png,HL Dataset,positive
F0242,PHL1800_HL_0245,final_selection_1800/images/hl/PHL1800_HL_0245.png,HL Dataset,positive
F0243,PHL1800_HL_0274,final_selection_1800/images/hl/PHL1800_HL_0274.png,HL Dataset,positive
F0244,PHL1800_HAIV_0308,final_selection_1800/images/haivmet/PHL1800_HAIV_0308.png,HAIVMet,positive
F0245,PHL1800_IRFL_0456,final_selection_1800/images/irfl/PHL1800_IRFL_0456.jpg,IRFL,boundary
F0246,PHL1800_IRFL_0100,final_selection_1800/images/irfl/PHL1800_IRFL_0100.jpg,IRFL,positive
F0247,PHL1800_HL_0031,final_selection_1800/images/hl/PHL1800_HL_0031.png,HL Dataset,positive
F0248,PHL1800_HL_0340,final_selection_1800/images/hl/PHL1800_HL_0340.png,HL Dataset,positive
F0249,PHL1800_HL_0016,final_selection_1800/images/hl/PHL1800_HL_0016.png,HL Dataset,positive
F0250,PHL1800_HL_0186,final_selection_1800/images/hl/PHL1800_HL_0186.png,HL Dataset,positive
F0251,PHL1800_IRFL_0250,final_selection_1800/images/irfl/PHL1800_IRFL_0250.jpg,IRFL,positive
F0252,PHL1800_MM_0138,final_selection_1800/images/mm_moral/PHL1800_MM_0138.jpg,MM-MoralBench,positive
F0253,PHL1800_HAIV_0011,final_selection_1800/images/haivmet/PHL1800_HAIV_0011.png,HAIVMet,positive
F0254,PHL1800_HAIV_0512,final_selection_1800/images/haivmet/PHL1800_HAIV_0512.png,HAIVMet,positive
F0255,PHL1800_IRFL_0040,final_selection_1800/images/irfl/PHL1800_IRFL_0040.jpg,IRFL,positive
F0256,PHL1800_IRFL_0375,final_selection_1800/images/irfl/PHL1800_IRFL_0375.jpg,IRFL,positive
F0257,PHL1800_HL_0098,final_selection_1800/images/hl/PHL1800_HL_0098.png,HL Dataset,positive
F0258,PHL1800_HL_0583,final_selection_1800/images/hl/PHL1800_HL_0583.png,HL Dataset,boundary
F0259,PHL1800_IRFL_0426,final_selection_1800/images/irfl/PHL1800_IRFL_0426.jpg,IRFL,boundary
F0260,PHL1800_HL_0491,final_selection_1800/images/hl/PHL1800_HL_0491.png,HL Dataset,positive
F0261,PHL1800_HAIV_0484,final_selection_1800/images/haivmet/PHL1800_HAIV_0484.png,HAIVMet,positive
F0262,PHL1800_HL_0058,final_selection_1800/images/hl/PHL1800_HL_0058.png,HL Dataset,positive
F0263,PHL1800_IRFL_0261,final_selection_1800/images/irfl/PHL1800_IRFL_0261.jpg,IRFL,positive
F0264,PHL1800_HL_0184,final_selection_1800/images/hl/PHL1800_HL_0184.png,HL Dataset,positive
F0265,PHL1800_HAIV_0424,final_selection_1800/images/haivmet/PHL1800_HAIV_0424.png,HAIVMet,positive
F0266,PHL1800_HL_0169,final_selection_1800/images/hl/PHL1800_HL_0169.png,HL Dataset,positive
F0267,PHL1800_HAIV_0170,final_selection_1800/images/haivmet/PHL1800_HAIV_0170.png,HAIVMet,positive
F0268,PHL1800_HAIV_0211,final_selection_1800/images/haivmet/PHL1800_HAIV_0211.png,HAIVMet,positive
F0269,PHL1800_IRFL_0437,final_selection_1800/images/irfl/PHL1800_IRFL_0437.jpg,IRFL,boundary
F0270,PHL1800_HL_0543,final_selection_1800/images/hl/PHL1800_HL_0543.png,HL Dataset,boundary
F0271,PHL1800_HAIV_0336,final_selection_1800/images/haivmet/PHL1800_HAIV_0336.png,HAIVMet,positive
F0272,PHL1800_HAIV_0502,final_selection_1800/images/haivmet/PHL1800_HAIV_0502.png,HAIVMet,positive
F0273,PHL1800_HL_0252,final_selection_1800/images/hl/PHL1800_HL_0252.png,HL Dataset,positive
F0274,PHL1800_HL_0447,final_selection_1800/images/hl/PHL1800_HL_0447.png,HL Dataset,positive
F0275,PHL1800_HL_0479,final_selection_1800/images/hl/PHL1800_HL_0479.png,HL Dataset,positive
F0276,PHL1800_HL_0202,final_selection_1800/images/hl/PHL1800_HL_0202.png,HL Dataset,positive
F0277,PHL1800_HAIV_0479,final_selection_1800/images/haivmet/PHL1800_HAIV_0479.png,HAIVMet,positive
F0278,PHL1800_MM_0124,final_selection_1800/images/mm_moral/PHL1800_MM_0124.jpg,MM-MoralBench,positive
F0279,PHL1800_HAIV_0166,final_selection_1800/images/haivmet/PHL1800_HAIV_0166.png,HAIVMet,positive
F0280,PHL1800_HAIV_0419,final_selection_1800/images/haivmet/PHL1800_HAIV_0419.png,HAIVMet,positive
F0281,PHL1800_HAIV_0168,final_selection_1800/images/haivmet/PHL1800_HAIV_0168.png,HAIVMet,positive
F0282,PHL1800_IRFL_0204,final_selection_1800/images/irfl/PHL1800_IRFL_0204.jpg,IRFL,positive
F0283,PHL1800_HAIV_0295,final_selection_1800/images/haivmet/PHL1800_HAIV_0295.png,HAIVMet,positive
F0284,PHL1800_MM_0030,final_selection_1800/images/mm_moral/PHL1800_MM_0030.jpg,MM-MoralBench,positive
F0285,PHL1800_HL_0249,final_selection_1800/images/hl/PHL1800_HL_0249.png,HL Dataset,positive
F0286,PHL1800_IRFL_0327,final_selection_1800/images/irfl/PHL1800_IRFL_0327.jpg,IRFL,positive
F0287,PHL1800_HAIV_0435,final_selection_1800/images/haivmet/PHL1800_HAIV_0435.png,HAIVMet,positive
F0288,PHL1800_HAIV_0041,final_selection_1800/images/haivmet/PHL1800_HAIV_0041.png,HAIVMet,positive
F0289,PHL1800_IRFL_0339,final_selection_1800/images/irfl/PHL1800_IRFL_0339.jpg,IRFL,positive
F0290,PHL1800_IRFL_0064,final_selection_1800/images/irfl/PHL1800_IRFL_0064.jpg,IRFL,positive
F0291,PHL1800_IRFL_0003,final_selection_1800/images/irfl/PHL1800_IRFL_0003.jpg,IRFL,positive
F0292,PHL1800_HAIV_0374,final_selection_1800/images/haivmet/PHL1800_HAIV_0374.png,HAIVMet,positive
F0293,PHL1800_IRFL_0145,final_selection_1800/images/irfl/PHL1800_IRFL_0145.jpg,IRFL,positive
F0294,PHL1800_HAIV_0167,final_selection_1800/images/haivmet/PHL1800_HAIV_0167.png,HAIVMet,positive
F0295,PHL1800_MM_0033,final_selection_1800/images/mm_moral/PHL1800_MM_0033.jpg,MM-MoralBench,positive
F0296,PHL1800_IRFL_0171,final_selection_1800/images/irfl/PHL1800_IRFL_0171.jpg,IRFL,positive
F0297,PHL1800_IRFL_0326,final_selection_1800/images/irfl/PHL1800_IRFL_0326.jpg,IRFL,positive
F0298,PHL1800_HL_0050,final_selection_1800/images/hl/PHL1800_HL_0050.png,HL Dataset,positive
F0299,PHL1800_HAIV_0059,final_selection_1800/images/haivmet/PHL1800_HAIV_0059.png,HAIVMet,positive
F0300,PHL1800_HL_0187,final_selection_1800/images/hl/PHL1800_HL_0187.png,HL Dataset,positive
F0301,PHL1800_HAIV_0483,final_selection_1800/images/haivmet/PHL1800_HAIV_0483.png,HAIVMet,positive
F0302,PHL1800_HL_0026,final_selection_1800/images/hl/PHL1800_HL_0026.png,HL Dataset,positive
F0303,PHL1800_HL_0517,final_selection_1800/images/hl/PHL1800_HL_0517.png,HL Dataset,boundary
F0304,PHL1800_IRFL_0165,final_selection_1800/images/irfl/PHL1800_IRFL_0165.jpg,IRFL,positive
F0305,PHL1800_HL_0503,final_selection_1800/images/hl/PHL1800_HL_0503.png,HL Dataset,boundary
F0306,PHL1800_HAIV_0083,final_selection_1800/images/haivmet/PHL1800_HAIV_0083.png,HAIVMet,positive
F0307,PHL1800_HAIV_0495,final_selection_1800/images/haivmet/PHL1800_HAIV_0495.png,HAIVMet,positive
F0308,PHL1800_HL_0319,final_selection_1800/images/hl/PHL1800_HL_0319.png,HL Dataset,positive
F0309,PHL1800_HL_0566,final_selection_1800/images/hl/PHL1800_HL_0566.png,HL Dataset,boundary
F0310,PHL1800_IRFL_0164,final_selection_1800/images/irfl/PHL1800_IRFL_0164.jpg,IRFL,positive
F0311,PHL1800_HAIV_0365,final_selection_1800/images/haivmet/PHL1800_HAIV_0365.png,HAIVMet,positive
F0312,PHL1800_HAIV_0494,final_selection_1800/images/haivmet/PHL1800_HAIV_0494.png,HAIVMet,positive
F0313,PHL1800_HL_0426,final_selection_1800/images/hl/PHL1800_HL_0426.png,HL Dataset,positive
F0314,PHL1800_HAIV_0406,final_selection_1800/images/haivmet/PHL1800_HAIV_0406.png,HAIVMet,positive
F0315,PHL1800_HAIV_0449,final_selection_1800/images/haivmet/PHL1800_HAIV_0449.png,HAIVMet,positive
F0316,PHL1800_IRFL_0163,final_selection_1800/images/irfl/PHL1800_IRFL_0163.jpg,IRFL,positive
F0317,PHL1800_IRFL_0337,final_selection_1800/images/irfl/PHL1800_IRFL_0337.jpg,IRFL,positive
F0318,PHL1800_HL_0538,final_selection_1800/images/hl/PHL1800_HL_0538.png,HL Dataset,boundary
F0319,PHL1800_MM_0046,final_selection_1800/images/mm_moral/PHL1800_MM_0046.jpg,MM-MoralBench,positive
F0320,PHL1800_HL_0291,final_selection_1800/images/hl/PHL1800_HL_0291.png,HL Dataset,positive
F0321,PHL1800_HAIV_0251,final_selection_1800/images/haivmet/PHL1800_HAIV_0251.png,HAIVMet,positive
F0322,PHL1800_HAIV_0317,final_selection_1800/images/haivmet/PHL1800_HAIV_0317.png,HAIVMet,positive
F0323,PHL1800_MM_0024,final_selection_1800/images/mm_moral/PHL1800_MM_0024.jpg,MM-MoralBench,positive
F0324,PHL1800_MM_0080,final_selection_1800/images/mm_moral/PHL1800_MM_0080.jpg,MM-MoralBench,positive
F0325,PHL1800_HAIV_0385,final_selection_1800/images/haivmet/PHL1800_HAIV_0385.png,HAIVMet,positive
F0326,PHL1800_MM_0084,final_selection_1800/images/mm_moral/PHL1800_MM_0084.jpg,MM-MoralBench,positive
F0327,PHL1800_HAIV_0391,final_selection_1800/images/haivmet/PHL1800_HAIV_0391.png,HAIVMet,positive
F0328,PHL1800_HL_0036,final_selection_1800/images/hl/PHL1800_HL_0036.png,HL Dataset,positive
F0329,PHL1800_IRFL_0246,final_selection_1800/images/irfl/PHL1800_IRFL_0246.jpg,IRFL,positive
F0330,PHL1800_HAIV_0234,final_selection_1800/images/haivmet/PHL1800_HAIV_0234.png,HAIVMet,positive
F0331,PHL1800_IRFL_0279,final_selection_1800/images/irfl/PHL1800_IRFL_0279.jpg,IRFL,positive
F0332,PHL1800_IRFL_0291,final_selection_1800/images/irfl/PHL1800_IRFL_0291.jpg,IRFL,positive
F0333,PHL1800_IRFL_0443,final_selection_1800/images/irfl/PHL1800_IRFL_0443.jpg,IRFL,boundary
F0334,PHL1800_IRFL_0243,final_selection_1800/images/irfl/PHL1800_IRFL_0243.jpg,IRFL,positive
F0335,PHL1800_IRFL_0330,final_selection_1800/images/irfl/PHL1800_IRFL_0330.jpg,IRFL,positive
F0336,PHL1800_MM_0085,final_selection_1800/images/mm_moral/PHL1800_MM_0085.jpg,MM-MoralBench,positive
F0337,PHL1800_IRFL_0118,final_selection_1800/images/irfl/PHL1800_IRFL_0118.jpg,IRFL,positive
F0338,PHL1800_IRFL_0213,final_selection_1800/images/irfl/PHL1800_IRFL_0213.jpg,IRFL,positive
F0339,PHL1800_IRFL_0187,final_selection_1800/images/irfl/PHL1800_IRFL_0187.jpg,IRFL,positive
F0340,PHL1800_MM_0053,final_selection_1800/images/mm_moral/PHL1800_MM_0053.jpg,MM-MoralBench,positive
F0341,PHL1800_IRFL_0492,final_selection_1800/images/irfl/PHL1800_IRFL_0492.jpg,IRFL,boundary
F0342,PHL1800_HAIV_0326,final_selection_1800/images/haivmet/PHL1800_HAIV_0326.png,HAIVMet,positive
F0343,PHL1800_HL_0362,final_selection_1800/images/hl/PHL1800_HL_0362.png,HL Dataset,positive
F0344,PHL1800_HL_0290,final_selection_1800/images/hl/PHL1800_HL_0290.png,HL Dataset,positive
F0345,PHL1800_HAIV_0530,final_selection_1800/images/haivmet/PHL1800_HAIV_0530.png,HAIVMet,positive
F0346,PHL1800_MM_0067,final_selection_1800/images/mm_moral/PHL1800_MM_0067.jpg,MM-MoralBench,positive
F0347,PHL1800_HL_0298,final_selection_1800/images/hl/PHL1800_HL_0298.png,HL Dataset,positive
F0348,PHL1800_IRFL_0224,final_selection_1800/images/irfl/PHL1800_IRFL_0224.jpg,IRFL,positive
F0349,PHL1800_HAIV_0503,final_selection_1800/images/haivmet/PHL1800_HAIV_0503.png,HAIVMet,positive
F0350,PHL1800_IRFL_0363,final_selection_1800/images/irfl/PHL1800_IRFL_0363.jpg,IRFL,positive
F0351,PHL1800_HAIV_0001,final_selection_1800/images/haivmet/PHL1800_HAIV_0001.png,HAIVMet,positive
F0352,PHL1800_HAIV_0411,final_selection_1800/images/haivmet/PHL1800_HAIV_0411.png,HAIVMet,positive
F0353,PHL1800_HL_0445,final_selection_1800/images/hl/PHL1800_HL_0445.png,HL Dataset,positive
F0354,PHL1800_HAIV_0196,final_selection_1800/images/haivmet/PHL1800_HAIV_0196.png,HAIVMet,positive
F0355,PHL1800_HAIV_0373,final_selection_1800/images/haivmet/PHL1800_HAIV_0373.png,HAIVMet,positive
F0356,PHL1800_IRFL_0117,final_selection_1800/images/irfl/PHL1800_IRFL_0117.jpg,IRFL,positive
F0357,PHL1800_IRFL_0046,final_selection_1800/images/irfl/PHL1800_IRFL_0046.jpg,IRFL,positive
F0358,PHL1800_IRFL_0024,final_selection_1800/images/irfl/PHL1800_IRFL_0024.jpg,IRFL,positive
F0359,PHL1800_IRFL_0034,final_selection_1800/images/irfl/PHL1800_IRFL_0034.jpg,IRFL,positive
F0360,PHL1800_IRFL_0102,final_selection_1800/images/irfl/PHL1800_IRFL_0102.jpg,IRFL,positive
F0361,PHL1800_HAIV_0259,final_selection_1800/images/haivmet/PHL1800_HAIV_0259.png,HAIVMet,positive
F0362,PHL1800_HL_0565,final_selection_1800/images/hl/PHL1800_HL_0565.png,HL Dataset,boundary
F0363,PHL1800_HL_0425,final_selection_1800/images/hl/PHL1800_HL_0425.png,HL Dataset,positive
F0364,PHL1800_IRFL_0211,final_selection_1800/images/irfl/PHL1800_IRFL_0211.jpg,IRFL,positive
F0365,PHL1800_HAIV_0249,final_selection_1800/images/haivmet/PHL1800_HAIV_0249.png,HAIVMet,positive
F0366,PHL1800_HL_0206,final_selection_1800/images/hl/PHL1800_HL_0206.png,HL Dataset,positive
F0367,PHL1800_HL_0219,final_selection_1800/images/hl/PHL1800_HL_0219.png,HL Dataset,positive
F0368,PHL1800_HL_0119,final_selection_1800/images/hl/PHL1800_HL_0119.png,HL Dataset,positive
F0369,PHL1800_IRFL_0086,final_selection_1800/images/irfl/PHL1800_IRFL_0086.jpg,IRFL,positive
F0370,PHL1800_HL_0190,final_selection_1800/images/hl/PHL1800_HL_0190.png,HL Dataset,positive
F0371,PHL1800_HL_0142,final_selection_1800/images/hl/PHL1800_HL_0142.png,HL Dataset,positive
F0372,PHL1800_IRFL_0489,final_selection_1800/images/irfl/PHL1800_IRFL_0489.jpg,IRFL,boundary
F0373,PHL1800_HL_0324,final_selection_1800/images/hl/PHL1800_HL_0324.png,HL Dataset,positive
F0374,PHL1800_HL_0377,final_selection_1800/images/hl/PHL1800_HL_0377.png,HL Dataset,positive
F0375,PHL1800_IRFL_0478,final_selection_1800/images/irfl/PHL1800_IRFL_0478.jpg,IRFL,boundary
F0376,PHL1800_HL_0444,final_selection_1800/images/hl/PHL1800_HL_0444.png,HL Dataset,positive
F0377,PHL1800_HL_0312,final_selection_1800/images/hl/PHL1800_HL_0312.png,HL Dataset,positive
F0378,PHL1800_HL_0512,final_selection_1800/images/hl/PHL1800_HL_0512.png,HL Dataset,boundary
F0379,PHL1800_HAIV_0143,final_selection_1800/images/haivmet/PHL1800_HAIV_0143.png,HAIVMet,positive
F0380,PHL1800_HL_0551,final_selection_1800/images/hl/PHL1800_HL_0551.png,HL Dataset,boundary
F0381,PHL1800_HL_0239,final_selection_1800/images/hl/PHL1800_HL_0239.png,HL Dataset,positive
F0382,PHL1800_IRFL_0122,final_selection_1800/images/irfl/PHL1800_IRFL_0122.jpg,IRFL,positive
F0383,PHL1800_IRFL_0428,final_selection_1800/images/irfl/PHL1800_IRFL_0428.jpg,IRFL,boundary
F0384,PHL1800_HL_0326,final_selection_1800/images/hl/PHL1800_HL_0326.png,HL Dataset,positive
F0385,PHL1800_IRFL_0453,final_selection_1800/images/irfl/PHL1800_IRFL_0453.jpg,IRFL,boundary
F0386,PHL1800_HAIV_0354,final_selection_1800/images/haivmet/PHL1800_HAIV_0354.png,HAIVMet,positive
F0387,PHL1800_HAIV_0003,final_selection_1800/images/haivmet/PHL1800_HAIV_0003.png,HAIVMet,positive
F0388,PHL1800_HL_0356,final_selection_1800/images/hl/PHL1800_HL_0356.png,HL Dataset,positive
F0389,PHL1800_IRFL_0104,final_selection_1800/images/irfl/PHL1800_IRFL_0104.jpg,IRFL,positive
F0390,PHL1800_HL_0272,final_selection_1800/images/hl/PHL1800_HL_0272.png,HL Dataset,positive
F0391,PHL1800_HL_0276,final_selection_1800/images/hl/PHL1800_HL_0276.png,HL Dataset,positive
F0392,PHL1800_HL_0390,final_selection_1800/images/hl/PHL1800_HL_0390.png,HL Dataset,positive
F0393,PHL1800_HL_0488,final_selection_1800/images/hl/PHL1800_HL_0488.png,HL Dataset,positive
F0394,PHL1800_HAIV_0067,final_selection_1800/images/haivmet/PHL1800_HAIV_0067.png,HAIVMet,positive
F0395,PHL1800_HAIV_0388,final_selection_1800/images/haivmet/PHL1800_HAIV_0388.png,HAIVMet,positive
F0396,PHL1800_IRFL_0293,final_selection_1800/images/irfl/PHL1800_IRFL_0293.jpg,IRFL,positive
F0397,PHL1800_IRFL_0308,final_selection_1800/images/irfl/PHL1800_IRFL_0308.jpg,IRFL,positive
F0398,PHL1800_IRFL_0464,final_selection_1800/images/irfl/PHL1800_IRFL_0464.jpg,IRFL,boundary
F0399,PHL1800_IRFL_0402,final_selection_1800/images/irfl/PHL1800_IRFL_0402.jpg,IRFL,positive
F0400,PHL1800_HAIV_0115,final_selection_1800/images/haivmet/PHL1800_HAIV_0115.png,HAIVMet,positive
F0401,PHL1800_MM_0078,final_selection_1800/images/mm_moral/PHL1800_MM_0078.jpg,MM-MoralBench,positive
F0402,PHL1800_HL_0180,final_selection_1800/images/hl/PHL1800_HL_0180.png,HL Dataset,positive
F0403,PHL1800_IRFL_0038,final_selection_1800/images/irfl/PHL1800_IRFL_0038.jpg,IRFL,positive
F0404,PHL1800_HAIV_0327,final_selection_1800/images/haivmet/PHL1800_HAIV_0327.png,HAIVMet,positive
F0405,PHL1800_HL_0385,final_selection_1800/images/hl/PHL1800_HL_0385.png,HL Dataset,positive
F0406,PHL1800_IRFL_0042,final_selection_1800/images/irfl/PHL1800_IRFL_0042.jpg,IRFL,positive
F0407,PHL1800_IRFL_0284,final_selection_1800/images/irfl/PHL1800_IRFL_0284.jpg,IRFL,positive
F0408,PHL1800_HAIV_0028,final_selection_1800/images/haivmet/PHL1800_HAIV_0028.png,HAIVMet,positive
F0409,PHL1800_HL_0266,final_selection_1800/images/hl/PHL1800_HL_0266.png,HL Dataset,positive
F0410,PHL1800_HL_0415,final_selection_1800/images/hl/PHL1800_HL_0415.png,HL Dataset,positive
F0411,PHL1800_HAIV_0260,final_selection_1800/images/haivmet/PHL1800_HAIV_0260.png,HAIVMet,positive
F0412,PHL1800_MM_0049,final_selection_1800/images/mm_moral/PHL1800_MM_0049.jpg,MM-MoralBench,positive
F0413,PHL1800_IRFL_0126,final_selection_1800/images/irfl/PHL1800_IRFL_0126.jpg,IRFL,positive
F0414,PHL1800_HL_0367,final_selection_1800/images/hl/PHL1800_HL_0367.png,HL Dataset,positive
F0415,PHL1800_HAIV_0208,final_selection_1800/images/haivmet/PHL1800_HAIV_0208.png,HAIVMet,positive
F0416,PHL1800_HAIV_0350,final_selection_1800/images/haivmet/PHL1800_HAIV_0350.png,HAIVMet,positive
F0417,PHL1800_HL_0295,final_selection_1800/images/hl/PHL1800_HL_0295.png,HL Dataset,positive
F0418,PHL1800_HAIV_0121,final_selection_1800/images/haivmet/PHL1800_HAIV_0121.png,HAIVMet,positive
F0419,PHL1800_HL_0073,final_selection_1800/images/hl/PHL1800_HL_0073.png,HL Dataset,positive
F0420,PHL1800_IRFL_0132,final_selection_1800/images/irfl/PHL1800_IRFL_0132.jpg,IRFL,positive
F0421,PHL1800_IRFL_0214,final_selection_1800/images/irfl/PHL1800_IRFL_0214.jpg,IRFL,positive
F0422,PHL1800_HL_0429,final_selection_1800/images/hl/PHL1800_HL_0429.png,HL Dataset,positive
F0423,PHL1800_HAIV_0481,final_selection_1800/images/haivmet/PHL1800_HAIV_0481.png,HAIVMet,positive
F0424,PHL1800_IRFL_0427,final_selection_1800/images/irfl/PHL1800_IRFL_0427.jpg,IRFL,boundary
F0425,PHL1800_HL_0218,final_selection_1800/images/hl/PHL1800_HL_0218.png,HL Dataset,positive
F0426,PHL1800_IRFL_0408,final_selection_1800/images/irfl/PHL1800_IRFL_0408.jpg,IRFL,positive
F0427,PHL1800_IRFL_0063,final_selection_1800/images/irfl/PHL1800_IRFL_0063.jpg,IRFL,positive
F0428,PHL1800_HL_0533,final_selection_1800/images/hl/PHL1800_HL_0533.png,HL Dataset,boundary
F0429,PHL1800_IRFL_0076,final_selection_1800/images/irfl/PHL1800_IRFL_0076.jpg,IRFL,positive
F0430,PHL1800_HAIV_0050,final_selection_1800/images/haivmet/PHL1800_HAIV_0050.png,HAIVMet,positive
F0431,PHL1800_HAIV_0403,final_selection_1800/images/haivmet/PHL1800_HAIV_0403.png,HAIVMet,positive
F0432,PHL1800_HAIV_0177,final_selection_1800/images/haivmet/PHL1800_HAIV_0177.png,HAIVMet,positive
F0433,PHL1800_HL_0395,final_selection_1800/images/hl/PHL1800_HL_0395.png,HL Dataset,positive
F0434,PHL1800_HL_0576,final_selection_1800/images/hl/PHL1800_HL_0576.png,HL Dataset,boundary
F0435,PHL1800_IRFL_0498,final_selection_1800/images/irfl/PHL1800_IRFL_0498.jpg,IRFL,boundary
F0436,PHL1800_MM_0142,final_selection_1800/images/mm_moral/PHL1800_MM_0142.jpg,MM-MoralBench,positive
F0437,PHL1800_HAIV_0458,final_selection_1800/images/haivmet/PHL1800_HAIV_0458.png,HAIVMet,positive
F0438,PHL1800_MM_0045,final_selection_1800/images/mm_moral/PHL1800_MM_0045.jpg,MM-MoralBench,positive
F0439,PHL1800_HL_0038,final_selection_1800/images/hl/PHL1800_HL_0038.png,HL Dataset,positive
F0440,PHL1800_HAIV_0417,final_selection_1800/images/haivmet/PHL1800_HAIV_0417.png,HAIVMet,positive
F0441,PHL1800_HL_0146,final_selection_1800/images/hl/PHL1800_HL_0146.png,HL Dataset,positive
F0442,PHL1800_IRFL_0067,final_selection_1800/images/irfl/PHL1800_IRFL_0067.jpg,IRFL,positive
F0443,PHL1800_HL_0240,final_selection_1800/images/hl/PHL1800_HL_0240.png,HL Dataset,positive
F0444,PHL1800_IRFL_0328,final_selection_1800/images/irfl/PHL1800_IRFL_0328.jpg,IRFL,positive
F0445,PHL1800_IRFL_0452,final_selection_1800/images/irfl/PHL1800_IRFL_0452.jpg,IRFL,boundary
F0446,PHL1800_MM_0025,final_selection_1800/images/mm_moral/PHL1800_MM_0025.jpg,MM-MoralBench,positive
F0447,PHL1800_HL_0489,final_selection_1800/images/hl/PHL1800_HL_0489.png,HL Dataset,positive
F0448,PHL1800_HL_0112,final_selection_1800/images/hl/PHL1800_HL_0112.png,HL Dataset,positive
F0449,PHL1800_HAIV_0297,final_selection_1800/images/haivmet/PHL1800_HAIV_0297.png,HAIVMet,positive
F0450,PHL1800_HL_0015,final_selection_1800/images/hl/PHL1800_HL_0015.png,HL Dataset,positive
F0451,PHL1800_HL_0553,final_selection_1800/images/hl/PHL1800_HL_0553.png,HL Dataset,boundary
F0452,PHL1800_HAIV_0438,final_selection_1800/images/haivmet/PHL1800_HAIV_0438.png,HAIVMet,positive
F0453,PHL1800_HL_0570,final_selection_1800/images/hl/PHL1800_HL_0570.png,HL Dataset,boundary
F0454,PHL1800_HL_0421,final_selection_1800/images/hl/PHL1800_HL_0421.png,HL Dataset,positive
F0455,PHL1800_HAIV_0123,final_selection_1800/images/haivmet/PHL1800_HAIV_0123.png,HAIVMet,positive
F0456,PHL1800_HL_0547,final_selection_1800/images/hl/PHL1800_HL_0547.png,HL Dataset,boundary
F0457,PHL1800_HAIV_0469,final_selection_1800/images/haivmet/PHL1800_HAIV_0469.png,HAIVMet,positive
F0458,PHL1800_HL_0042,final_selection_1800/images/hl/PHL1800_HL_0042.png,HL Dataset,positive
F0459,PHL1800_HL_0257,final_selection_1800/images/hl/PHL1800_HL_0257.png,HL Dataset,positive
F0460,PHL1800_HL_0456,final_selection_1800/images/hl/PHL1800_HL_0456.png,HL Dataset,positive
F0461,PHL1800_HL_0088,final_selection_1800/images/hl/PHL1800_HL_0088.png,HL Dataset,positive
F0462,PHL1800_HAIV_0091,final_selection_1800/images/haivmet/PHL1800_HAIV_0091.png,HAIVMet,positive
F0463,PHL1800_HAIV_0550,final_selection_1800/images/haivmet/PHL1800_HAIV_0550.png,HAIVMet,positive
F0464,PHL1800_IRFL_0069,final_selection_1800/images/irfl/PHL1800_IRFL_0069.jpg,IRFL,positive
F0465,PHL1800_HL_0600,final_selection_1800/images/hl/PHL1800_HL_0600.png,HL Dataset,boundary
F0466,PHL1800_HL_0502,final_selection_1800/images/hl/PHL1800_HL_0502.png,HL Dataset,boundary
F0467,PHL1800_HL_0530,final_selection_1800/images/hl/PHL1800_HL_0530.png,HL Dataset,boundary
F0468,PHL1800_IRFL_0113,final_selection_1800/images/irfl/PHL1800_IRFL_0113.jpg,IRFL,positive
F0469,PHL1800_HAIV_0470,final_selection_1800/images/haivmet/PHL1800_HAIV_0470.png,HAIVMet,positive
F0470,PHL1800_IRFL_0105,final_selection_1800/images/irfl/PHL1800_IRFL_0105.jpg,IRFL,positive
F0471,PHL1800_HAIV_0026,final_selection_1800/images/haivmet/PHL1800_HAIV_0026.png,HAIVMet,positive
F0472,PHL1800_HAIV_0421,final_selection_1800/images/haivmet/PHL1800_HAIV_0421.png,HAIVMet,positive
F0473,PHL1800_HL_0011,final_selection_1800/images/hl/PHL1800_HL_0011.png,HL Dataset,positive
F0474,PHL1800_IRFL_0011,final_selection_1800/images/irfl/PHL1800_IRFL_0011.jpg,IRFL,positive
F0475,PHL1800_IRFL_0410,final_selection_1800/images/irfl/PHL1800_IRFL_0410.jpg,IRFL,positive
F0476,PHL1800_HL_0001,final_selection_1800/images/hl/PHL1800_HL_0001.png,HL Dataset,positive
F0477,PHL1800_IRFL_0435,final_selection_1800/images/irfl/PHL1800_IRFL_0435.jpg,IRFL,boundary
F0478,PHL1800_HL_0091,final_selection_1800/images/hl/PHL1800_HL_0091.png,HL Dataset,positive
F0479,PHL1800_HL_0391,final_selection_1800/images/hl/PHL1800_HL_0391.png,HL Dataset,positive
F0480,PHL1800_HL_0143,final_selection_1800/images/hl/PHL1800_HL_0143.png,HL Dataset,positive
F0481,PHL1800_HL_0458,final_selection_1800/images/hl/PHL1800_HL_0458.png,HL Dataset,positive
F0482,PHL1800_HL_0062,final_selection_1800/images/hl/PHL1800_HL_0062.png,HL Dataset,positive
F0483,PHL1800_HL_0071,final_selection_1800/images/hl/PHL1800_HL_0071.png,HL Dataset,positive
F0484,PHL1800_IRFL_0235,final_selection_1800/images/irfl/PHL1800_IRFL_0235.jpg,IRFL,positive
F0485,PHL1800_HAIV_0031,final_selection_1800/images/haivmet/PHL1800_HAIV_0031.png,HAIVMet,positive
F0486,PHL1800_HAIV_0055,final_selection_1800/images/haivmet/PHL1800_HAIV_0055.png,HAIVMet,positive
F0487,PHL1800_HAIV_0333,final_selection_1800/images/haivmet/PHL1800_HAIV_0333.png,HAIVMet,positive
F0488,PHL1800_IRFL_0436,final_selection_1800/images/irfl/PHL1800_IRFL_0436.jpg,IRFL,boundary
F0489,PHL1800_HAIV_0153,final_selection_1800/images/haivmet/PHL1800_HAIV_0153.png,HAIVMet,positive
F0490,PHL1800_IRFL_0121,final_selection_1800/images/irfl/PHL1800_IRFL_0121.jpg,IRFL,positive
F0491,PHL1800_IRFL_0324,final_selection_1800/images/irfl/PHL1800_IRFL_0324.jpg,IRFL,positive
F0492,PHL1800_IRFL_0084,final_selection_1800/images/irfl/PHL1800_IRFL_0084.jpg,IRFL,positive
F0493,PHL1800_IRFL_0288,final_selection_1800/images/irfl/PHL1800_IRFL_0288.jpg,IRFL,positive
F0494,PHL1800_MM_0122,final_selection_1800/images/mm_moral/PHL1800_MM_0122.jpg,MM-MoralBench,positive
F0495,PHL1800_IRFL_0238,final_selection_1800/images/irfl/PHL1800_IRFL_0238.jpg,IRFL,positive
F0496,PHL1800_HAIV_0471,final_selection_1800/images/haivmet/PHL1800_HAIV_0471.png,HAIVMet,positive
F0497,PHL1800_HAIV_0454,final_selection_1800/images/haivmet/PHL1800_HAIV_0454.png,HAIVMet,positive
F0498,PHL1800_HL_0052,final_selection_1800/images/hl/PHL1800_HL_0052.png,HL Dataset,positive
F0499,PHL1800_HL_0534,final_selection_1800/images/hl/PHL1800_HL_0534.png,HL Dataset,boundary
F0500,PHL1800_HAIV_0088,final_selection_1800/images/haivmet/PHL1800_HAIV_0088.png,HAIVMet,positive
F0501,PHL1800_IRFL_0077,final_selection_1800/images/irfl/PHL1800_IRFL_0077.jpg,IRFL,positive
F0502,PHL1800_HAIV_0136,final_selection_1800/images/haivmet/PHL1800_HAIV_0136.png,HAIVMet,positive
F0503,PHL1800_MM_0128,final_selection_1800/images/mm_moral/PHL1800_MM_0128.jpg,MM-MoralBench,positive
F0504,PHL1800_IRFL_0054,final_selection_1800/images/irfl/PHL1800_IRFL_0054.jpg,IRFL,positive
F0505,PHL1800_HL_0595,final_selection_1800/images/hl/PHL1800_HL_0595.png,HL Dataset,boundary
F0506,PHL1800_HL_0577,final_selection_1800/images/hl/PHL1800_HL_0577.png,HL Dataset,boundary
F0507,PHL1800_HAIV_0412,final_selection_1800/images/haivmet/PHL1800_HAIV_0412.png,HAIVMet,positive
F0508,PHL1800_HL_0487,final_selection_1800/images/hl/PHL1800_HL_0487.png,HL Dataset,positive
F0509,PHL1800_IRFL_0299,final_selection_1800/images/irfl/PHL1800_IRFL_0299.jpg,IRFL,positive
F0510,PHL1800_HAIV_0313,final_selection_1800/images/haivmet/PHL1800_HAIV_0313.png,HAIVMet,positive
F0511,PHL1800_HL_0085,final_selection_1800/images/hl/PHL1800_HL_0085.png,HL Dataset,positive
F0512,PHL1800_HAIV_0520,final_selection_1800/images/haivmet/PHL1800_HAIV_0520.png,HAIVMet,positive
F0513,PHL1800_HAIV_0372,final_selection_1800/images/haivmet/PHL1800_HAIV_0372.png,HAIVMet,positive
F0514,PHL1800_HAIV_0464,final_selection_1800/images/haivmet/PHL1800_HAIV_0464.png,HAIVMet,positive
F0515,PHL1800_HAIV_0452,final_selection_1800/images/haivmet/PHL1800_HAIV_0452.png,HAIVMet,positive
F0516,PHL1800_HAIV_0396,final_selection_1800/images/haivmet/PHL1800_HAIV_0396.png,HAIVMet,positive
F0517,PHL1800_IRFL_0029,final_selection_1800/images/irfl/PHL1800_IRFL_0029.jpg,IRFL,positive
F0518,PHL1800_IRFL_0156,final_selection_1800/images/irfl/PHL1800_IRFL_0156.jpg,IRFL,positive
F0519,PHL1800_HL_0331,final_selection_1800/images/hl/PHL1800_HL_0331.png,HL Dataset,positive
F0520,PHL1800_HL_0210,final_selection_1800/images/hl/PHL1800_HL_0210.png,HL Dataset,positive
F0521,PHL1800_HL_0323,final_selection_1800/images/hl/PHL1800_HL_0323.png,HL Dataset,positive
F0522,PHL1800_HAIV_0474,final_selection_1800/images/haivmet/PHL1800_HAIV_0474.png,HAIVMet,positive
F0523,PHL1800_HL_0247,final_selection_1800/images/hl/PHL1800_HL_0247.png,HL Dataset,positive
F0524,PHL1800_IRFL_0404,final_selection_1800/images/irfl/PHL1800_IRFL_0404.jpg,IRFL,positive
F0525,PHL1800_HL_0121,final_selection_1800/images/hl/PHL1800_HL_0121.png,HL Dataset,positive
F0526,PHL1800_HL_0126,final_selection_1800/images/hl/PHL1800_HL_0126.png,HL Dataset,positive
F0527,PHL1800_HAIV_0201,final_selection_1800/images/haivmet/PHL1800_HAIV_0201.png,HAIVMet,positive
F0528,PHL1800_HAIV_0349,final_selection_1800/images/haivmet/PHL1800_HAIV_0349.png,HAIVMet,positive
F0529,PHL1800_HAIV_0541,final_selection_1800/images/haivmet/PHL1800_HAIV_0541.png,HAIVMet,positive
F0530,PHL1800_HL_0381,final_selection_1800/images/hl/PHL1800_HL_0381.png,HL Dataset,positive
F0531,PHL1800_MM_0035,final_selection_1800/images/mm_moral/PHL1800_MM_0035.jpg,MM-MoralBench,positive
F0532,PHL1800_HL_0306,final_selection_1800/images/hl/PHL1800_HL_0306.png,HL Dataset,positive
F0533,PHL1800_IRFL_0010,final_selection_1800/images/irfl/PHL1800_IRFL_0010.jpg,IRFL,positive
F0534,PHL1800_HAIV_0235,final_selection_1800/images/haivmet/PHL1800_HAIV_0235.png,HAIVMet,positive
F0535,PHL1800_HAIV_0393,final_selection_1800/images/haivmet/PHL1800_HAIV_0393.png,HAIVMet,positive
F0536,PHL1800_HAIV_0428,final_selection_1800/images/haivmet/PHL1800_HAIV_0428.png,HAIVMet,positive
F0537,PHL1800_MM_0065,final_selection_1800/images/mm_moral/PHL1800_MM_0065.jpg,MM-MoralBench,positive
F0538,PHL1800_IRFL_0253,final_selection_1800/images/irfl/PHL1800_IRFL_0253.jpg,IRFL,positive
F0539,PHL1800_HL_0273,final_selection_1800/images/hl/PHL1800_HL_0273.png,HL Dataset,positive
F0540,PHL1800_HL_0380,final_selection_1800/images/hl/PHL1800_HL_0380.png,HL Dataset,positive
F0541,PHL1800_HL_0262,final_selection_1800/images/hl/PHL1800_HL_0262.png,HL Dataset,positive
F0542,PHL1800_IRFL_0112,final_selection_1800/images/irfl/PHL1800_IRFL_0112.jpg,IRFL,positive
F0543,PHL1800_HAIV_0142,final_selection_1800/images/haivmet/PHL1800_HAIV_0142.png,HAIVMet,positive
F0544,PHL1800_IRFL_0392,final_selection_1800/images/irfl/PHL1800_IRFL_0392.jpg,IRFL,positive
F0545,PHL1800_MM_0119,final_selection_1800/images/mm_moral/PHL1800_MM_0119.jpg,MM-MoralBench,positive
F0546,PHL1800_HL_0587,final_selection_1800/images/hl/PHL1800_HL_0587.png,HL Dataset,boundary
F0547,PHL1800_HL_0574,final_selection_1800/images/hl/PHL1800_HL_0574.png,HL Dataset,boundary
F0548,PHL1800_HL_0582,final_selection_1800/images/hl/PHL1800_HL_0582.png,HL Dataset,boundary
F0549,PHL1800_HAIV_0156,final_selection_1800/images/haivmet/PHL1800_HAIV_0156.png,HAIVMet,positive
F0550,PHL1800_IRFL_0332,final_selection_1800/images/irfl/PHL1800_IRFL_0332.jpg,IRFL,positive
F0551,PHL1800_HL_0182,final_selection_1800/images/hl/PHL1800_HL_0182.png,HL Dataset,positive
F0552,PHL1800_HL_0283,final_selection_1800/images/hl/PHL1800_HL_0283.png,HL Dataset,positive
F0553,PHL1800_HL_0263,final_selection_1800/images/hl/PHL1800_HL_0263.png,HL Dataset,positive
F0554,PHL1800_HAIV_0126,final_selection_1800/images/haivmet/PHL1800_HAIV_0126.png,HAIVMet,positive
F0555,PHL1800_HL_0497,final_selection_1800/images/hl/PHL1800_HL_0497.png,HL Dataset,positive
F0556,PHL1800_HAIV_0193,final_selection_1800/images/haivmet/PHL1800_HAIV_0193.png,HAIVMet,positive
F0557,PHL1800_MM_0108,final_selection_1800/images/mm_moral/PHL1800_MM_0108.jpg,MM-MoralBench,positive
F0558,PHL1800_HL_0258,final_selection_1800/images/hl/PHL1800_HL_0258.png,HL Dataset,positive
F0559,PHL1800_HAIV_0140,final_selection_1800/images/haivmet/PHL1800_HAIV_0140.png,HAIVMet,positive
F0560,PHL1800_HAIV_0431,final_selection_1800/images/haivmet/PHL1800_HAIV_0431.png,HAIVMet,positive
F0561,PHL1800_MM_0029,final_selection_1800/images/mm_moral/PHL1800_MM_0029.jpg,MM-MoralBench,positive
F0562,PHL1800_IRFL_0035,final_selection_1800/images/irfl/PHL1800_IRFL_0035.jpg,IRFL,positive
F0563,PHL1800_MM_0057,final_selection_1800/images/mm_moral/PHL1800_MM_0057.jpg,MM-MoralBench,positive
F0564,PHL1800_HL_0054,final_selection_1800/images/hl/PHL1800_HL_0054.png,HL Dataset,positive
F0565,PHL1800_IRFL_0496,final_selection_1800/images/irfl/PHL1800_IRFL_0496.jpg,IRFL,boundary
F0566,PHL1800_HL_0086,final_selection_1800/images/hl/PHL1800_HL_0086.png,HL Dataset,positive
F0567,PHL1800_IRFL_0380,final_selection_1800/images/irfl/PHL1800_IRFL_0380.jpg,IRFL,positive
F0568,PHL1800_IRFL_0416,final_selection_1800/images/irfl/PHL1800_IRFL_0416.jpg,IRFL,positive
F0569,PHL1800_IRFL_0085,final_selection_1800/images/irfl/PHL1800_IRFL_0085.jpg,IRFL,positive
F0570,PHL1800_HL_0370,final_selection_1800/images/hl/PHL1800_HL_0370.png,HL Dataset,positive
F0571,PHL1800_IRFL_0178,final_selection_1800/images/irfl/PHL1800_IRFL_0178.jpg,IRFL,positive
F0572,PHL1800_IRFL_0321,final_selection_1800/images/irfl/PHL1800_IRFL_0321.jpg,IRFL,positive
F0573,PHL1800_HAIV_0042,final_selection_1800/images/haivmet/PHL1800_HAIV_0042.png,HAIVMet,positive
F0574,PHL1800_IRFL_0241,final_selection_1800/images/irfl/PHL1800_IRFL_0241.jpg,IRFL,positive
F0575,PHL1800_IRFL_0461,final_selection_1800/images/irfl/PHL1800_IRFL_0461.jpg,IRFL,boundary
F0576,PHL1800_HL_0476,final_selection_1800/images/hl/PHL1800_HL_0476.png,HL Dataset,positive
F0577,PHL1800_HL_0028,final_selection_1800/images/hl/PHL1800_HL_0028.png,HL Dataset,positive
F0578,PHL1800_MM_0088,final_selection_1800/images/mm_moral/PHL1800_MM_0088.jpg,MM-MoralBench,positive
F0579,PHL1800_HL_0234,final_selection_1800/images/hl/PHL1800_HL_0234.png,HL Dataset,positive
F0580,PHL1800_HL_0400,final_selection_1800/images/hl/PHL1800_HL_0400.png,HL Dataset,positive
F0581,PHL1800_HAIV_0523,final_selection_1800/images/haivmet/PHL1800_HAIV_0523.png,HAIVMet,positive
F0582,PHL1800_IRFL_0108,final_selection_1800/images/irfl/PHL1800_IRFL_0108.jpg,IRFL,positive
F0583,PHL1800_HAIV_0517,final_selection_1800/images/haivmet/PHL1800_HAIV_0517.png,HAIVMet,positive
F0584,PHL1800_HAIV_0515,final_selection_1800/images/haivmet/PHL1800_HAIV_0515.png,HAIVMet,positive
F0585,PHL1800_HL_0033,final_selection_1800/images/hl/PHL1800_HL_0033.png,HL Dataset,positive
F0586,PHL1800_HAIV_0275,final_selection_1800/images/haivmet/PHL1800_HAIV_0275.png,HAIVMet,positive
F0587,PHL1800_HAIV_0147,final_selection_1800/images/haivmet/PHL1800_HAIV_0147.png,HAIVMet,positive
F0588,PHL1800_MM_0097,final_selection_1800/images/mm_moral/PHL1800_MM_0097.jpg,MM-MoralBench,positive
F0589,PHL1800_HL_0157,final_selection_1800/images/hl/PHL1800_HL_0157.png,HL Dataset,positive
F0590,PHL1800_IRFL_0237,final_selection_1800/images/irfl/PHL1800_IRFL_0237.jpg,IRFL,positive
F0591,PHL1800_IRFL_0150,final_selection_1800/images/irfl/PHL1800_IRFL_0150.jpg,IRFL,positive
F0592,PHL1800_HAIV_0315,final_selection_1800/images/haivmet/PHL1800_HAIV_0315.png,HAIVMet,positive
F0593,PHL1800_HAIV_0499,final_selection_1800/images/haivmet/PHL1800_HAIV_0499.png,HAIVMet,positive
F0594,PHL1800_HL_0095,final_selection_1800/images/hl/PHL1800_HL_0095.png,HL Dataset,positive
F0595,PHL1800_IRFL_0066,final_selection_1800/images/irfl/PHL1800_IRFL_0066.jpg,IRFL,positive
F0596,PHL1800_IRFL_0220,final_selection_1800/images/irfl/PHL1800_IRFL_0220.jpg,IRFL,positive
F0597,PHL1800_MM_0112,final_selection_1800/images/mm_moral/PHL1800_MM_0112.jpg,MM-MoralBench,positive
F0598,PHL1800_IRFL_0287,final_selection_1800/images/irfl/PHL1800_IRFL_0287.jpg,IRFL,positive
F0599,PHL1800_IRFL_0219,final_selection_1800/images/irfl/PHL1800_IRFL_0219.jpg,IRFL,positive
F0600,PHL1800_HAIV_0223,final_selection_1800/images/haivmet/PHL1800_HAIV_0223.png,HAIVMet,positive
F0601,PHL1800_HAIV_0549,final_selection_1800/images/haivmet/PHL1800_HAIV_0549.png,HAIVMet,positive
F0602,PHL1800_IRFL_0298,final_selection_1800/images/irfl/PHL1800_IRFL_0298.jpg,IRFL,positive
F0603,PHL1800_HAIV_0340,final_selection_1800/images/haivmet/PHL1800_HAIV_0340.png,HAIVMet,positive
F0604,PHL1800_HAIV_0094,final_selection_1800/images/haivmet/PHL1800_HAIV_0094.png,HAIVMet,positive
F0605,PHL1800_HL_0232,final_selection_1800/images/hl/PHL1800_HL_0232.png,HL Dataset,positive
F0606,PHL1800_HAIV_0064,final_selection_1800/images/haivmet/PHL1800_HAIV_0064.png,HAIVMet,positive
F0607,PHL1800_HL_0594,final_selection_1800/images/hl/PHL1800_HL_0594.png,HL Dataset,boundary
F0608,PHL1800_HL_0124,final_selection_1800/images/hl/PHL1800_HL_0124.png,HL Dataset,positive
F0609,PHL1800_HAIV_0276,final_selection_1800/images/haivmet/PHL1800_HAIV_0276.png,HAIVMet,positive
F0610,PHL1800_IRFL_0468,final_selection_1800/images/irfl/PHL1800_IRFL_0468.jpg,IRFL,boundary
F0611,PHL1800_IRFL_0142,final_selection_1800/images/irfl/PHL1800_IRFL_0142.jpg,IRFL,positive
F0612,PHL1800_IRFL_0290,final_selection_1800/images/irfl/PHL1800_IRFL_0290.jpg,IRFL,positive
F0613,PHL1800_HAIV_0293,final_selection_1800/images/haivmet/PHL1800_HAIV_0293.png,HAIVMet,positive
F0614,PHL1800_HAIV_0367,final_selection_1800/images/haivmet/PHL1800_HAIV_0367.png,HAIVMet,positive
F0615,PHL1800_MM_0039,final_selection_1800/images/mm_moral/PHL1800_MM_0039.jpg,MM-MoralBench,positive
F0616,PHL1800_HL_0318,final_selection_1800/images/hl/PHL1800_HL_0318.png,HL Dataset,positive
F0617,PHL1800_HL_0536,final_selection_1800/images/hl/PHL1800_HL_0536.png,HL Dataset,boundary
F0618,PHL1800_IRFL_0098,final_selection_1800/images/irfl/PHL1800_IRFL_0098.jpg,IRFL,positive
F0619,PHL1800_MM_0104,final_selection_1800/images/mm_moral/PHL1800_MM_0104.jpg,MM-MoralBench,positive
F0620,PHL1800_HL_0545,final_selection_1800/images/hl/PHL1800_HL_0545.png,HL Dataset,boundary
F0621,PHL1800_HL_0284,final_selection_1800/images/hl/PHL1800_HL_0284.png,HL Dataset,positive
F0622,PHL1800_HL_0094,final_selection_1800/images/hl/PHL1800_HL_0094.png,HL Dataset,positive
F0623,PHL1800_IRFL_0340,final_selection_1800/images/irfl/PHL1800_IRFL_0340.jpg,IRFL,positive
F0624,PHL1800_HL_0225,final_selection_1800/images/hl/PHL1800_HL_0225.png,HL Dataset,positive
F0625,PHL1800_IRFL_0315,final_selection_1800/images/irfl/PHL1800_IRFL_0315.jpg,IRFL,positive
F0626,PHL1800_HL_0473,final_selection_1800/images/hl/PHL1800_HL_0473.png,HL Dataset,positive
F0627,PHL1800_HAIV_0305,final_selection_1800/images/haivmet/PHL1800_HAIV_0305.png,HAIVMet,positive
F0628,PHL1800_IRFL_0135,final_selection_1800/images/irfl/PHL1800_IRFL_0135.jpg,IRFL,positive
F0629,PHL1800_HAIV_0191,final_selection_1800/images/haivmet/PHL1800_HAIV_0191.png,HAIVMet,positive
F0630,PHL1800_HL_0135,final_selection_1800/images/hl/PHL1800_HL_0135.png,HL Dataset,positive
F0631,PHL1800_IRFL_0424,final_selection_1800/images/irfl/PHL1800_IRFL_0424.jpg,IRFL,boundary
F0632,PHL1800_HL_0401,final_selection_1800/images/hl/PHL1800_HL_0401.png,HL Dataset,positive
F0633,PHL1800_HL_0178,final_selection_1800/images/hl/PHL1800_HL_0178.png,HL Dataset,positive
F0634,PHL1800_HAIV_0486,final_selection_1800/images/haivmet/PHL1800_HAIV_0486.png,HAIVMet,positive
F0635,PHL1800_MM_0076,final_selection_1800/images/mm_moral/PHL1800_MM_0076.jpg,MM-MoralBench,positive
F0636,PHL1800_HAIV_0361,final_selection_1800/images/haivmet/PHL1800_HAIV_0361.png,HAIVMet,positive
F0637,PHL1800_HAIV_0227,final_selection_1800/images/haivmet/PHL1800_HAIV_0227.png,HAIVMet,positive
F0638,PHL1800_HL_0469,final_selection_1800/images/hl/PHL1800_HL_0469.png,HL Dataset,positive
F0639,PHL1800_IRFL_0365,final_selection_1800/images/irfl/PHL1800_IRFL_0365.jpg,IRFL,positive
F0640,PHL1800_HAIV_0395,final_selection_1800/images/haivmet/PHL1800_HAIV_0395.png,HAIVMet,positive
F0641,PHL1800_HL_0265,final_selection_1800/images/hl/PHL1800_HL_0265.png,HL Dataset,positive
F0642,PHL1800_HAIV_0106,final_selection_1800/images/haivmet/PHL1800_HAIV_0106.png,HAIVMet,positive
F0643,PHL1800_IRFL_0406,final_selection_1800/images/irfl/PHL1800_IRFL_0406.jpg,IRFL,positive
F0644,PHL1800_HL_0431,final_selection_1800/images/hl/PHL1800_HL_0431.png,HL Dataset,positive
F0645,PHL1800_HAIV_0414,final_selection_1800/images/haivmet/PHL1800_HAIV_0414.png,HAIVMet,positive
F0646,PHL1800_IRFL_0130,final_selection_1800/images/irfl/PHL1800_IRFL_0130.jpg,IRFL,positive
F0647,PHL1800_HAIV_0360,final_selection_1800/images/haivmet/PHL1800_HAIV_0360.png,HAIVMet,positive
F0648,PHL1800_HAIV_0243,final_selection_1800/images/haivmet/PHL1800_HAIV_0243.png,HAIVMet,positive
F0649,PHL1800_IRFL_0201,final_selection_1800/images/irfl/PHL1800_IRFL_0201.jpg,IRFL,positive
F0650,PHL1800_HL_0435,final_selection_1800/images/hl/PHL1800_HL_0435.png,HL Dataset,positive
F0651,PHL1800_HAIV_0456,final_selection_1800/images/haivmet/PHL1800_HAIV_0456.png,HAIVMet,positive
F0652,PHL1800_HL_0564,final_selection_1800/images/hl/PHL1800_HL_0564.png,HL Dataset,boundary
F0653,PHL1800_HL_0333,final_selection_1800/images/hl/PHL1800_HL_0333.png,HL Dataset,positive
F0654,PHL1800_HL_0584,final_selection_1800/images/hl/PHL1800_HL_0584.png,HL Dataset,boundary
F0655,PHL1800_IRFL_0023,final_selection_1800/images/irfl/PHL1800_IRFL_0023.jpg,IRFL,positive
F0656,PHL1800_HL_0227,final_selection_1800/images/hl/PHL1800_HL_0227.png,HL Dataset,positive
F0657,PHL1800_HL_0386,final_selection_1800/images/hl/PHL1800_HL_0386.png,HL Dataset,positive
F0658,PHL1800_HL_0396,final_selection_1800/images/hl/PHL1800_HL_0396.png,HL Dataset,positive
F0659,PHL1800_IRFL_0485,final_selection_1800/images/irfl/PHL1800_IRFL_0485.jpg,IRFL,boundary
F0660,PHL1800_HAIV_0036,final_selection_1800/images/haivmet/PHL1800_HAIV_0036.png,HAIVMet,positive
F0661,PHL1800_IRFL_0302,final_selection_1800/images/irfl/PHL1800_IRFL_0302.jpg,IRFL,positive
F0662,PHL1800_IRFL_0429,final_selection_1800/images/irfl/PHL1800_IRFL_0429.jpg,IRFL,boundary
F0663,PHL1800_IRFL_0004,final_selection_1800/images/irfl/PHL1800_IRFL_0004.jpg,IRFL,positive
F0664,PHL1800_HL_0480,final_selection_1800/images/hl/PHL1800_HL_0480.png,HL Dataset,positive
F0665,PHL1800_HL_0068,final_selection_1800/images/hl/PHL1800_HL_0068.png,HL Dataset,positive
F0666,PHL1800_HAIV_0352,final_selection_1800/images/haivmet/PHL1800_HAIV_0352.png,HAIVMet,positive
F0667,PHL1800_HAIV_0090,final_selection_1800/images/haivmet/PHL1800_HAIV_0090.png,HAIVMet,positive
F0668,PHL1800_MM_0037,final_selection_1800/images/mm_moral/PHL1800_MM_0037.jpg,MM-MoralBench,positive
F0669,PHL1800_IRFL_0218,final_selection_1800/images/irfl/PHL1800_IRFL_0218.jpg,IRFL,positive
F0670,PHL1800_IRFL_0133,final_selection_1800/images/irfl/PHL1800_IRFL_0133.jpg,IRFL,positive
F0671,PHL1800_HL_0064,final_selection_1800/images/hl/PHL1800_HL_0064.png,HL Dataset,positive
F0672,PHL1800_IRFL_0217,final_selection_1800/images/irfl/PHL1800_IRFL_0217.jpg,IRFL,positive
F0673,PHL1800_HL_0128,final_selection_1800/images/hl/PHL1800_HL_0128.png,HL Dataset,positive
F0674,PHL1800_HL_0382,final_selection_1800/images/hl/PHL1800_HL_0382.png,HL Dataset,positive
F0675,PHL1800_IRFL_0263,final_selection_1800/images/irfl/PHL1800_IRFL_0263.jpg,IRFL,positive
F0676,PHL1800_HL_0552,final_selection_1800/images/hl/PHL1800_HL_0552.png,HL Dataset,boundary
F0677,PHL1800_HAIV_0098,final_selection_1800/images/haivmet/PHL1800_HAIV_0098.png,HAIVMet,positive
F0678,PHL1800_IRFL_0052,final_selection_1800/images/irfl/PHL1800_IRFL_0052.jpg,IRFL,positive
F0679,PHL1800_HAIV_0060,final_selection_1800/images/haivmet/PHL1800_HAIV_0060.png,HAIVMet,positive
F0680,PHL1800_HL_0499,final_selection_1800/images/hl/PHL1800_HL_0499.png,HL Dataset,positive
F0681,PHL1800_HL_0369,final_selection_1800/images/hl/PHL1800_HL_0369.png,HL Dataset,positive
F0682,PHL1800_HL_0286,final_selection_1800/images/hl/PHL1800_HL_0286.png,HL Dataset,positive
F0683,PHL1800_IRFL_0169,final_selection_1800/images/irfl/PHL1800_IRFL_0169.jpg,IRFL,positive
F0684,PHL1800_HAIV_0068,final_selection_1800/images/haivmet/PHL1800_HAIV_0068.png,HAIVMet,positive
F0685,PHL1800_HAIV_0107,final_selection_1800/images/haivmet/PHL1800_HAIV_0107.png,HAIVMet,positive
F0686,PHL1800_IRFL_0007,final_selection_1800/images/irfl/PHL1800_IRFL_0007.jpg,IRFL,positive
F0687,PHL1800_HAIV_0402,final_selection_1800/images/haivmet/PHL1800_HAIV_0402.png,HAIVMet,positive
F0688,PHL1800_IRFL_0080,final_selection_1800/images/irfl/PHL1800_IRFL_0080.jpg,IRFL,positive
F0689,PHL1800_HAIV_0171,final_selection_1800/images/haivmet/PHL1800_HAIV_0171.png,HAIVMet,positive
F0690,PHL1800_HL_0030,final_selection_1800/images/hl/PHL1800_HL_0030.png,HL Dataset,positive
F0691,PHL1800_IRFL_0078,final_selection_1800/images/irfl/PHL1800_IRFL_0078.jpg,IRFL,positive
F0692,PHL1800_HL_0185,final_selection_1800/images/hl/PHL1800_HL_0185.png,HL Dataset,positive
F0693,PHL1800_HL_0388,final_selection_1800/images/hl/PHL1800_HL_0388.png,HL Dataset,positive
F0694,PHL1800_HL_0300,final_selection_1800/images/hl/PHL1800_HL_0300.png,HL Dataset,positive
F0695,PHL1800_IRFL_0313,final_selection_1800/images/irfl/PHL1800_IRFL_0313.jpg,IRFL,positive
F0696,PHL1800_HAIV_0172,final_selection_1800/images/haivmet/PHL1800_HAIV_0172.png,HAIVMet,positive
F0697,PHL1800_HL_0173,final_selection_1800/images/hl/PHL1800_HL_0173.png,HL Dataset,positive
F0698,PHL1800_IRFL_0387,final_selection_1800/images/irfl/PHL1800_IRFL_0387.jpg,IRFL,positive
F0699,PHL1800_HL_0236,final_selection_1800/images/hl/PHL1800_HL_0236.png,HL Dataset,positive
F0700,PHL1800_MM_0009,final_selection_1800/images/mm_moral/PHL1800_MM_0009.jpg,MM-MoralBench,positive
F0701,PHL1800_HL_0485,final_selection_1800/images/hl/PHL1800_HL_0485.png,HL Dataset,positive
F0702,PHL1800_HL_0125,final_selection_1800/images/hl/PHL1800_HL_0125.png,HL Dataset,positive
F0703,PHL1800_HAIV_0491,final_selection_1800/images/haivmet/PHL1800_HAIV_0491.png,HAIVMet,positive
F0704,PHL1800_HAIV_0247,final_selection_1800/images/haivmet/PHL1800_HAIV_0247.png,HAIVMet,positive
F0705,PHL1800_IRFL_0281,final_selection_1800/images/irfl/PHL1800_IRFL_0281.jpg,IRFL,positive
F0706,PHL1800_IRFL_0352,final_selection_1800/images/irfl/PHL1800_IRFL_0352.jpg,IRFL,positive
F0707,PHL1800_IRFL_0425,final_selection_1800/images/irfl/PHL1800_IRFL_0425.jpg,IRFL,boundary
F0708,PHL1800_IRFL_0014,final_selection_1800/images/irfl/PHL1800_IRFL_0014.jpg,IRFL,positive
F0709,PHL1800_IRFL_0230,final_selection_1800/images/irfl/PHL1800_IRFL_0230.jpg,IRFL,positive
F0710,PHL1800_HL_0198,final_selection_1800/images/hl/PHL1800_HL_0198.png,HL Dataset,positive
F0711,PHL1800_IRFL_0013,final_selection_1800/images/irfl/PHL1800_IRFL_0013.jpg,IRFL,positive
F0712,PHL1800_HL_0152,final_selection_1800/images/hl/PHL1800_HL_0152.png,HL Dataset,positive
F0713,PHL1800_IRFL_0109,final_selection_1800/images/irfl/PHL1800_IRFL_0109.jpg,IRFL,positive
F0714,PHL1800_IRFL_0068,final_selection_1800/images/irfl/PHL1800_IRFL_0068.jpg,IRFL,positive
F0715,PHL1800_HAIV_0082,final_selection_1800/images/haivmet/PHL1800_HAIV_0082.png,HAIVMet,positive
F0716,PHL1800_HAIV_0233,final_selection_1800/images/haivmet/PHL1800_HAIV_0233.png,HAIVMet,positive
F0717,PHL1800_MM_0127,final_selection_1800/images/mm_moral/PHL1800_MM_0127.jpg,MM-MoralBench,positive
F0718,PHL1800_IRFL_0272,final_selection_1800/images/irfl/PHL1800_IRFL_0272.jpg,IRFL,positive
F0719,PHL1800_HL_0434,final_selection_1800/images/hl/PHL1800_HL_0434.png,HL Dataset,positive
F0720,PHL1800_IRFL_0316,final_selection_1800/images/irfl/PHL1800_IRFL_0316.jpg,IRFL,positive
F0721,PHL1800_IRFL_0208,final_selection_1800/images/irfl/PHL1800_IRFL_0208.jpg,IRFL,positive
F0722,PHL1800_IRFL_0282,final_selection_1800/images/irfl/PHL1800_IRFL_0282.jpg,IRFL,positive
F0723,PHL1800_MM_0141,final_selection_1800/images/mm_moral/PHL1800_MM_0141.jpg,MM-MoralBench,positive
F0724,PHL1800_HAIV_0467,final_selection_1800/images/haivmet/PHL1800_HAIV_0467.png,HAIVMet,positive
F0725,PHL1800_HAIV_0218,final_selection_1800/images/haivmet/PHL1800_HAIV_0218.png,HAIVMet,positive
F0726,PHL1800_HAIV_0498,final_selection_1800/images/haivmet/PHL1800_HAIV_0498.png,HAIVMet,positive
F0727,PHL1800_IRFL_0372,final_selection_1800/images/irfl/PHL1800_IRFL_0372.jpg,IRFL,positive
F0728,PHL1800_MM_0012,final_selection_1800/images/mm_moral/PHL1800_MM_0012.jpg,MM-MoralBench,positive
F0729,PHL1800_HL_0149,final_selection_1800/images/hl/PHL1800_HL_0149.png,HL Dataset,positive
F0730,PHL1800_IRFL_0141,final_selection_1800/images/irfl/PHL1800_IRFL_0141.jpg,IRFL,positive
F0731,PHL1800_HL_0255,final_selection_1800/images/hl/PHL1800_HL_0255.png,HL Dataset,positive
F0732,PHL1800_HAIV_0529,final_selection_1800/images/haivmet/PHL1800_HAIV_0529.png,HAIVMet,positive
F0733,PHL1800_HL_0408,final_selection_1800/images/hl/PHL1800_HL_0408.png,HL Dataset,positive
F0734,PHL1800_HAIV_0118,final_selection_1800/images/haivmet/PHL1800_HAIV_0118.png,HAIVMet,positive
F0735,PHL1800_HAIV_0337,final_selection_1800/images/haivmet/PHL1800_HAIV_0337.png,HAIVMet,positive
F0736,PHL1800_HAIV_0114,final_selection_1800/images/haivmet/PHL1800_HAIV_0114.png,HAIVMet,positive
F0737,PHL1800_IRFL_0089,final_selection_1800/images/irfl/PHL1800_IRFL_0089.jpg,IRFL,positive
F0738,PHL1800_HAIV_0105,final_selection_1800/images/haivmet/PHL1800_HAIV_0105.png,HAIVMet,positive
F0739,PHL1800_HL_0559,final_selection_1800/images/hl/PHL1800_HL_0559.png,HL Dataset,boundary
F0740,PHL1800_HL_0466,final_selection_1800/images/hl/PHL1800_HL_0466.png,HL Dataset,positive
F0741,PHL1800_IRFL_0329,final_selection_1800/images/irfl/PHL1800_IRFL_0329.jpg,IRFL,positive
F0742,PHL1800_HL_0585,final_selection_1800/images/hl/PHL1800_HL_0585.png,HL Dataset,boundary
F0743,PHL1800_HAIV_0509,final_selection_1800/images/haivmet/PHL1800_HAIV_0509.png,HAIVMet,positive
F0744,PHL1800_HAIV_0389,final_selection_1800/images/haivmet/PHL1800_HAIV_0389.png,HAIVMet,positive
F0745,PHL1800_HL_0105,final_selection_1800/images/hl/PHL1800_HL_0105.png,HL Dataset,positive
F0746,PHL1800_HAIV_0144,final_selection_1800/images/haivmet/PHL1800_HAIV_0144.png,HAIVMet,positive
F0747,PHL1800_IRFL_0448,final_selection_1800/images/irfl/PHL1800_IRFL_0448.jpg,IRFL,boundary
F0748,PHL1800_HAIV_0504,final_selection_1800/images/haivmet/PHL1800_HAIV_0504.png,HAIVMet,positive
F0749,PHL1800_HL_0315,final_selection_1800/images/hl/PHL1800_HL_0315.png,HL Dataset,positive
F0750,PHL1800_IRFL_0494,final_selection_1800/images/irfl/PHL1800_IRFL_0494.jpg,IRFL,boundary
F0751,PHL1800_IRFL_0158,final_selection_1800/images/irfl/PHL1800_IRFL_0158.jpg,IRFL,positive
F0752,PHL1800_HL_0241,final_selection_1800/images/hl/PHL1800_HL_0241.png,HL Dataset,positive
F0753,PHL1800_HL_0368,final_selection_1800/images/hl/PHL1800_HL_0368.png,HL Dataset,positive
F0754,PHL1800_MM_0059,final_selection_1800/images/mm_moral/PHL1800_MM_0059.jpg,MM-MoralBench,positive
F0755,PHL1800_HL_0209,final_selection_1800/images/hl/PHL1800_HL_0209.png,HL Dataset,positive
F0756,PHL1800_HAIV_0039,final_selection_1800/images/haivmet/PHL1800_HAIV_0039.png,HAIVMet,positive
F0757,PHL1800_HAIV_0353,final_selection_1800/images/haivmet/PHL1800_HAIV_0353.png,HAIVMet,positive
F0758,PHL1800_HL_0581,final_selection_1800/images/hl/PHL1800_HL_0581.png,HL Dataset,boundary
F0759,PHL1800_HL_0519,final_selection_1800/images/hl/PHL1800_HL_0519.png,HL Dataset,boundary
F0760,PHL1800_HAIV_0252,final_selection_1800/images/haivmet/PHL1800_HAIV_0252.png,HAIVMet,positive
F0761,PHL1800_HAIV_0271,final_selection_1800/images/haivmet/PHL1800_HAIV_0271.png,HAIVMet,positive
F0762,PHL1800_HL_0203,final_selection_1800/images/hl/PHL1800_HL_0203.png,HL Dataset,positive
F0763,PHL1800_IRFL_0043,final_selection_1800/images/irfl/PHL1800_IRFL_0043.jpg,IRFL,positive
F0764,PHL1800_HL_0102,final_selection_1800/images/hl/PHL1800_HL_0102.png,HL Dataset,positive
F0765,PHL1800_HL_0406,final_selection_1800/images/hl/PHL1800_HL_0406.png,HL Dataset,positive
F0766,PHL1800_HAIV_0510,final_selection_1800/images/haivmet/PHL1800_HAIV_0510.png,HAIVMet,positive
F0767,PHL1800_HAIV_0480,final_selection_1800/images/haivmet/PHL1800_HAIV_0480.png,HAIVMet,positive
F0768,PHL1800_HAIV_0289,final_selection_1800/images/haivmet/PHL1800_HAIV_0289.png,HAIVMet,positive
F0769,PHL1800_HAIV_0053,final_selection_1800/images/haivmet/PHL1800_HAIV_0053.png,HAIVMet,positive
F0770,PHL1800_HL_0334,final_selection_1800/images/hl/PHL1800_HL_0334.png,HL Dataset,positive
F0771,PHL1800_HAIV_0069,final_selection_1800/images/haivmet/PHL1800_HAIV_0069.png,HAIVMet,positive
F0772,PHL1800_IRFL_0120,final_selection_1800/images/irfl/PHL1800_IRFL_0120.jpg,IRFL,positive
F0773,PHL1800_HL_0307,final_selection_1800/images/hl/PHL1800_HL_0307.png,HL Dataset,positive
F0774,PHL1800_HL_0267,final_selection_1800/images/hl/PHL1800_HL_0267.png,HL Dataset,positive
F0775,PHL1800_MM_0016,final_selection_1800/images/mm_moral/PHL1800_MM_0016.jpg,MM-MoralBench,positive
F0776,PHL1800_IRFL_0229,final_selection_1800/images/irfl/PHL1800_IRFL_0229.jpg,IRFL,positive
F0777,PHL1800_HAIV_0500,final_selection_1800/images/haivmet/PHL1800_HAIV_0500.png,HAIVMet,positive
F0778,PHL1800_IRFL_0473,final_selection_1800/images/irfl/PHL1800_IRFL_0473.jpg,IRFL,boundary
F0779,PHL1800_HL_0089,final_selection_1800/images/hl/PHL1800_HL_0089.png,HL Dataset,positive
F0780,PHL1800_HL_0172,final_selection_1800/images/hl/PHL1800_HL_0172.png,HL Dataset,positive
F0781,PHL1800_HL_0136,final_selection_1800/images/hl/PHL1800_HL_0136.png,HL Dataset,positive
F0782,PHL1800_HAIV_0501,final_selection_1800/images/haivmet/PHL1800_HAIV_0501.png,HAIVMet,positive
F0783,PHL1800_HAIV_0192,final_selection_1800/images/haivmet/PHL1800_HAIV_0192.png,HAIVMet,positive
F0784,PHL1800_HL_0020,final_selection_1800/images/hl/PHL1800_HL_0020.png,HL Dataset,positive
F0785,PHL1800_HL_0486,final_selection_1800/images/hl/PHL1800_HL_0486.png,HL Dataset,positive
F0786,PHL1800_HL_0111,final_selection_1800/images/hl/PHL1800_HL_0111.png,HL Dataset,positive
F0787,PHL1800_HL_0151,final_selection_1800/images/hl/PHL1800_HL_0151.png,HL Dataset,positive
F0788,PHL1800_MM_0062,final_selection_1800/images/mm_moral/PHL1800_MM_0062.jpg,MM-MoralBench,positive
F0789,PHL1800_HL_0147,final_selection_1800/images/hl/PHL1800_HL_0147.png,HL Dataset,positive
F0790,PHL1800_IRFL_0398,final_selection_1800/images/irfl/PHL1800_IRFL_0398.jpg,IRFL,positive
F0791,PHL1800_HL_0246,final_selection_1800/images/hl/PHL1800_HL_0246.png,HL Dataset,positive
F0792,PHL1800_IRFL_0070,final_selection_1800/images/irfl/PHL1800_IRFL_0070.jpg,IRFL,positive
F0793,PHL1800_MM_0144,final_selection_1800/images/mm_moral/PHL1800_MM_0144.jpg,MM-MoralBench,positive
F0794,PHL1800_HAIV_0321,final_selection_1800/images/haivmet/PHL1800_HAIV_0321.png,HAIVMet,positive
F0795,PHL1800_IRFL_0162,final_selection_1800/images/irfl/PHL1800_IRFL_0162.jpg,IRFL,positive
F0796,PHL1800_IRFL_0295,final_selection_1800/images/irfl/PHL1800_IRFL_0295.jpg,IRFL,positive
F0797,PHL1800_MM_0027,final_selection_1800/images/mm_moral/PHL1800_MM_0027.jpg,MM-MoralBench,positive
F0798,PHL1800_HL_0221,final_selection_1800/images/hl/PHL1800_HL_0221.png,HL Dataset,positive
F0799,PHL1800_MM_0082,final_selection_1800/images/mm_moral/PHL1800_MM_0082.jpg,MM-MoralBench,positive
F0800,PHL1800_MM_0136,final_selection_1800/images/mm_moral/PHL1800_MM_0136.jpg,MM-MoralBench,positive
F0801,PHL1800_HL_0140,final_selection_1800/images/hl/PHL1800_HL_0140.png,HL Dataset,positive
F0802,PHL1800_HL_0546,final_selection_1800/images/hl/PHL1800_HL_0546.png,HL Dataset,boundary
F0803,PHL1800_IRFL_0466,final_selection_1800/images/irfl/PHL1800_IRFL_0466.jpg,IRFL,boundary
F0804,PHL1800_IRFL_0039,final_selection_1800/images/irfl/PHL1800_IRFL_0039.jpg,IRFL,positive
F0805,PHL1800_IRFL_0420,final_selection_1800/images/irfl/PHL1800_IRFL_0420.jpg,IRFL,positive
F0806,PHL1800_HL_0455,final_selection_1800/images/hl/PHL1800_HL_0455.png,HL Dataset,positive
F0807,PHL1800_HAIV_0381,final_selection_1800/images/haivmet/PHL1800_HAIV_0381.png,HAIVMet,positive
F0808,PHL1800_HAIV_0507,final_selection_1800/images/haivmet/PHL1800_HAIV_0507.png,HAIVMet,positive
F0809,PHL1800_MM_0026,final_selection_1800/images/mm_moral/PHL1800_MM_0026.jpg,MM-MoralBench,positive
F0810,PHL1800_IRFL_0200,final_selection_1800/images/irfl/PHL1800_IRFL_0200.jpg,IRFL,positive
F0811,PHL1800_HL_0150,final_selection_1800/images/hl/PHL1800_HL_0150.png,HL Dataset,positive
F0812,PHL1800_HL_0557,final_selection_1800/images/hl/PHL1800_HL_0557.png,HL Dataset,boundary
F0813,PHL1800_HAIV_0071,final_selection_1800/images/haivmet/PHL1800_HAIV_0071.png,HAIVMet,positive
F0814,PHL1800_HAIV_0331,final_selection_1800/images/haivmet/PHL1800_HAIV_0331.png,HAIVMet,positive
F0815,PHL1800_HAIV_0040,final_selection_1800/images/haivmet/PHL1800_HAIV_0040.png,HAIVMet,positive
F0816,PHL1800_MM_0087,final_selection_1800/images/mm_moral/PHL1800_MM_0087.jpg,MM-MoralBench,positive
F0817,PHL1800_HL_0365,final_selection_1800/images/hl/PHL1800_HL_0365.png,HL Dataset,positive
F0818,PHL1800_HL_0063,final_selection_1800/images/hl/PHL1800_HL_0063.png,HL Dataset,positive
F0819,PHL1800_HAIV_0288,final_selection_1800/images/haivmet/PHL1800_HAIV_0288.png,HAIVMet,positive
F0820,PHL1800_HL_0238,final_selection_1800/images/hl/PHL1800_HL_0238.png,HL Dataset,positive
F0821,PHL1800_HL_0402,final_selection_1800/images/hl/PHL1800_HL_0402.png,HL Dataset,positive
F0822,PHL1800_IRFL_0232,final_selection_1800/images/irfl/PHL1800_IRFL_0232.jpg,IRFL,positive
F0823,PHL1800_HAIV_0215,final_selection_1800/images/haivmet/PHL1800_HAIV_0215.png,HAIVMet,positive
F0824,PHL1800_HL_0506,final_selection_1800/images/hl/PHL1800_HL_0506.png,HL Dataset,boundary
F0825,PHL1800_HAIV_0531,final_selection_1800/images/haivmet/PHL1800_HAIV_0531.png,HAIVMet,positive
F0826,PHL1800_HL_0573,final_selection_1800/images/hl/PHL1800_HL_0573.png,HL Dataset,boundary
F0827,PHL1800_HAIV_0270,final_selection_1800/images/haivmet/PHL1800_HAIV_0270.png,HAIVMet,positive
F0828,PHL1800_HL_0330,final_selection_1800/images/hl/PHL1800_HL_0330.png,HL Dataset,positive
F0829,PHL1800_HL_0139,final_selection_1800/images/hl/PHL1800_HL_0139.png,HL Dataset,positive
F0830,PHL1800_HAIV_0344,final_selection_1800/images/haivmet/PHL1800_HAIV_0344.png,HAIVMet,positive
F0831,PHL1800_MM_0013,final_selection_1800/images/mm_moral/PHL1800_MM_0013.jpg,MM-MoralBench,positive
F0832,PHL1800_IRFL_0221,final_selection_1800/images/irfl/PHL1800_IRFL_0221.jpg,IRFL,positive
F0833,PHL1800_IRFL_0106,final_selection_1800/images/irfl/PHL1800_IRFL_0106.jpg,IRFL,positive
F0834,PHL1800_HAIV_0477,final_selection_1800/images/haivmet/PHL1800_HAIV_0477.png,HAIVMet,positive
F0835,PHL1800_HL_0047,final_selection_1800/images/hl/PHL1800_HL_0047.png,HL Dataset,positive
F0836,PHL1800_HL_0526,final_selection_1800/images/hl/PHL1800_HL_0526.png,HL Dataset,boundary
F0837,PHL1800_HAIV_0225,final_selection_1800/images/haivmet/PHL1800_HAIV_0225.png,HAIVMet,positive
F0838,PHL1800_MM_0048,final_selection_1800/images/mm_moral/PHL1800_MM_0048.jpg,MM-MoralBench,positive
F0839,PHL1800_MM_0020,final_selection_1800/images/mm_moral/PHL1800_MM_0020.jpg,MM-MoralBench,positive
F0840,PHL1800_MM_0023,final_selection_1800/images/mm_moral/PHL1800_MM_0023.jpg,MM-MoralBench,positive
F0841,PHL1800_HAIV_0450,final_selection_1800/images/haivmet/PHL1800_HAIV_0450.png,HAIVMet,positive
F0842,PHL1800_HAIV_0076,final_selection_1800/images/haivmet/PHL1800_HAIV_0076.png,HAIVMet,positive
F0843,PHL1800_HL_0279,final_selection_1800/images/hl/PHL1800_HL_0279.png,HL Dataset,positive
F0844,PHL1800_MM_0008,final_selection_1800/images/mm_moral/PHL1800_MM_0008.jpg,MM-MoralBench,positive
F0845,PHL1800_HAIV_0425,final_selection_1800/images/haivmet/PHL1800_HAIV_0425.png,HAIVMet,positive
F0846,PHL1800_MM_0134,final_selection_1800/images/mm_moral/PHL1800_MM_0134.jpg,MM-MoralBench,positive
F0847,PHL1800_MM_0050,final_selection_1800/images/mm_moral/PHL1800_MM_0050.jpg,MM-MoralBench,positive
F0848,PHL1800_HAIV_0037,final_selection_1800/images/haivmet/PHL1800_HAIV_0037.png,HAIVMet,positive
F0849,PHL1800_IRFL_0139,final_selection_1800/images/irfl/PHL1800_IRFL_0139.jpg,IRFL,positive
F0850,PHL1800_HAIV_0472,final_selection_1800/images/haivmet/PHL1800_HAIV_0472.png,HAIVMet,positive
F0851,PHL1800_HL_0070,final_selection_1800/images/hl/PHL1800_HL_0070.png,HL Dataset,positive
F0852,PHL1800_HL_0492,final_selection_1800/images/hl/PHL1800_HL_0492.png,HL Dataset,positive
F0853,PHL1800_HL_0154,final_selection_1800/images/hl/PHL1800_HL_0154.png,HL Dataset,positive
F0854,PHL1800_HAIV_0173,final_selection_1800/images/haivmet/PHL1800_HAIV_0173.png,HAIVMet,positive
F0855,PHL1800_HAIV_0405,final_selection_1800/images/haivmet/PHL1800_HAIV_0405.png,HAIVMet,positive
F0856,PHL1800_IRFL_0305,final_selection_1800/images/irfl/PHL1800_IRFL_0305.jpg,IRFL,positive
F0857,PHL1800_IRFL_0094,final_selection_1800/images/irfl/PHL1800_IRFL_0094.jpg,IRFL,positive
F0858,PHL1800_HAIV_0047,final_selection_1800/images/haivmet/PHL1800_HAIV_0047.png,HAIVMet,positive
F0859,PHL1800_HAIV_0093,final_selection_1800/images/haivmet/PHL1800_HAIV_0093.png,HAIVMet,positive
F0860,PHL1800_HAIV_0014,final_selection_1800/images/haivmet/PHL1800_HAIV_0014.png,HAIVMet,positive
F0861,PHL1800_HL_0528,final_selection_1800/images/hl/PHL1800_HL_0528.png,HL Dataset,boundary
F0862,PHL1800_HAIV_0416,final_selection_1800/images/haivmet/PHL1800_HAIV_0416.png,HAIVMet,positive
F0863,PHL1800_HAIV_0351,final_selection_1800/images/haivmet/PHL1800_HAIV_0351.png,HAIVMet,positive
F0864,PHL1800_HL_0540,final_selection_1800/images/hl/PHL1800_HL_0540.png,HL Dataset,boundary
F0865,PHL1800_HL_0087,final_selection_1800/images/hl/PHL1800_HL_0087.png,HL Dataset,positive
F0866,PHL1800_HAIV_0443,final_selection_1800/images/haivmet/PHL1800_HAIV_0443.png,HAIVMet,positive
F0867,PHL1800_IRFL_0181,final_selection_1800/images/irfl/PHL1800_IRFL_0181.jpg,IRFL,positive
F0868,PHL1800_MM_0117,final_selection_1800/images/mm_moral/PHL1800_MM_0117.jpg,MM-MoralBench,positive
F0869,PHL1800_IRFL_0021,final_selection_1800/images/irfl/PHL1800_IRFL_0021.jpg,IRFL,positive
F0870,PHL1800_HL_0002,final_selection_1800/images/hl/PHL1800_HL_0002.png,HL Dataset,positive
F0871,PHL1800_MM_0072,final_selection_1800/images/mm_moral/PHL1800_MM_0072.jpg,MM-MoralBench,positive
F0872,PHL1800_IRFL_0400,final_selection_1800/images/irfl/PHL1800_IRFL_0400.jpg,IRFL,positive
F0873,PHL1800_HAIV_0199,final_selection_1800/images/haivmet/PHL1800_HAIV_0199.png,HAIVMet,positive
F0874,PHL1800_HL_0568,final_selection_1800/images/hl/PHL1800_HL_0568.png,HL Dataset,boundary
F0875,PHL1800_IRFL_0183,final_selection_1800/images/irfl/PHL1800_IRFL_0183.jpg,IRFL,positive
F0876,PHL1800_HAIV_0280,final_selection_1800/images/haivmet/PHL1800_HAIV_0280.png,HAIVMet,positive
F0877,PHL1800_HL_0159,final_selection_1800/images/hl/PHL1800_HL_0159.png,HL Dataset,positive
F0878,PHL1800_HAIV_0439,final_selection_1800/images/haivmet/PHL1800_HAIV_0439.png,HAIVMet,positive
F0879,PHL1800_HL_0039,final_selection_1800/images/hl/PHL1800_HL_0039.png,HL Dataset,positive
F0880,PHL1800_IRFL_0138,final_selection_1800/images/irfl/PHL1800_IRFL_0138.webp,IRFL,positive
F0881,PHL1800_HAIV_0322,final_selection_1800/images/haivmet/PHL1800_HAIV_0322.png,HAIVMet,positive
F0882,PHL1800_HAIV_0532,final_selection_1800/images/haivmet/PHL1800_HAIV_0532.png,HAIVMet,positive
F0883,PHL1800_IRFL_0009,final_selection_1800/images/irfl/PHL1800_IRFL_0009.jpg,IRFL,positive
F0884,PHL1800_HAIV_0314,final_selection_1800/images/haivmet/PHL1800_HAIV_0314.png,HAIVMet,positive
F0885,PHL1800_MM_0083,final_selection_1800/images/mm_moral/PHL1800_MM_0083.jpg,MM-MoralBench,positive
F0886,PHL1800_IRFL_0369,final_selection_1800/images/irfl/PHL1800_IRFL_0369.jpg,IRFL,positive
F0887,PHL1800_HL_0338,final_selection_1800/images/hl/PHL1800_HL_0338.png,HL Dataset,positive
F0888,PHL1800_MM_0063,final_selection_1800/images/mm_moral/PHL1800_MM_0063.jpg,MM-MoralBench,positive
F0889,PHL1800_HL_0515,final_selection_1800/images/hl/PHL1800_HL_0515.png,HL Dataset,boundary
F0890,PHL1800_IRFL_0155,final_selection_1800/images/irfl/PHL1800_IRFL_0155.jpg,IRFL,positive
F0891,PHL1800_HAIV_0012,final_selection_1800/images/haivmet/PHL1800_HAIV_0012.png,HAIVMet,positive
F0892,PHL1800_HL_0579,final_selection_1800/images/hl/PHL1800_HL_0579.png,HL Dataset,boundary
F0893,PHL1800_HAIV_0131,final_selection_1800/images/haivmet/PHL1800_HAIV_0131.png,HAIVMet,positive
F0894,PHL1800_HL_0474,final_selection_1800/images/hl/PHL1800_HL_0474.png,HL Dataset,positive
F0895,PHL1800_HAIV_0332,final_selection_1800/images/haivmet/PHL1800_HAIV_0332.png,HAIVMet,positive
F0896,PHL1800_MM_0149,final_selection_1800/images/mm_moral/PHL1800_MM_0149.jpg,MM-MoralBench,positive
F0897,PHL1800_MM_0034,final_selection_1800/images/mm_moral/PHL1800_MM_0034.jpg,MM-MoralBench,positive
F0898,PHL1800_IRFL_0356,final_selection_1800/images/irfl/PHL1800_IRFL_0356.jpg,IRFL,positive
F0899,PHL1800_HL_0144,final_selection_1800/images/hl/PHL1800_HL_0144.png,HL Dataset,positive
F0900,PHL1800_HL_0216,final_selection_1800/images/hl/PHL1800_HL_0216.png,HL Dataset,positive
F0901,PHL1800_IRFL_0270,final_selection_1800/images/irfl/PHL1800_IRFL_0270.jpg,IRFL,positive
F0902,PHL1800_HAIV_0427,final_selection_1800/images/haivmet/PHL1800_HAIV_0427.png,HAIVMet,positive
F0903,PHL1800_HAIV_0130,final_selection_1800/images/haivmet/PHL1800_HAIV_0130.png,HAIVMet,positive
F0904,PHL1800_HAIV_0125,final_selection_1800/images/haivmet/PHL1800_HAIV_0125.png,HAIVMet,positive
F0905,PHL1800_HL_0223,final_selection_1800/images/hl/PHL1800_HL_0223.png,HL Dataset,positive
F0906,PHL1800_HAIV_0444,final_selection_1800/images/haivmet/PHL1800_HAIV_0444.png,HAIVMet,positive
F0907,PHL1800_IRFL_0418,final_selection_1800/images/irfl/PHL1800_IRFL_0418.jpg,IRFL,positive
F0908,PHL1800_HL_0280,final_selection_1800/images/hl/PHL1800_HL_0280.png,HL Dataset,positive
F0909,PHL1800_HAIV_0265,final_selection_1800/images/haivmet/PHL1800_HAIV_0265.png,HAIVMet,positive
F0910,PHL1800_IRFL_0195,final_selection_1800/images/irfl/PHL1800_IRFL_0195.jpg,IRFL,positive
F0911,PHL1800_IRFL_0338,final_selection_1800/images/irfl/PHL1800_IRFL_0338.jpg,IRFL,positive
F0912,PHL1800_IRFL_0174,final_selection_1800/images/irfl/PHL1800_IRFL_0174.jpg,IRFL,positive
F0913,PHL1800_IRFL_0060,final_selection_1800/images/irfl/PHL1800_IRFL_0060.jpg,IRFL,positive
F0914,PHL1800_HAIV_0526,final_selection_1800/images/haivmet/PHL1800_HAIV_0526.png,HAIVMet,positive
F0915,PHL1800_MM_0077,final_selection_1800/images/mm_moral/PHL1800_MM_0077.jpg,MM-MoralBench,positive
F0916,PHL1800_HAIV_0299,final_selection_1800/images/haivmet/PHL1800_HAIV_0299.png,HAIVMet,positive
F0917,PHL1800_IRFL_0336,final_selection_1800/images/irfl/PHL1800_IRFL_0336.jpg,IRFL,positive
F0918,PHL1800_IRFL_0335,final_selection_1800/images/irfl/PHL1800_IRFL_0335.jpg,IRFL,positive
F0919,PHL1800_IRFL_0377,final_selection_1800/images/irfl/PHL1800_IRFL_0377.jpg,IRFL,positive
F0920,PHL1800_HAIV_0394,final_selection_1800/images/haivmet/PHL1800_HAIV_0394.png,HAIVMet,positive
F0921,PHL1800_IRFL_0259,final_selection_1800/images/irfl/PHL1800_IRFL_0259.jpg,IRFL,positive
F0922,PHL1800_HL_0321,final_selection_1800/images/hl/PHL1800_HL_0321.png,HL Dataset,positive
F0923,PHL1800_HAIV_0159,final_selection_1800/images/haivmet/PHL1800_HAIV_0159.png,HAIVMet,positive
F0924,PHL1800_HAIV_0207,final_selection_1800/images/haivmet/PHL1800_HAIV_0207.png,HAIVMet,positive
F0925,PHL1800_HAIV_0005,final_selection_1800/images/haivmet/PHL1800_HAIV_0005.png,HAIVMet,positive
F0926,PHL1800_IRFL_0457,final_selection_1800/images/irfl/PHL1800_IRFL_0457.jpg,IRFL,boundary
F0927,PHL1800_HL_0548,final_selection_1800/images/hl/PHL1800_HL_0548.png,HL Dataset,boundary
F0928,PHL1800_MM_0092,final_selection_1800/images/mm_moral/PHL1800_MM_0092.jpg,MM-MoralBench,positive
F0929,PHL1800_IRFL_0303,final_selection_1800/images/irfl/PHL1800_IRFL_0303.jpg,IRFL,positive
F0930,PHL1800_IRFL_0079,final_selection_1800/images/irfl/PHL1800_IRFL_0079.jpg,IRFL,positive
F0931,PHL1800_IRFL_0020,final_selection_1800/images/irfl/PHL1800_IRFL_0020.jpg,IRFL,positive
F0932,PHL1800_HAIV_0017,final_selection_1800/images/haivmet/PHL1800_HAIV_0017.png,HAIVMet,positive
F0933,PHL1800_HAIV_0274,final_selection_1800/images/haivmet/PHL1800_HAIV_0274.png,HAIVMet,positive
F0934,PHL1800_IRFL_0323,final_selection_1800/images/irfl/PHL1800_IRFL_0323.jpg,IRFL,positive
F0935,PHL1800_HAIV_0065,final_selection_1800/images/haivmet/PHL1800_HAIV_0065.png,HAIVMet,positive
F0936,PHL1800_HL_0005,final_selection_1800/images/hl/PHL1800_HL_0005.png,HL Dataset,positive
F0937,PHL1800_MM_0064,final_selection_1800/images/mm_moral/PHL1800_MM_0064.jpg,MM-MoralBench,positive
F0938,PHL1800_HL_0271,final_selection_1800/images/hl/PHL1800_HL_0271.png,HL Dataset,positive
F0939,PHL1800_HAIV_0023,final_selection_1800/images/haivmet/PHL1800_HAIV_0023.png,HAIVMet,positive
F0940,PHL1800_HAIV_0432,final_selection_1800/images/haivmet/PHL1800_HAIV_0432.png,HAIVMet,positive
F0941,PHL1800_HL_0494,final_selection_1800/images/hl/PHL1800_HL_0494.png,HL Dataset,positive
F0942,PHL1800_HL_0116,final_selection_1800/images/hl/PHL1800_HL_0116.png,HL Dataset,positive
F0943,PHL1800_HAIV_0400,final_selection_1800/images/haivmet/PHL1800_HAIV_0400.png,HAIVMet,positive
F0944,PHL1800_HL_0344,final_selection_1800/images/hl/PHL1800_HL_0344.png,HL Dataset,positive
F0945,PHL1800_IRFL_0368,final_selection_1800/images/irfl/PHL1800_IRFL_0368.jpg,IRFL,positive
F0946,PHL1800_IRFL_0193,final_selection_1800/images/irfl/PHL1800_IRFL_0193.jpg,IRFL,positive
F0947,PHL1800_HAIV_0451,final_selection_1800/images/haivmet/PHL1800_HAIV_0451.png,HAIVMet,positive
F0948,PHL1800_HAIV_0309,final_selection_1800/images/haivmet/PHL1800_HAIV_0309.png,HAIVMet,positive
F0949,PHL1800_HAIV_0186,final_selection_1800/images/haivmet/PHL1800_HAIV_0186.png,HAIVMet,positive
F0950,PHL1800_IRFL_0475,final_selection_1800/images/irfl/PHL1800_IRFL_0475.jpg,IRFL,boundary
F0951,PHL1800_HL_0289,final_selection_1800/images/hl/PHL1800_HL_0289.png,HL Dataset,positive
F0952,PHL1800_HAIV_0176,final_selection_1800/images/haivmet/PHL1800_HAIV_0176.png,HAIVMet,positive
F0953,PHL1800_HL_0412,final_selection_1800/images/hl/PHL1800_HL_0412.png,HL Dataset,positive
F0954,PHL1800_HL_0056,final_selection_1800/images/hl/PHL1800_HL_0056.png,HL Dataset,positive
F0955,PHL1800_IRFL_0386,final_selection_1800/images/irfl/PHL1800_IRFL_0386.jpg,IRFL,positive
F0956,PHL1800_HL_0066,final_selection_1800/images/hl/PHL1800_HL_0066.png,HL Dataset,positive
F0957,PHL1800_HL_0336,final_selection_1800/images/hl/PHL1800_HL_0336.png,HL Dataset,positive
F0958,PHL1800_HL_0375,final_selection_1800/images/hl/PHL1800_HL_0375.png,HL Dataset,positive
F0959,PHL1800_HAIV_0116,final_selection_1800/images/haivmet/PHL1800_HAIV_0116.png,HAIVMet,positive
F0960,PHL1800_HL_0059,final_selection_1800/images/hl/PHL1800_HL_0059.png,HL Dataset,positive
F0961,PHL1800_HAIV_0362,final_selection_1800/images/haivmet/PHL1800_HAIV_0362.png,HAIVMet,positive
F0962,PHL1800_HL_0123,final_selection_1800/images/hl/PHL1800_HL_0123.png,HL Dataset,positive
F0963,PHL1800_HAIV_0019,final_selection_1800/images/haivmet/PHL1800_HAIV_0019.png,HAIVMet,positive
F0964,PHL1800_HAIV_0301,final_selection_1800/images/haivmet/PHL1800_HAIV_0301.png,HAIVMet,positive
F0965,PHL1800_HL_0230,final_selection_1800/images/hl/PHL1800_HL_0230.png,HL Dataset,positive
F0966,PHL1800_IRFL_0476,final_selection_1800/images/irfl/PHL1800_IRFL_0476.jpg,IRFL,boundary
F0967,PHL1800_MM_0098,final_selection_1800/images/mm_moral/PHL1800_MM_0098.jpg,MM-MoralBench,positive
F0968,PHL1800_HL_0339,final_selection_1800/images/hl/PHL1800_HL_0339.png,HL Dataset,positive
F0969,PHL1800_IRFL_0210,final_selection_1800/images/irfl/PHL1800_IRFL_0210.jpg,IRFL,positive
F0970,PHL1800_HL_0500,final_selection_1800/images/hl/PHL1800_HL_0500.png,HL Dataset,positive
F0971,PHL1800_HAIV_0074,final_selection_1800/images/haivmet/PHL1800_HAIV_0074.png,HAIVMet,positive
F0972,PHL1800_HL_0561,final_selection_1800/images/hl/PHL1800_HL_0561.png,HL Dataset,boundary
F0973,PHL1800_HL_0424,final_selection_1800/images/hl/PHL1800_HL_0424.png,HL Dataset,positive
F0974,PHL1800_MM_0131,final_selection_1800/images/mm_moral/PHL1800_MM_0131.jpg,MM-MoralBench,positive
F0975,PHL1800_HL_0470,final_selection_1800/images/hl/PHL1800_HL_0470.png,HL Dataset,positive
F0976,PHL1800_IRFL_0317,final_selection_1800/images/irfl/PHL1800_IRFL_0317.jpg,IRFL,positive
F0977,PHL1800_HL_0549,final_selection_1800/images/hl/PHL1800_HL_0549.png,HL Dataset,boundary
F0978,PHL1800_HAIV_0154,final_selection_1800/images/haivmet/PHL1800_HAIV_0154.png,HAIVMet,positive
F0979,PHL1800_HL_0504,final_selection_1800/images/hl/PHL1800_HL_0504.png,HL Dataset,boundary
F0980,PHL1800_IRFL_0413,final_selection_1800/images/irfl/PHL1800_IRFL_0413.jpg,IRFL,positive
F0981,PHL1800_HL_0122,final_selection_1800/images/hl/PHL1800_HL_0122.png,HL Dataset,positive
F0982,PHL1800_HAIV_0468,final_selection_1800/images/haivmet/PHL1800_HAIV_0468.png,HAIVMet,positive
F0983,PHL1800_IRFL_0124,final_selection_1800/images/irfl/PHL1800_IRFL_0124.jpg,IRFL,positive
F0984,PHL1800_IRFL_0358,final_selection_1800/images/irfl/PHL1800_IRFL_0358.jpg,IRFL,positive
F0985,PHL1800_HL_0337,final_selection_1800/images/hl/PHL1800_HL_0337.png,HL Dataset,positive
F0986,PHL1800_HL_0032,final_selection_1800/images/hl/PHL1800_HL_0032.png,HL Dataset,positive
F0987,PHL1800_HL_0354,final_selection_1800/images/hl/PHL1800_HL_0354.png,HL Dataset,positive
F0988,PHL1800_HAIV_0253,final_selection_1800/images/haivmet/PHL1800_HAIV_0253.png,HAIVMet,positive
F0989,PHL1800_HAIV_0134,final_selection_1800/images/haivmet/PHL1800_HAIV_0134.png,HAIVMet,positive
F0990,PHL1800_HL_0208,final_selection_1800/images/hl/PHL1800_HL_0208.png,HL Dataset,positive
F0991,PHL1800_HAIV_0377,final_selection_1800/images/haivmet/PHL1800_HAIV_0377.png,HAIVMet,positive
F0992,PHL1800_HL_0359,final_selection_1800/images/hl/PHL1800_HL_0359.png,HL Dataset,positive
F0993,PHL1800_HAIV_0508,final_selection_1800/images/haivmet/PHL1800_HAIV_0508.png,HAIVMet,positive
F0994,PHL1800_HL_0529,final_selection_1800/images/hl/PHL1800_HL_0529.png,HL Dataset,boundary
F0995,PHL1800_HL_0205,final_selection_1800/images/hl/PHL1800_HL_0205.png,HL Dataset,positive
F0996,PHL1800_IRFL_0331,final_selection_1800/images/irfl/PHL1800_IRFL_0331.jpg,IRFL,positive
F0997,PHL1800_HL_0586,final_selection_1800/images/hl/PHL1800_HL_0586.png,HL Dataset,boundary
F0998,PHL1800_IRFL_0422,final_selection_1800/images/irfl/PHL1800_IRFL_0422.jpg,IRFL,boundary
F0999,PHL1800_HL_0442,final_selection_1800/images/hl/PHL1800_HL_0442.png,HL Dataset,positive
F1000,PHL1800_HL_0021,final_selection_1800/images/hl/PHL1800_HL_0021.png,HL Dataset,positive
F1001,PHL1800_HL_0100,final_selection_1800/images/hl/PHL1800_HL_0100.png,HL Dataset,positive
F1002,PHL1800_HL_0313,final_selection_1800/images/hl/PHL1800_HL_0313.png,HL Dataset,positive
F1003,PHL1800_HL_0092,final_selection_1800/images/hl/PHL1800_HL_0092.png,HL Dataset,positive
F1004,PHL1800_IRFL_0123,final_selection_1800/images/irfl/PHL1800_IRFL_0123.jpg,IRFL,positive
F1005,PHL1800_HL_0260,final_selection_1800/images/hl/PHL1800_HL_0260.png,HL Dataset,positive
F1006,PHL1800_HL_0296,final_selection_1800/images/hl/PHL1800_HL_0296.png,HL Dataset,positive
F1007,PHL1800_HAIV_0124,final_selection_1800/images/haivmet/PHL1800_HAIV_0124.png,HAIVMet,positive
F1008,PHL1800_HL_0477,final_selection_1800/images/hl/PHL1800_HL_0477.png,HL Dataset,positive
F1009,PHL1800_IRFL_0037,final_selection_1800/images/irfl/PHL1800_IRFL_0037.jpg,IRFL,positive
F1010,PHL1800_HAIV_0392,final_selection_1800/images/haivmet/PHL1800_HAIV_0392.png,HAIVMet,positive
F1011,PHL1800_IRFL_0419,final_selection_1800/images/irfl/PHL1800_IRFL_0419.jpg,IRFL,positive
F1012,PHL1800_MM_0126,final_selection_1800/images/mm_moral/PHL1800_MM_0126.jpg,MM-MoralBench,positive
F1013,PHL1800_HL_0593,final_selection_1800/images/hl/PHL1800_HL_0593.png,HL Dataset,boundary
F1014,PHL1800_IRFL_0374,final_selection_1800/images/irfl/PHL1800_IRFL_0374.jpg,IRFL,positive
F1015,PHL1800_IRFL_0256,final_selection_1800/images/irfl/PHL1800_IRFL_0256.jpg,IRFL,positive
F1016,PHL1800_HL_0275,final_selection_1800/images/hl/PHL1800_HL_0275.png,HL Dataset,positive
F1017,PHL1800_HAIV_0072,final_selection_1800/images/haivmet/PHL1800_HAIV_0072.png,HAIVMet,positive
F1018,PHL1800_HAIV_0080,final_selection_1800/images/haivmet/PHL1800_HAIV_0080.png,HAIVMet,positive
F1019,PHL1800_IRFL_0097,final_selection_1800/images/irfl/PHL1800_IRFL_0097.jpg,IRFL,positive
F1020,PHL1800_HL_0075,final_selection_1800/images/hl/PHL1800_HL_0075.png,HL Dataset,positive
F1021,PHL1800_HAIV_0399,final_selection_1800/images/haivmet/PHL1800_HAIV_0399.png,HAIVMet,positive
F1022,PHL1800_IRFL_0240,final_selection_1800/images/irfl/PHL1800_IRFL_0240.jpg,IRFL,positive
F1023,PHL1800_HAIV_0407,final_selection_1800/images/haivmet/PHL1800_HAIV_0407.png,HAIVMet,positive
F1024,PHL1800_MM_0111,final_selection_1800/images/mm_moral/PHL1800_MM_0111.jpg,MM-MoralBench,positive
F1025,PHL1800_HL_0200,final_selection_1800/images/hl/PHL1800_HL_0200.png,HL Dataset,positive
F1026,PHL1800_HAIV_0165,final_selection_1800/images/haivmet/PHL1800_HAIV_0165.png,HAIVMet,positive
F1027,PHL1800_IRFL_0391,final_selection_1800/images/irfl/PHL1800_IRFL_0391.jpg,IRFL,positive
F1028,PHL1800_HL_0305,final_selection_1800/images/hl/PHL1800_HL_0305.png,HL Dataset,positive
F1029,PHL1800_IRFL_0479,final_selection_1800/images/irfl/PHL1800_IRFL_0479.jpg,IRFL,boundary
F1030,PHL1800_HAIV_0429,final_selection_1800/images/haivmet/PHL1800_HAIV_0429.png,HAIVMet,positive
F1031,PHL1800_IRFL_0186,final_selection_1800/images/irfl/PHL1800_IRFL_0186.jpg,IRFL,positive
F1032,PHL1800_IRFL_0075,final_selection_1800/images/irfl/PHL1800_IRFL_0075.jpg,IRFL,positive
F1033,PHL1800_IRFL_0283,final_selection_1800/images/irfl/PHL1800_IRFL_0283.jpg,IRFL,positive
F1034,PHL1800_HL_0074,final_selection_1800/images/hl/PHL1800_HL_0074.png,HL Dataset,positive
F1035,PHL1800_IRFL_0482,final_selection_1800/images/irfl/PHL1800_IRFL_0482.jpg,IRFL,boundary
F1036,PHL1800_HL_0179,final_selection_1800/images/hl/PHL1800_HL_0179.png,HL Dataset,positive
F1037,PHL1800_HL_0436,final_selection_1800/images/hl/PHL1800_HL_0436.png,HL Dataset,positive
F1038,PHL1800_HAIV_0025,final_selection_1800/images/haivmet/PHL1800_HAIV_0025.png,HAIVMet,positive
F1039,PHL1800_IRFL_0033,final_selection_1800/images/irfl/PHL1800_IRFL_0033.jpg,IRFL,positive
F1040,PHL1800_IRFL_0395,final_selection_1800/images/irfl/PHL1800_IRFL_0395.jpg,IRFL,positive
F1041,PHL1800_MM_0099,final_selection_1800/images/mm_moral/PHL1800_MM_0099.jpg,MM-MoralBench,positive
F1042,PHL1800_HAIV_0542,final_selection_1800/images/haivmet/PHL1800_HAIV_0542.png,HAIVMet,positive
F1043,PHL1800_HL_0270,final_selection_1800/images/hl/PHL1800_HL_0270.png,HL Dataset,positive
F1044,PHL1800_MM_0055,final_selection_1800/images/mm_moral/PHL1800_MM_0055.jpg,MM-MoralBench,positive
F1045,PHL1800_MM_0130,final_selection_1800/images/mm_moral/PHL1800_MM_0130.jpg,MM-MoralBench,positive
F1046,PHL1800_IRFL_0056,final_selection_1800/images/irfl/PHL1800_IRFL_0056.jpg,IRFL,positive
F1047,PHL1800_IRFL_0257,final_selection_1800/images/irfl/PHL1800_IRFL_0257.jpg,IRFL,positive
F1048,PHL1800_HAIV_0185,final_selection_1800/images/haivmet/PHL1800_HAIV_0185.png,HAIVMet,positive
F1049,PHL1800_HL_0138,final_selection_1800/images/hl/PHL1800_HL_0138.png,HL Dataset,positive
F1050,PHL1800_HL_0518,final_selection_1800/images/hl/PHL1800_HL_0518.png,HL Dataset,boundary
F1051,PHL1800_IRFL_0209,final_selection_1800/images/irfl/PHL1800_IRFL_0209.jpg,IRFL,positive
F1052,PHL1800_HL_0589,final_selection_1800/images/hl/PHL1800_HL_0589.png,HL Dataset,boundary
F1053,PHL1800_HL_0450,final_selection_1800/images/hl/PHL1800_HL_0450.png,HL Dataset,positive
F1054,PHL1800_HAIV_0473,final_selection_1800/images/haivmet/PHL1800_HAIV_0473.png,HAIVMet,positive
F1055,PHL1800_HAIV_0384,final_selection_1800/images/haivmet/PHL1800_HAIV_0384.png,HAIVMet,positive
F1056,PHL1800_IRFL_0463,final_selection_1800/images/irfl/PHL1800_IRFL_0463.jpg,IRFL,boundary
F1057,PHL1800_IRFL_0058,final_selection_1800/images/irfl/PHL1800_IRFL_0058.jpg,IRFL,positive
F1058,PHL1800_MM_0031,final_selection_1800/images/mm_moral/PHL1800_MM_0031.jpg,MM-MoralBench,positive
F1059,PHL1800_HAIV_0415,final_selection_1800/images/haivmet/PHL1800_HAIV_0415.png,HAIVMet,positive
F1060,PHL1800_HAIV_0518,final_selection_1800/images/haivmet/PHL1800_HAIV_0518.png,HAIVMet,positive
F1061,PHL1800_HL_0599,final_selection_1800/images/hl/PHL1800_HL_0599.png,HL Dataset,boundary
F1062,PHL1800_HAIV_0195,final_selection_1800/images/haivmet/PHL1800_HAIV_0195.png,HAIVMet,positive
F1063,PHL1800_HL_0006,final_selection_1800/images/hl/PHL1800_HL_0006.png,HL Dataset,positive
F1064,PHL1800_IRFL_0500,final_selection_1800/images/irfl/PHL1800_IRFL_0500.jpg,IRFL,boundary
F1065,PHL1800_HL_0355,final_selection_1800/images/hl/PHL1800_HL_0355.png,HL Dataset,positive
F1066,PHL1800_HAIV_0078,final_selection_1800/images/haivmet/PHL1800_HAIV_0078.png,HAIVMet,positive
F1067,PHL1800_HAIV_0190,final_selection_1800/images/haivmet/PHL1800_HAIV_0190.png,HAIVMet,positive
F1068,PHL1800_HL_0165,final_selection_1800/images/hl/PHL1800_HL_0165.png,HL Dataset,positive
F1069,PHL1800_HAIV_0095,final_selection_1800/images/haivmet/PHL1800_HAIV_0095.png,HAIVMet,positive
F1070,PHL1800_IRFL_0493,final_selection_1800/images/irfl/PHL1800_IRFL_0493.jpg,IRFL,boundary
F1071,PHL1800_HAIV_0044,final_selection_1800/images/haivmet/PHL1800_HAIV_0044.png,HAIVMet,positive
F1072,PHL1800_IRFL_0049,final_selection_1800/images/irfl/PHL1800_IRFL_0049.jpg,IRFL,positive
F1073,PHL1800_HAIV_0150,final_selection_1800/images/haivmet/PHL1800_HAIV_0150.png,HAIVMet,positive
F1074,PHL1800_MM_0042,final_selection_1800/images/mm_moral/PHL1800_MM_0042.jpg,MM-MoralBench,positive
F1075,PHL1800_IRFL_0168,final_selection_1800/images/irfl/PHL1800_IRFL_0168.jpg,IRFL,positive
F1076,PHL1800_HAIV_0540,final_selection_1800/images/haivmet/PHL1800_HAIV_0540.png,HAIVMet,positive
F1077,PHL1800_HAIV_0232,final_selection_1800/images/haivmet/PHL1800_HAIV_0232.png,HAIVMet,positive
F1078,PHL1800_HAIV_0200,final_selection_1800/images/haivmet/PHL1800_HAIV_0200.png,HAIVMet,positive
F1079,PHL1800_MM_0071,final_selection_1800/images/mm_moral/PHL1800_MM_0071.jpg,MM-MoralBench,positive
F1080,PHL1800_HL_0211,final_selection_1800/images/hl/PHL1800_HL_0211.png,HL Dataset,positive
F1081,PHL1800_HL_0057,final_selection_1800/images/hl/PHL1800_HL_0057.png,HL Dataset,positive
F1082,PHL1800_HAIV_0478,final_selection_1800/images/haivmet/PHL1800_HAIV_0478.png,HAIVMet,positive
F1083,PHL1800_HAIV_0237,final_selection_1800/images/haivmet/PHL1800_HAIV_0237.png,HAIVMet,positive
F1084,PHL1800_IRFL_0048,final_selection_1800/images/irfl/PHL1800_IRFL_0048.jpg,IRFL,positive
F1085,PHL1800_HAIV_0282,final_selection_1800/images/haivmet/PHL1800_HAIV_0282.png,HAIVMet,positive
F1086,PHL1800_MM_0003,final_selection_1800/images/mm_moral/PHL1800_MM_0003.jpg,MM-MoralBench,positive
F1087,PHL1800_HAIV_0380,final_selection_1800/images/haivmet/PHL1800_HAIV_0380.png,HAIVMet,positive
F1088,PHL1800_MM_0106,final_selection_1800/images/mm_moral/PHL1800_MM_0106.jpg,MM-MoralBench,positive
F1089,PHL1800_IRFL_0266,final_selection_1800/images/irfl/PHL1800_IRFL_0266.jpg,IRFL,positive
F1090,PHL1800_IRFL_0319,final_selection_1800/images/irfl/PHL1800_IRFL_0319.jpg,IRFL,positive
F1091,PHL1800_HAIV_0457,final_selection_1800/images/haivmet/PHL1800_HAIV_0457.png,HAIVMet,positive
F1092,PHL1800_HL_0292,final_selection_1800/images/hl/PHL1800_HL_0292.png,HL Dataset,positive
F1093,PHL1800_HAIV_0375,final_selection_1800/images/haivmet/PHL1800_HAIV_0375.png,HAIVMet,positive
F1094,PHL1800_HAIV_0049,final_selection_1800/images/haivmet/PHL1800_HAIV_0049.png,HAIVMet,positive
F1095,PHL1800_IRFL_0325,final_selection_1800/images/irfl/PHL1800_IRFL_0325.jpg,IRFL,positive
F1096,PHL1800_MM_0068,final_selection_1800/images/mm_moral/PHL1800_MM_0068.jpg,MM-MoralBench,positive
F1097,PHL1800_HL_0303,final_selection_1800/images/hl/PHL1800_HL_0303.png,HL Dataset,positive
F1098,PHL1800_IRFL_0447,final_selection_1800/images/irfl/PHL1800_IRFL_0447.jpg,IRFL,boundary
F1099,PHL1800_IRFL_0216,final_selection_1800/images/irfl/PHL1800_IRFL_0216.jpg,IRFL,positive
F1100,PHL1800_HL_0253,final_selection_1800/images/hl/PHL1800_HL_0253.png,HL Dataset,positive
F1101,PHL1800_IRFL_0119,final_selection_1800/images/irfl/PHL1800_IRFL_0119.jpg,IRFL,positive
F1102,PHL1800_HL_0244,final_selection_1800/images/hl/PHL1800_HL_0244.png,HL Dataset,positive
F1103,PHL1800_HL_0580,final_selection_1800/images/hl/PHL1800_HL_0580.png,HL Dataset,boundary
F1104,PHL1800_HL_0414,final_selection_1800/images/hl/PHL1800_HL_0414.png,HL Dataset,positive
F1105,PHL1800_HAIV_0203,final_selection_1800/images/haivmet/PHL1800_HAIV_0203.png,HAIVMet,positive
F1106,PHL1800_IRFL_0146,final_selection_1800/images/irfl/PHL1800_IRFL_0146.jpg,IRFL,positive
F1107,PHL1800_IRFL_0095,final_selection_1800/images/irfl/PHL1800_IRFL_0095.jpg,IRFL,positive
F1108,PHL1800_IRFL_0445,final_selection_1800/images/irfl/PHL1800_IRFL_0445.jpg,IRFL,boundary
F1109,PHL1800_MM_0102,final_selection_1800/images/mm_moral/PHL1800_MM_0102.jpg,MM-MoralBench,positive
F1110,PHL1800_HAIV_0103,final_selection_1800/images/haivmet/PHL1800_HAIV_0103.png,HAIVMet,positive
F1111,PHL1800_HL_0449,final_selection_1800/images/hl/PHL1800_HL_0449.png,HL Dataset,positive
F1112,PHL1800_IRFL_0254,final_selection_1800/images/irfl/PHL1800_IRFL_0254.jpg,IRFL,positive
F1113,PHL1800_IRFL_0151,final_selection_1800/images/irfl/PHL1800_IRFL_0151.jpg,IRFL,positive
F1114,PHL1800_IRFL_0439,final_selection_1800/images/irfl/PHL1800_IRFL_0439.jpg,IRFL,boundary
F1115,PHL1800_HL_0069,final_selection_1800/images/hl/PHL1800_HL_0069.png,HL Dataset,positive
F1116,PHL1800_IRFL_0297,final_selection_1800/images/irfl/PHL1800_IRFL_0297.jpg,IRFL,positive
F1117,PHL1800_HAIV_0382,final_selection_1800/images/haivmet/PHL1800_HAIV_0382.png,HAIVMet,positive
F1118,PHL1800_HAIV_0338,final_selection_1800/images/haivmet/PHL1800_HAIV_0338.png,HAIVMet,positive
F1119,PHL1800_MM_0011,final_selection_1800/images/mm_moral/PHL1800_MM_0011.jpg,MM-MoralBench,positive
F1120,PHL1800_HL_0107,final_selection_1800/images/hl/PHL1800_HL_0107.png,HL Dataset,positive
F1121,PHL1800_HL_0188,final_selection_1800/images/hl/PHL1800_HL_0188.png,HL Dataset,positive
F1122,PHL1800_HL_0093,final_selection_1800/images/hl/PHL1800_HL_0093.png,HL Dataset,positive
F1123,PHL1800_HL_0423,final_selection_1800/images/hl/PHL1800_HL_0423.png,HL Dataset,positive
F1124,PHL1800_HAIV_0323,final_selection_1800/images/haivmet/PHL1800_HAIV_0323.png,HAIVMet,positive
F1125,PHL1800_HL_0430,final_selection_1800/images/hl/PHL1800_HL_0430.png,HL Dataset,positive
F1126,PHL1800_HL_0131,final_selection_1800/images/hl/PHL1800_HL_0131.png,HL Dataset,positive
F1127,PHL1800_IRFL_0005,final_selection_1800/images/irfl/PHL1800_IRFL_0005.jpg,IRFL,positive
F1128,PHL1800_HL_0293,final_selection_1800/images/hl/PHL1800_HL_0293.png,HL Dataset,positive
F1129,PHL1800_IRFL_0411,final_selection_1800/images/irfl/PHL1800_IRFL_0411.jpg,IRFL,positive
F1130,PHL1800_HAIV_0016,final_selection_1800/images/haivmet/PHL1800_HAIV_0016.png,HAIVMet,positive
F1131,PHL1800_HAIV_0008,final_selection_1800/images/haivmet/PHL1800_HAIV_0008.png,HAIVMet,positive
F1132,PHL1800_IRFL_0294,final_selection_1800/images/irfl/PHL1800_IRFL_0294.jpg,IRFL,positive
F1133,PHL1800_IRFL_0008,final_selection_1800/images/irfl/PHL1800_IRFL_0008.jpg,IRFL,positive
F1134,PHL1800_HL_0156,final_selection_1800/images/hl/PHL1800_HL_0156.png,HL Dataset,positive
F1135,PHL1800_HL_0041,final_selection_1800/images/hl/PHL1800_HL_0041.png,HL Dataset,positive
F1136,PHL1800_HL_0558,final_selection_1800/images/hl/PHL1800_HL_0558.png,HL Dataset,boundary
F1137,PHL1800_IRFL_0093,final_selection_1800/images/irfl/PHL1800_IRFL_0093.jpg,IRFL,positive
F1138,PHL1800_IRFL_0260,final_selection_1800/images/irfl/PHL1800_IRFL_0260.jpg,IRFL,positive
F1139,PHL1800_IRFL_0376,final_selection_1800/images/irfl/PHL1800_IRFL_0376.jpg,IRFL,positive
F1140,PHL1800_HL_0463,final_selection_1800/images/hl/PHL1800_HL_0463.png,HL Dataset,positive
F1141,PHL1800_IRFL_0103,final_selection_1800/images/irfl/PHL1800_IRFL_0103.jpg,IRFL,positive
F1142,PHL1800_MM_0014,final_selection_1800/images/mm_moral/PHL1800_MM_0014.jpg,MM-MoralBench,positive
F1143,PHL1800_HL_0084,final_selection_1800/images/hl/PHL1800_HL_0084.png,HL Dataset,positive
F1144,PHL1800_HL_0301,final_selection_1800/images/hl/PHL1800_HL_0301.png,HL Dataset,positive
F1145,PHL1800_IRFL_0497,final_selection_1800/images/irfl/PHL1800_IRFL_0497.jpg,IRFL,boundary
F1146,PHL1800_IRFL_0188,final_selection_1800/images/irfl/PHL1800_IRFL_0188.jpg,IRFL,positive
F1147,PHL1800_HAIV_0051,final_selection_1800/images/haivmet/PHL1800_HAIV_0051.png,HAIVMet,positive
F1148,PHL1800_HL_0134,final_selection_1800/images/hl/PHL1800_HL_0134.png,HL Dataset,positive
F1149,PHL1800_HAIV_0151,final_selection_1800/images/haivmet/PHL1800_HAIV_0151.png,HAIVMet,positive
F1150,PHL1800_HAIV_0239,final_selection_1800/images/haivmet/PHL1800_HAIV_0239.png,HAIVMet,positive
F1151,PHL1800_HAIV_0330,final_selection_1800/images/haivmet/PHL1800_HAIV_0330.png,HAIVMet,positive
F1152,PHL1800_MM_0040,final_selection_1800/images/mm_moral/PHL1800_MM_0040.jpg,MM-MoralBench,positive
F1153,PHL1800_HAIV_0485,final_selection_1800/images/haivmet/PHL1800_HAIV_0485.png,HAIVMet,positive
F1154,PHL1800_HAIV_0169,final_selection_1800/images/haivmet/PHL1800_HAIV_0169.png,HAIVMet,positive
F1155,PHL1800_MM_0132,final_selection_1800/images/mm_moral/PHL1800_MM_0132.jpg,MM-MoralBench,positive
F1156,PHL1800_IRFL_0264,final_selection_1800/images/irfl/PHL1800_IRFL_0264.jpg,IRFL,positive
F1157,PHL1800_HAIV_0127,final_selection_1800/images/haivmet/PHL1800_HAIV_0127.png,HAIVMet,positive
F1158,PHL1800_HL_0297,final_selection_1800/images/hl/PHL1800_HL_0297.png,HL Dataset,positive
F1159,PHL1800_IRFL_0278,final_selection_1800/images/irfl/PHL1800_IRFL_0278.jpg,IRFL,positive
F1160,PHL1800_HL_0129,final_selection_1800/images/hl/PHL1800_HL_0129.png,HL Dataset,positive
F1161,PHL1800_HAIV_0312,final_selection_1800/images/haivmet/PHL1800_HAIV_0312.png,HAIVMet,positive
F1162,PHL1800_HL_0520,final_selection_1800/images/hl/PHL1800_HL_0520.png,HL Dataset,boundary
F1163,PHL1800_MM_0022,final_selection_1800/images/mm_moral/PHL1800_MM_0022.jpg,MM-MoralBench,positive
F1164,PHL1800_MM_0075,final_selection_1800/images/mm_moral/PHL1800_MM_0075.jpg,MM-MoralBench,positive
F1165,PHL1800_IRFL_0442,final_selection_1800/images/irfl/PHL1800_IRFL_0442.jpg,IRFL,boundary
F1166,PHL1800_IRFL_0361,final_selection_1800/images/irfl/PHL1800_IRFL_0361.jpg,IRFL,positive
F1167,PHL1800_HAIV_0061,final_selection_1800/images/haivmet/PHL1800_HAIV_0061.png,HAIVMet,positive
F1168,PHL1800_HL_0342,final_selection_1800/images/hl/PHL1800_HL_0342.png,HL Dataset,positive
F1169,PHL1800_IRFL_0242,final_selection_1800/images/irfl/PHL1800_IRFL_0242.jpg,IRFL,positive
F1170,PHL1800_HL_0175,final_selection_1800/images/hl/PHL1800_HL_0175.png,HL Dataset,positive
F1171,PHL1800_HL_0113,final_selection_1800/images/hl/PHL1800_HL_0113.png,HL Dataset,positive
F1172,PHL1800_HAIV_0206,final_selection_1800/images/haivmet/PHL1800_HAIV_0206.png,HAIVMet,positive
F1173,PHL1800_IRFL_0182,final_selection_1800/images/irfl/PHL1800_IRFL_0182.jpg,IRFL,positive
F1174,PHL1800_HL_0591,final_selection_1800/images/hl/PHL1800_HL_0591.png,HL Dataset,boundary
F1175,PHL1800_HAIV_0318,final_selection_1800/images/haivmet/PHL1800_HAIV_0318.png,HAIVMet,positive
F1176,PHL1800_HL_0329,final_selection_1800/images/hl/PHL1800_HL_0329.png,HL Dataset,positive
F1177,PHL1800_IRFL_0088,final_selection_1800/images/irfl/PHL1800_IRFL_0088.jpg,IRFL,positive
F1178,PHL1800_MM_0094,final_selection_1800/images/mm_moral/PHL1800_MM_0094.jpg,MM-MoralBench,positive
F1179,PHL1800_HAIV_0174,final_selection_1800/images/haivmet/PHL1800_HAIV_0174.png,HAIVMet,positive
F1180,PHL1800_IRFL_0044,final_selection_1800/images/irfl/PHL1800_IRFL_0044.jpg,IRFL,positive
F1181,PHL1800_HAIV_0493,final_selection_1800/images/haivmet/PHL1800_HAIV_0493.png,HAIVMet,positive
F1182,PHL1800_IRFL_0370,final_selection_1800/images/irfl/PHL1800_IRFL_0370.jpg,IRFL,positive
F1183,PHL1800_HAIV_0015,final_selection_1800/images/haivmet/PHL1800_HAIV_0015.png,HAIVMet,positive
F1184,PHL1800_HAIV_0032,final_selection_1800/images/haivmet/PHL1800_HAIV_0032.png,HAIVMet,positive
F1185,PHL1800_HAIV_0459,final_selection_1800/images/haivmet/PHL1800_HAIV_0459.png,HAIVMet,positive
F1186,PHL1800_MM_0114,final_selection_1800/images/mm_moral/PHL1800_MM_0114.jpg,MM-MoralBench,positive
F1187,PHL1800_HAIV_0447,final_selection_1800/images/haivmet/PHL1800_HAIV_0447.png,HAIVMet,positive
F1188,PHL1800_IRFL_0032,final_selection_1800/images/irfl/PHL1800_IRFL_0032.jpg,IRFL,positive
F1189,PHL1800_HAIV_0366,final_selection_1800/images/haivmet/PHL1800_HAIV_0366.png,HAIVMet,positive
F1190,PHL1800_IRFL_0480,final_selection_1800/images/irfl/PHL1800_IRFL_0480.jpg,IRFL,boundary
F1191,PHL1800_HAIV_0548,final_selection_1800/images/haivmet/PHL1800_HAIV_0548.png,HAIVMet,positive
F1192,PHL1800_HL_0067,final_selection_1800/images/hl/PHL1800_HL_0067.png,HL Dataset,positive
F1193,PHL1800_HAIV_0524,final_selection_1800/images/haivmet/PHL1800_HAIV_0524.png,HAIVMet,positive
F1194,PHL1800_HAIV_0109,final_selection_1800/images/haivmet/PHL1800_HAIV_0109.png,HAIVMet,positive
F1195,PHL1800_HAIV_0113,final_selection_1800/images/haivmet/PHL1800_HAIV_0113.png,HAIVMet,positive
F1196,PHL1800_HAIV_0422,final_selection_1800/images/haivmet/PHL1800_HAIV_0422.png,HAIVMet,positive
F1197,PHL1800_HAIV_0441,final_selection_1800/images/haivmet/PHL1800_HAIV_0441.png,HAIVMet,positive
F1198,PHL1800_MM_0019,final_selection_1800/images/mm_moral/PHL1800_MM_0019.jpg,MM-MoralBench,positive
F1199,PHL1800_IRFL_0047,final_selection_1800/images/irfl/PHL1800_IRFL_0047.jpg,IRFL,positive
F1200,PHL1800_HL_0598,final_selection_1800/images/hl/PHL1800_HL_0598.png,HL Dataset,boundary
F1201,PHL1800_HAIV_0101,final_selection_1800/images/haivmet/PHL1800_HAIV_0101.png,HAIVMet,positive
F1202,PHL1800_HL_0022,final_selection_1800/images/hl/PHL1800_HL_0022.png,HL Dataset,positive
F1203,PHL1800_IRFL_0228,final_selection_1800/images/irfl/PHL1800_IRFL_0228.jpg,IRFL,positive
F1204,PHL1800_HL_0024,final_selection_1800/images/hl/PHL1800_HL_0024.png,HL Dataset,positive
F1205,PHL1800_HL_0217,final_selection_1800/images/hl/PHL1800_HL_0217.png,HL Dataset,positive
F1206,PHL1800_HL_0569,final_selection_1800/images/hl/PHL1800_HL_0569.png,HL Dataset,boundary
F1207,PHL1800_HAIV_0209,final_selection_1800/images/haivmet/PHL1800_HAIV_0209.png,HAIVMet,positive
F1208,PHL1800_IRFL_0194,final_selection_1800/images/irfl/PHL1800_IRFL_0194.jpg,IRFL,positive
F1209,PHL1800_MM_0133,final_selection_1800/images/mm_moral/PHL1800_MM_0133.jpg,MM-MoralBench,positive
F1210,PHL1800_HL_0153,final_selection_1800/images/hl/PHL1800_HL_0153.png,HL Dataset,positive
F1211,PHL1800_IRFL_0273,final_selection_1800/images/irfl/PHL1800_IRFL_0273.jpg,IRFL,positive
F1212,PHL1800_HAIV_0263,final_selection_1800/images/haivmet/PHL1800_HAIV_0263.png,HAIVMet,positive
F1213,PHL1800_HAIV_0506,final_selection_1800/images/haivmet/PHL1800_HAIV_0506.png,HAIVMet,positive
F1214,PHL1800_IRFL_0062,final_selection_1800/images/irfl/PHL1800_IRFL_0062.jpg,IRFL,positive
F1215,PHL1800_HAIV_0112,final_selection_1800/images/haivmet/PHL1800_HAIV_0112.png,HAIVMet,positive
F1216,PHL1800_HAIV_0368,final_selection_1800/images/haivmet/PHL1800_HAIV_0368.png,HAIVMet,positive
F1217,PHL1800_IRFL_0495,final_selection_1800/images/irfl/PHL1800_IRFL_0495.jpg,IRFL,boundary
F1218,PHL1800_IRFL_0455,final_selection_1800/images/irfl/PHL1800_IRFL_0455.jpg,IRFL,boundary
F1219,PHL1800_HAIV_0029,final_selection_1800/images/haivmet/PHL1800_HAIV_0029.png,HAIVMet,positive
F1220,PHL1800_HL_0437,final_selection_1800/images/hl/PHL1800_HL_0437.png,HL Dataset,positive
F1221,PHL1800_HAIV_0226,final_selection_1800/images/haivmet/PHL1800_HAIV_0226.png,HAIVMet,positive
F1222,PHL1800_IRFL_0057,final_selection_1800/images/irfl/PHL1800_IRFL_0057.jpg,IRFL,positive
F1223,PHL1800_IRFL_0065,final_selection_1800/images/irfl/PHL1800_IRFL_0065.jpg,IRFL,positive
F1224,PHL1800_HL_0132,final_selection_1800/images/hl/PHL1800_HL_0132.png,HL Dataset,positive
F1225,PHL1800_HAIV_0465,final_selection_1800/images/haivmet/PHL1800_HAIV_0465.png,HAIVMet,positive
F1226,PHL1800_MM_0058,final_selection_1800/images/mm_moral/PHL1800_MM_0058.jpg,MM-MoralBench,positive
F1227,PHL1800_HL_0214,final_selection_1800/images/hl/PHL1800_HL_0214.png,HL Dataset,positive
F1228,PHL1800_HAIV_0129,final_selection_1800/images/haivmet/PHL1800_HAIV_0129.png,HAIVMet,positive
F1229,PHL1800_HL_0322,final_selection_1800/images/hl/PHL1800_HL_0322.png,HL Dataset,positive
F1230,PHL1800_HL_0212,final_selection_1800/images/hl/PHL1800_HL_0212.png,HL Dataset,positive
F1231,PHL1800_HL_0141,final_selection_1800/images/hl/PHL1800_HL_0141.png,HL Dataset,positive
F1232,PHL1800_IRFL_0390,final_selection_1800/images/irfl/PHL1800_IRFL_0390.jpg,IRFL,positive
F1233,PHL1800_IRFL_0454,final_selection_1800/images/irfl/PHL1800_IRFL_0454.jpg,IRFL,boundary
F1234,PHL1800_HL_0562,final_selection_1800/images/hl/PHL1800_HL_0562.png,HL Dataset,boundary
F1235,PHL1800_HAIV_0543,final_selection_1800/images/haivmet/PHL1800_HAIV_0543.png,HAIVMet,positive
F1236,PHL1800_HAIV_0378,final_selection_1800/images/haivmet/PHL1800_HAIV_0378.png,HAIVMet,positive
F1237,PHL1800_HAIV_0141,final_selection_1800/images/haivmet/PHL1800_HAIV_0141.png,HAIVMet,positive
F1238,PHL1800_IRFL_0173,final_selection_1800/images/irfl/PHL1800_IRFL_0173.jpg,IRFL,positive
F1239,PHL1800_MM_0054,final_selection_1800/images/mm_moral/PHL1800_MM_0054.jpg,MM-MoralBench,positive
F1240,PHL1800_IRFL_0451,final_selection_1800/images/irfl/PHL1800_IRFL_0451.jpg,IRFL,boundary
F1241,PHL1800_HAIV_0222,final_selection_1800/images/haivmet/PHL1800_HAIV_0222.png,HAIVMet,positive
F1242,PHL1800_HL_0204,final_selection_1800/images/hl/PHL1800_HL_0204.png,HL Dataset,positive
F1243,PHL1800_IRFL_0096,final_selection_1800/images/irfl/PHL1800_IRFL_0096.jpg,IRFL,positive
F1244,PHL1800_HAIV_0342,final_selection_1800/images/haivmet/PHL1800_HAIV_0342.png,HAIVMet,positive
F1245,PHL1800_HL_0475,final_selection_1800/images/hl/PHL1800_HL_0475.png,HL Dataset,positive
F1246,PHL1800_IRFL_0378,final_selection_1800/images/irfl/PHL1800_IRFL_0378.jpg,IRFL,positive
F1247,PHL1800_IRFL_0110,final_selection_1800/images/irfl/PHL1800_IRFL_0110.jpg,IRFL,positive
F1248,PHL1800_HL_0550,final_selection_1800/images/hl/PHL1800_HL_0550.png,HL Dataset,boundary
F1249,PHL1800_IRFL_0191,final_selection_1800/images/irfl/PHL1800_IRFL_0191.jpg,IRFL,positive
F1250,PHL1800_HL_0037,final_selection_1800/images/hl/PHL1800_HL_0037.png,HL Dataset,positive
F1251,PHL1800_HL_0155,final_selection_1800/images/hl/PHL1800_HL_0155.png,HL Dataset,positive
F1252,PHL1800_IRFL_0197,final_selection_1800/images/irfl/PHL1800_IRFL_0197.jpg,IRFL,positive
F1253,PHL1800_HL_0213,final_selection_1800/images/hl/PHL1800_HL_0213.png,HL Dataset,positive
F1254,PHL1800_HL_0053,final_selection_1800/images/hl/PHL1800_HL_0053.png,HL Dataset,positive
F1255,PHL1800_IRFL_0350,final_selection_1800/images/irfl/PHL1800_IRFL_0350.jpg,IRFL,positive
F1256,PHL1800_HAIV_0188,final_selection_1800/images/haivmet/PHL1800_HAIV_0188.png,HAIVMet,positive
F1257,PHL1800_HL_0259,final_selection_1800/images/hl/PHL1800_HL_0259.png,HL Dataset,positive
F1258,PHL1800_MM_0150,final_selection_1800/images/mm_moral/PHL1800_MM_0150.jpg,MM-MoralBench,positive
F1259,PHL1800_HL_0065,final_selection_1800/images/hl/PHL1800_HL_0065.png,HL Dataset,positive
F1260,PHL1800_HL_0264,final_selection_1800/images/hl/PHL1800_HL_0264.png,HL Dataset,positive
F1261,PHL1800_HAIV_0522,final_selection_1800/images/haivmet/PHL1800_HAIV_0522.png,HAIVMet,positive
F1262,PHL1800_HL_0171,final_selection_1800/images/hl/PHL1800_HL_0171.png,HL Dataset,positive
F1263,PHL1800_HL_0194,final_selection_1800/images/hl/PHL1800_HL_0194.png,HL Dataset,positive
F1264,PHL1800_IRFL_0222,final_selection_1800/images/irfl/PHL1800_IRFL_0222.jpg,IRFL,positive
F1265,PHL1800_HAIV_0022,final_selection_1800/images/haivmet/PHL1800_HAIV_0022.png,HAIVMet,positive
F1266,PHL1800_HAIV_0230,final_selection_1800/images/haivmet/PHL1800_HAIV_0230.png,HAIVMet,positive
F1267,PHL1800_IRFL_0030,final_selection_1800/images/irfl/PHL1800_IRFL_0030.jpg,IRFL,positive
F1268,PHL1800_IRFL_0116,final_selection_1800/images/irfl/PHL1800_IRFL_0116.jpg,IRFL,positive
F1269,PHL1800_IRFL_0006,final_selection_1800/images/irfl/PHL1800_IRFL_0006.jpg,IRFL,positive
F1270,PHL1800_IRFL_0081,final_selection_1800/images/irfl/PHL1800_IRFL_0081.jpg,IRFL,positive
F1271,PHL1800_HAIV_0160,final_selection_1800/images/haivmet/PHL1800_HAIV_0160.png,HAIVMet,positive
F1272,PHL1800_HAIV_0286,final_selection_1800/images/haivmet/PHL1800_HAIV_0286.png,HAIVMet,positive
F1273,PHL1800_HL_0590,final_selection_1800/images/hl/PHL1800_HL_0590.png,HL Dataset,boundary
F1274,PHL1800_HAIV_0139,final_selection_1800/images/haivmet/PHL1800_HAIV_0139.png,HAIVMet,positive
F1275,PHL1800_HAIV_0521,final_selection_1800/images/haivmet/PHL1800_HAIV_0521.png,HAIVMet,positive
F1276,PHL1800_HL_0371,final_selection_1800/images/hl/PHL1800_HL_0371.png,HL Dataset,positive
F1277,PHL1800_HAIV_0111,final_selection_1800/images/haivmet/PHL1800_HAIV_0111.png,HAIVMet,positive
F1278,PHL1800_HL_0310,final_selection_1800/images/hl/PHL1800_HL_0310.png,HL Dataset,positive
F1279,PHL1800_HAIV_0537,final_selection_1800/images/haivmet/PHL1800_HAIV_0537.png,HAIVMet,positive
F1280,PHL1800_MM_0066,final_selection_1800/images/mm_moral/PHL1800_MM_0066.jpg,MM-MoralBench,positive
F1281,PHL1800_HL_0025,final_selection_1800/images/hl/PHL1800_HL_0025.png,HL Dataset,positive
F1282,PHL1800_IRFL_0051,final_selection_1800/images/irfl/PHL1800_IRFL_0051.jpg,IRFL,positive
F1283,PHL1800_HAIV_0376,final_selection_1800/images/haivmet/PHL1800_HAIV_0376.png,HAIVMet,positive
F1284,PHL1800_HL_0541,final_selection_1800/images/hl/PHL1800_HL_0541.png,HL Dataset,boundary
F1285,PHL1800_HAIV_0079,final_selection_1800/images/haivmet/PHL1800_HAIV_0079.png,HAIVMet,positive
F1286,PHL1800_IRFL_0341,final_selection_1800/images/irfl/PHL1800_IRFL_0341.jpg,IRFL,positive
F1287,PHL1800_IRFL_0444,final_selection_1800/images/irfl/PHL1800_IRFL_0444.jpg,IRFL,boundary
F1288,PHL1800_IRFL_0036,final_selection_1800/images/irfl/PHL1800_IRFL_0036.jpg,IRFL,positive
F1289,PHL1800_HL_0018,final_selection_1800/images/hl/PHL1800_HL_0018.png,HL Dataset,positive
F1290,PHL1800_IRFL_0206,final_selection_1800/images/irfl/PHL1800_IRFL_0206.jpg,IRFL,positive
F1291,PHL1800_HL_0427,final_selection_1800/images/hl/PHL1800_HL_0427.png,HL Dataset,positive
F1292,PHL1800_IRFL_0467,final_selection_1800/images/irfl/PHL1800_IRFL_0467.jpg,IRFL,boundary
F1293,PHL1800_HL_0440,final_selection_1800/images/hl/PHL1800_HL_0440.png,HL Dataset,positive
F1294,PHL1800_IRFL_0357,final_selection_1800/images/irfl/PHL1800_IRFL_0357.jpg,IRFL,positive
F1295,PHL1800_HL_0349,final_selection_1800/images/hl/PHL1800_HL_0349.png,HL Dataset,positive
F1296,PHL1800_HL_0457,final_selection_1800/images/hl/PHL1800_HL_0457.png,HL Dataset,positive
F1297,PHL1800_HAIV_0063,final_selection_1800/images/haivmet/PHL1800_HAIV_0063.png,HAIVMet,positive
F1298,PHL1800_HL_0281,final_selection_1800/images/hl/PHL1800_HL_0281.png,HL Dataset,positive
F1299,PHL1800_IRFL_0236,final_selection_1800/images/irfl/PHL1800_IRFL_0236.jpg,IRFL,positive
F1300,PHL1800_HAIV_0442,final_selection_1800/images/haivmet/PHL1800_HAIV_0442.png,HAIVMet,positive
F1301,PHL1800_IRFL_0379,final_selection_1800/images/irfl/PHL1800_IRFL_0379.jpg,IRFL,positive
F1302,PHL1800_IRFL_0470,final_selection_1800/images/irfl/PHL1800_IRFL_0470.jpg,IRFL,boundary
F1303,PHL1800_HAIV_0307,final_selection_1800/images/haivmet/PHL1800_HAIV_0307.png,HAIVMet,positive
F1304,PHL1800_HAIV_0371,final_selection_1800/images/haivmet/PHL1800_HAIV_0371.png,HAIVMet,positive
F1305,PHL1800_HAIV_0319,final_selection_1800/images/haivmet/PHL1800_HAIV_0319.png,HAIVMet,positive
F1306,PHL1800_HAIV_0292,final_selection_1800/images/haivmet/PHL1800_HAIV_0292.png,HAIVMet,positive
F1307,PHL1800_IRFL_0423,final_selection_1800/images/irfl/PHL1800_IRFL_0423.jpg,IRFL,boundary
F1308,PHL1800_HL_0299,final_selection_1800/images/hl/PHL1800_HL_0299.png,HL Dataset,positive
F1309,PHL1800_HAIV_0043,final_selection_1800/images/haivmet/PHL1800_HAIV_0043.png,HAIVMet,positive
F1310,PHL1800_MM_0139,final_selection_1800/images/mm_moral/PHL1800_MM_0139.jpg,MM-MoralBench,positive
F1311,PHL1800_HAIV_0440,final_selection_1800/images/haivmet/PHL1800_HAIV_0440.png,HAIVMet,positive
F1312,PHL1800_HL_0228,final_selection_1800/images/hl/PHL1800_HL_0228.png,HL Dataset,positive
F1313,PHL1800_HL_0029,final_selection_1800/images/hl/PHL1800_HL_0029.png,HL Dataset,positive
F1314,PHL1800_HAIV_0097,final_selection_1800/images/haivmet/PHL1800_HAIV_0097.png,HAIVMet,positive
F1315,PHL1800_IRFL_0192,final_selection_1800/images/irfl/PHL1800_IRFL_0192.jpg,IRFL,positive
F1316,PHL1800_HL_0254,final_selection_1800/images/hl/PHL1800_HL_0254.png,HL Dataset,positive
F1317,PHL1800_HAIV_0489,final_selection_1800/images/haivmet/PHL1800_HAIV_0489.png,HAIVMet,positive
F1318,PHL1800_HAIV_0245,final_selection_1800/images/haivmet/PHL1800_HAIV_0245.png,HAIVMet,positive
F1319,PHL1800_IRFL_0002,final_selection_1800/images/irfl/PHL1800_IRFL_0002.jpg,IRFL,positive
F1320,PHL1800_HAIV_0324,final_selection_1800/images/haivmet/PHL1800_HAIV_0324.png,HAIVMet,positive
F1321,PHL1800_IRFL_0345,final_selection_1800/images/irfl/PHL1800_IRFL_0345.jpg,IRFL,positive
F1322,PHL1800_HAIV_0149,final_selection_1800/images/haivmet/PHL1800_HAIV_0149.png,HAIVMet,positive
F1323,PHL1800_IRFL_0149,final_selection_1800/images/irfl/PHL1800_IRFL_0149.jpg,IRFL,positive
F1324,PHL1800_HL_0158,final_selection_1800/images/hl/PHL1800_HL_0158.png,HL Dataset,positive
F1325,PHL1800_HAIV_0205,final_selection_1800/images/haivmet/PHL1800_HAIV_0205.png,HAIVMet,positive
F1326,PHL1800_HL_0379,final_selection_1800/images/hl/PHL1800_HL_0379.png,HL Dataset,positive
F1327,PHL1800_MM_0095,final_selection_1800/images/mm_moral/PHL1800_MM_0095.jpg,MM-MoralBench,positive
F1328,PHL1800_HL_0317,final_selection_1800/images/hl/PHL1800_HL_0317.png,HL Dataset,positive
F1329,PHL1800_HL_0294,final_selection_1800/images/hl/PHL1800_HL_0294.png,HL Dataset,positive
F1330,PHL1800_HL_0277,final_selection_1800/images/hl/PHL1800_HL_0277.png,HL Dataset,positive
F1331,PHL1800_HL_0353,final_selection_1800/images/hl/PHL1800_HL_0353.png,HL Dataset,positive
F1332,PHL1800_IRFL_0481,final_selection_1800/images/irfl/PHL1800_IRFL_0481.jpg,IRFL,boundary
F1333,PHL1800_HAIV_0120,final_selection_1800/images/haivmet/PHL1800_HAIV_0120.png,HAIVMet,positive
F1334,PHL1800_MM_0116,final_selection_1800/images/mm_moral/PHL1800_MM_0116.jpg,MM-MoralBench,positive
F1335,PHL1800_HAIV_0266,final_selection_1800/images/haivmet/PHL1800_HAIV_0266.png,HAIVMet,positive
F1336,PHL1800_IRFL_0394,final_selection_1800/images/irfl/PHL1800_IRFL_0394.jpg,IRFL,positive
F1337,PHL1800_IRFL_0073,final_selection_1800/images/irfl/PHL1800_IRFL_0073.jpg,IRFL,positive
F1338,PHL1800_HAIV_0163,final_selection_1800/images/haivmet/PHL1800_HAIV_0163.png,HAIVMet,positive
F1339,PHL1800_HAIV_0298,final_selection_1800/images/haivmet/PHL1800_HAIV_0298.png,HAIVMet,positive
F1340,PHL1800_IRFL_0373,final_selection_1800/images/irfl/PHL1800_IRFL_0373.jpg,IRFL,positive
F1341,PHL1800_HL_0197,final_selection_1800/images/hl/PHL1800_HL_0197.png,HL Dataset,positive
F1342,PHL1800_MM_0017,final_selection_1800/images/mm_moral/PHL1800_MM_0017.jpg,MM-MoralBench,positive
F1343,PHL1800_MM_0002,final_selection_1800/images/mm_moral/PHL1800_MM_0002.jpg,MM-MoralBench,positive
F1344,PHL1800_HAIV_0035,final_selection_1800/images/haivmet/PHL1800_HAIV_0035.png,HAIVMet,positive
F1345,PHL1800_HAIV_0346,final_selection_1800/images/haivmet/PHL1800_HAIV_0346.png,HAIVMet,positive
F1346,PHL1800_HAIV_0418,final_selection_1800/images/haivmet/PHL1800_HAIV_0418.png,HAIVMet,positive
F1347,PHL1800_HL_0328,final_selection_1800/images/hl/PHL1800_HL_0328.png,HL Dataset,positive
F1348,PHL1800_HL_0268,final_selection_1800/images/hl/PHL1800_HL_0268.png,HL Dataset,positive
F1349,PHL1800_IRFL_0131,final_selection_1800/images/irfl/PHL1800_IRFL_0131.jpg,IRFL,positive
F1350,PHL1800_HL_0471,final_selection_1800/images/hl/PHL1800_HL_0471.png,HL Dataset,positive
F1351,PHL1800_HAIV_0516,final_selection_1800/images/haivmet/PHL1800_HAIV_0516.png,HAIVMet,positive
F1352,PHL1800_IRFL_0091,final_selection_1800/images/irfl/PHL1800_IRFL_0091.webp,IRFL,positive
F1353,PHL1800_HL_0007,final_selection_1800/images/hl/PHL1800_HL_0007.png,HL Dataset,positive
F1354,PHL1800_MM_0038,final_selection_1800/images/mm_moral/PHL1800_MM_0038.jpg,MM-MoralBench,positive
F1355,PHL1800_IRFL_0310,final_selection_1800/images/irfl/PHL1800_IRFL_0310.jpg,IRFL,positive
F1356,PHL1800_HAIV_0081,final_selection_1800/images/haivmet/PHL1800_HAIV_0081.png,HAIVMet,positive
F1357,PHL1800_HAIV_0490,final_selection_1800/images/haivmet/PHL1800_HAIV_0490.png,HAIVMet,positive
F1358,PHL1800_HAIV_0070,final_selection_1800/images/haivmet/PHL1800_HAIV_0070.png,HAIVMet,positive
F1359,PHL1800_HAIV_0100,final_selection_1800/images/haivmet/PHL1800_HAIV_0100.png,HAIVMet,positive
F1360,PHL1800_HL_0345,final_selection_1800/images/hl/PHL1800_HL_0345.png,HL Dataset,positive
F1361,PHL1800_IRFL_0421,final_selection_1800/images/irfl/PHL1800_IRFL_0421.jpg,IRFL,boundary
F1362,PHL1800_IRFL_0414,final_selection_1800/images/irfl/PHL1800_IRFL_0414.jpg,IRFL,positive
F1363,PHL1800_HAIV_0104,final_selection_1800/images/haivmet/PHL1800_HAIV_0104.png,HAIVMet,positive
F1364,PHL1800_MM_0100,final_selection_1800/images/mm_moral/PHL1800_MM_0100.jpg,MM-MoralBench,positive
F1365,PHL1800_HL_0285,final_selection_1800/images/hl/PHL1800_HL_0285.png,HL Dataset,positive
F1366,PHL1800_IRFL_0157,final_selection_1800/images/irfl/PHL1800_IRFL_0157.jpg,IRFL,positive
F1367,PHL1800_HAIV_0006,final_selection_1800/images/haivmet/PHL1800_HAIV_0006.png,HAIVMet,positive
F1368,PHL1800_MM_0044,final_selection_1800/images/mm_moral/PHL1800_MM_0044.jpg,MM-MoralBench,positive
F1369,PHL1800_MM_0129,final_selection_1800/images/mm_moral/PHL1800_MM_0129.jpg,MM-MoralBench,positive
F1370,PHL1800_HL_0166,final_selection_1800/images/hl/PHL1800_HL_0166.png,HL Dataset,positive
F1371,PHL1800_HAIV_0383,final_selection_1800/images/haivmet/PHL1800_HAIV_0383.png,HAIVMet,positive
F1372,PHL1800_HL_0261,final_selection_1800/images/hl/PHL1800_HL_0261.png,HL Dataset,positive
F1373,PHL1800_IRFL_0028,final_selection_1800/images/irfl/PHL1800_IRFL_0028.jpg,IRFL,positive
F1374,PHL1800_HAIV_0310,final_selection_1800/images/haivmet/PHL1800_HAIV_0310.png,HAIVMet,positive
F1375,PHL1800_HAIV_0238,final_selection_1800/images/haivmet/PHL1800_HAIV_0238.png,HAIVMet,positive
F1376,PHL1800_IRFL_0134,final_selection_1800/images/irfl/PHL1800_IRFL_0134.jpg,IRFL,positive
F1377,PHL1800_HAIV_0216,final_selection_1800/images/haivmet/PHL1800_HAIV_0216.png,HAIVMet,positive
F1378,PHL1800_IRFL_0136,final_selection_1800/images/irfl/PHL1800_IRFL_0136.jpg,IRFL,positive
F1379,PHL1800_HL_0045,final_selection_1800/images/hl/PHL1800_HL_0045.png,HL Dataset,positive
F1380,PHL1800_HAIV_0048,final_selection_1800/images/haivmet/PHL1800_HAIV_0048.png,HAIVMet,positive
F1381,PHL1800_IRFL_0312,final_selection_1800/images/irfl/PHL1800_IRFL_0312.jpg,IRFL,positive
F1382,PHL1800_IRFL_0144,final_selection_1800/images/irfl/PHL1800_IRFL_0144.jpg,IRFL,positive
F1383,PHL1800_IRFL_0274,final_selection_1800/images/irfl/PHL1800_IRFL_0274.jpg,IRFL,positive
F1384,PHL1800_IRFL_0255,final_selection_1800/images/irfl/PHL1800_IRFL_0255.jpg,IRFL,positive
F1385,PHL1800_HAIV_0010,final_selection_1800/images/haivmet/PHL1800_HAIV_0010.png,HAIVMet,positive
F1386,PHL1800_HL_0510,final_selection_1800/images/hl/PHL1800_HL_0510.png,HL Dataset,boundary
F1387,PHL1800_HAIV_0013,final_selection_1800/images/haivmet/PHL1800_HAIV_0013.png,HAIVMet,positive
F1388,PHL1800_MM_0010,final_selection_1800/images/mm_moral/PHL1800_MM_0010.jpg,MM-MoralBench,positive
F1389,PHL1800_HAIV_0409,final_selection_1800/images/haivmet/PHL1800_HAIV_0409.png,HAIVMet,positive
F1390,PHL1800_HL_0199,final_selection_1800/images/hl/PHL1800_HL_0199.png,HL Dataset,positive
F1391,PHL1800_IRFL_0247,final_selection_1800/images/irfl/PHL1800_IRFL_0247.jpg,IRFL,positive
F1392,PHL1800_HL_0433,final_selection_1800/images/hl/PHL1800_HL_0433.png,HL Dataset,positive
F1393,PHL1800_HAIV_0320,final_selection_1800/images/haivmet/PHL1800_HAIV_0320.png,HAIVMet,positive
F1394,PHL1800_IRFL_0307,final_selection_1800/images/irfl/PHL1800_IRFL_0307.jpg,IRFL,positive
F1395,PHL1800_IRFL_0001,final_selection_1800/images/irfl/PHL1800_IRFL_0001.jpg,IRFL,positive
F1396,PHL1800_IRFL_0396,final_selection_1800/images/irfl/PHL1800_IRFL_0396.jpg,IRFL,positive
F1397,PHL1800_IRFL_0322,final_selection_1800/images/irfl/PHL1800_IRFL_0322.jpg,IRFL,positive
F1398,PHL1800_HL_0269,final_selection_1800/images/hl/PHL1800_HL_0269.png,HL Dataset,positive
F1399,PHL1800_HAIV_0255,final_selection_1800/images/haivmet/PHL1800_HAIV_0255.png,HAIVMet,positive
F1400,PHL1800_HL_0044,final_selection_1800/images/hl/PHL1800_HL_0044.png,HL Dataset,positive
F1401,PHL1800_IRFL_0055,final_selection_1800/images/irfl/PHL1800_IRFL_0055.jpg,IRFL,positive
F1402,PHL1800_HAIV_0108,final_selection_1800/images/haivmet/PHL1800_HAIV_0108.png,HAIVMet,positive
F1403,PHL1800_IRFL_0431,final_selection_1800/images/irfl/PHL1800_IRFL_0431.jpg,IRFL,boundary
F1404,PHL1800_HAIV_0300,final_selection_1800/images/haivmet/PHL1800_HAIV_0300.png,HAIVMet,positive
F1405,PHL1800_HL_0009,final_selection_1800/images/hl/PHL1800_HL_0009.png,HL Dataset,positive
F1406,PHL1800_IRFL_0152,final_selection_1800/images/irfl/PHL1800_IRFL_0152.jpg,IRFL,positive
F1407,PHL1800_IRFL_0354,final_selection_1800/images/irfl/PHL1800_IRFL_0354.jpg,IRFL,positive
F1408,PHL1800_IRFL_0349,final_selection_1800/images/irfl/PHL1800_IRFL_0349.jpg,IRFL,positive
F1409,PHL1800_IRFL_0348,final_selection_1800/images/irfl/PHL1800_IRFL_0348.jpg,IRFL,positive
F1410,PHL1800_HAIV_0343,final_selection_1800/images/haivmet/PHL1800_HAIV_0343.png,HAIVMet,positive
F1411,PHL1800_HL_0078,final_selection_1800/images/hl/PHL1800_HL_0078.png,HL Dataset,positive
F1412,PHL1800_HL_0544,final_selection_1800/images/hl/PHL1800_HL_0544.png,HL Dataset,boundary
F1413,PHL1800_HAIV_0202,final_selection_1800/images/haivmet/PHL1800_HAIV_0202.png,HAIVMet,positive
F1414,PHL1800_HAIV_0214,final_selection_1800/images/haivmet/PHL1800_HAIV_0214.png,HAIVMet,positive
F1415,PHL1800_IRFL_0225,final_selection_1800/images/irfl/PHL1800_IRFL_0225.jpg,IRFL,positive
F1416,PHL1800_MM_0051,final_selection_1800/images/mm_moral/PHL1800_MM_0051.jpg,MM-MoralBench,positive
F1417,PHL1800_IRFL_0487,final_selection_1800/images/irfl/PHL1800_IRFL_0487.jpg,IRFL,boundary
F1418,PHL1800_IRFL_0245,final_selection_1800/images/irfl/PHL1800_IRFL_0245.jpg,IRFL,positive
F1419,PHL1800_HAIV_0281,final_selection_1800/images/haivmet/PHL1800_HAIV_0281.png,HAIVMet,positive
F1420,PHL1800_IRFL_0311,final_selection_1800/images/irfl/PHL1800_IRFL_0311.jpg,IRFL,positive
F1421,PHL1800_HAIV_0369,final_selection_1800/images/haivmet/PHL1800_HAIV_0369.png,HAIVMet,positive
F1422,PHL1800_HAIV_0213,final_selection_1800/images/haivmet/PHL1800_HAIV_0213.png,HAIVMet,positive
F1423,PHL1800_HL_0571,final_selection_1800/images/hl/PHL1800_HL_0571.png,HL Dataset,boundary
F1424,PHL1800_HAIV_0228,final_selection_1800/images/haivmet/PHL1800_HAIV_0228.png,HAIVMet,positive
F1425,PHL1800_HL_0327,final_selection_1800/images/hl/PHL1800_HL_0327.png,HL Dataset,positive
F1426,PHL1800_IRFL_0198,final_selection_1800/images/irfl/PHL1800_IRFL_0198.jpg,IRFL,positive
F1427,PHL1800_IRFL_0090,final_selection_1800/images/irfl/PHL1800_IRFL_0090.jpg,IRFL,positive
F1428,PHL1800_HAIV_0089,final_selection_1800/images/haivmet/PHL1800_HAIV_0089.png,HAIVMet,positive
F1429,PHL1800_HL_0509,final_selection_1800/images/hl/PHL1800_HL_0509.png,HL Dataset,boundary
F1430,PHL1800_IRFL_0265,final_selection_1800/images/irfl/PHL1800_IRFL_0265.jpg,IRFL,positive
F1431,PHL1800_MM_0070,final_selection_1800/images/mm_moral/PHL1800_MM_0070.jpg,MM-MoralBench,positive
F1432,PHL1800_HL_0099,final_selection_1800/images/hl/PHL1800_HL_0099.png,HL Dataset,positive
F1433,PHL1800_MM_0121,final_selection_1800/images/mm_moral/PHL1800_MM_0121.jpg,MM-MoralBench,positive
F1434,PHL1800_IRFL_0227,final_selection_1800/images/irfl/PHL1800_IRFL_0227.jpg,IRFL,positive
F1435,PHL1800_HAIV_0133,final_selection_1800/images/haivmet/PHL1800_HAIV_0133.png,HAIVMet,positive
F1436,PHL1800_IRFL_0477,final_selection_1800/images/irfl/PHL1800_IRFL_0477.jpg,IRFL,boundary
F1437,PHL1800_HAIV_0175,final_selection_1800/images/haivmet/PHL1800_HAIV_0175.png,HAIVMet,positive
F1438,PHL1800_HAIV_0303,final_selection_1800/images/haivmet/PHL1800_HAIV_0303.png,HAIVMet,positive
F1439,PHL1800_HAIV_0359,final_selection_1800/images/haivmet/PHL1800_HAIV_0359.png,HAIVMet,positive
F1440,PHL1800_IRFL_0179,final_selection_1800/images/irfl/PHL1800_IRFL_0179.jpg,IRFL,positive
F1441,PHL1800_IRFL_0296,final_selection_1800/images/irfl/PHL1800_IRFL_0296.jpg,IRFL,positive
F1442,PHL1800_HL_0482,final_selection_1800/images/hl/PHL1800_HL_0482.png,HL Dataset,positive
F1443,PHL1800_HL_0484,final_selection_1800/images/hl/PHL1800_HL_0484.png,HL Dataset,positive
F1444,PHL1800_HL_0542,final_selection_1800/images/hl/PHL1800_HL_0542.png,HL Dataset,boundary
F1445,PHL1800_HL_0161,final_selection_1800/images/hl/PHL1800_HL_0161.png,HL Dataset,positive
F1446,PHL1800_MM_0091,final_selection_1800/images/mm_moral/PHL1800_MM_0091.jpg,MM-MoralBench,positive
F1447,PHL1800_HAIV_0157,final_selection_1800/images/haivmet/PHL1800_HAIV_0157.png,HAIVMet,positive
F1448,PHL1800_HL_0420,final_selection_1800/images/hl/PHL1800_HL_0420.png,HL Dataset,positive
F1449,PHL1800_HL_0040,final_selection_1800/images/hl/PHL1800_HL_0040.png,HL Dataset,positive
F1450,PHL1800_IRFL_0031,final_selection_1800/images/irfl/PHL1800_IRFL_0031.jpg,IRFL,positive
F1451,PHL1800_IRFL_0071,final_selection_1800/images/irfl/PHL1800_IRFL_0071.jpg,IRFL,positive
F1452,PHL1800_IRFL_0381,final_selection_1800/images/irfl/PHL1800_IRFL_0381.jpg,IRFL,positive
F1453,PHL1800_MM_0007,final_selection_1800/images/mm_moral/PHL1800_MM_0007.jpg,MM-MoralBench,positive
F1454,PHL1800_HAIV_0020,final_selection_1800/images/haivmet/PHL1800_HAIV_0020.png,HAIVMet,positive
F1455,PHL1800_IRFL_0301,final_selection_1800/images/irfl/PHL1800_IRFL_0301.jpg,IRFL,positive
F1456,PHL1800_HL_0207,final_selection_1800/images/hl/PHL1800_HL_0207.png,HL Dataset,positive
F1457,PHL1800_HAIV_0413,final_selection_1800/images/haivmet/PHL1800_HAIV_0413.png,HAIVMet,positive
F1458,PHL1800_MM_0086,final_selection_1800/images/mm_moral/PHL1800_MM_0086.jpg,MM-MoralBench,positive
F1459,PHL1800_HL_0114,final_selection_1800/images/hl/PHL1800_HL_0114.png,HL Dataset,positive
F1460,PHL1800_HL_0220,final_selection_1800/images/hl/PHL1800_HL_0220.png,HL Dataset,positive
F1461,PHL1800_HL_0495,final_selection_1800/images/hl/PHL1800_HL_0495.png,HL Dataset,positive
F1462,PHL1800_HAIV_0453,final_selection_1800/images/haivmet/PHL1800_HAIV_0453.png,HAIVMet,positive
F1463,PHL1800_IRFL_0275,final_selection_1800/images/irfl/PHL1800_IRFL_0275.jpg,IRFL,positive
F1464,PHL1800_MM_0047,final_selection_1800/images/mm_moral/PHL1800_MM_0047.jpg,MM-MoralBench,positive
F1465,PHL1800_HL_0399,final_selection_1800/images/hl/PHL1800_HL_0399.png,HL Dataset,positive
F1466,PHL1800_IRFL_0438,final_selection_1800/images/irfl/PHL1800_IRFL_0438.jpg,IRFL,boundary
F1467,PHL1800_HL_0513,final_selection_1800/images/hl/PHL1800_HL_0513.png,HL Dataset,boundary
F1468,PHL1800_HL_0501,final_selection_1800/images/hl/PHL1800_HL_0501.png,HL Dataset,boundary
F1469,PHL1800_IRFL_0111,final_selection_1800/images/irfl/PHL1800_IRFL_0111.jpg,IRFL,positive
F1470,PHL1800_HL_0428,final_selection_1800/images/hl/PHL1800_HL_0428.png,HL Dataset,positive
F1471,PHL1800_HAIV_0220,final_selection_1800/images/haivmet/PHL1800_HAIV_0220.png,HAIVMet,positive
F1472,PHL1800_IRFL_0239,final_selection_1800/images/irfl/PHL1800_IRFL_0239.jpg,IRFL,positive
F1473,PHL1800_HAIV_0423,final_selection_1800/images/haivmet/PHL1800_HAIV_0423.png,HAIVMet,positive
F1474,PHL1800_HAIV_0052,final_selection_1800/images/haivmet/PHL1800_HAIV_0052.png,HAIVMet,positive
F1475,PHL1800_HL_0560,final_selection_1800/images/hl/PHL1800_HL_0560.png,HL Dataset,boundary
F1476,PHL1800_MM_0061,final_selection_1800/images/mm_moral/PHL1800_MM_0061.jpg,MM-MoralBench,positive
F1477,PHL1800_HL_0251,final_selection_1800/images/hl/PHL1800_HL_0251.png,HL Dataset,positive
F1478,PHL1800_HL_0387,final_selection_1800/images/hl/PHL1800_HL_0387.png,HL Dataset,positive
F1479,PHL1800_HAIV_0217,final_selection_1800/images/haivmet/PHL1800_HAIV_0217.png,HAIVMet,positive
F1480,PHL1800_MM_0018,final_selection_1800/images/mm_moral/PHL1800_MM_0018.jpg,MM-MoralBench,positive
F1481,PHL1800_HL_0578,final_selection_1800/images/hl/PHL1800_HL_0578.png,HL Dataset,boundary
F1482,PHL1800_HL_0308,final_selection_1800/images/hl/PHL1800_HL_0308.png,HL Dataset,positive
F1483,PHL1800_HAIV_0002,final_selection_1800/images/haivmet/PHL1800_HAIV_0002.png,HAIVMet,positive
F1484,PHL1800_HL_0077,final_selection_1800/images/hl/PHL1800_HL_0077.png,HL Dataset,positive
F1485,PHL1800_IRFL_0334,final_selection_1800/images/irfl/PHL1800_IRFL_0334.jpg,IRFL,positive
F1486,PHL1800_HL_0287,final_selection_1800/images/hl/PHL1800_HL_0287.png,HL Dataset,positive
F1487,PHL1800_IRFL_0019,final_selection_1800/images/irfl/PHL1800_IRFL_0019.jpg,IRFL,positive
F1488,PHL1800_HAIV_0158,final_selection_1800/images/haivmet/PHL1800_HAIV_0158.png,HAIVMet,positive
F1489,PHL1800_IRFL_0409,final_selection_1800/images/irfl/PHL1800_IRFL_0409.jpg,IRFL,positive
F1490,PHL1800_HAIV_0325,final_selection_1800/images/haivmet/PHL1800_HAIV_0325.png,HAIVMet,positive
F1491,PHL1800_HL_0441,final_selection_1800/images/hl/PHL1800_HL_0441.png,HL Dataset,positive
F1492,PHL1800_HL_0177,final_selection_1800/images/hl/PHL1800_HL_0177.png,HL Dataset,positive
F1493,PHL1800_HAIV_0463,final_selection_1800/images/haivmet/PHL1800_HAIV_0463.png,HAIVMet,positive
F1494,PHL1800_HAIV_0240,final_selection_1800/images/haivmet/PHL1800_HAIV_0240.png,HAIVMet,positive
F1495,PHL1800_HL_0498,final_selection_1800/images/hl/PHL1800_HL_0498.png,HL Dataset,positive
F1496,PHL1800_IRFL_0092,final_selection_1800/images/irfl/PHL1800_IRFL_0092.jpg,IRFL,positive
F1497,PHL1800_IRFL_0027,final_selection_1800/images/irfl/PHL1800_IRFL_0027.jpg,IRFL,positive
F1498,PHL1800_HAIV_0348,final_selection_1800/images/haivmet/PHL1800_HAIV_0348.png,HAIVMet,positive
F1499,PHL1800_HL_0374,final_selection_1800/images/hl/PHL1800_HL_0374.png,HL Dataset,positive
F1500,PHL1800_HAIV_0246,final_selection_1800/images/haivmet/PHL1800_HAIV_0246.png,HAIVMet,positive
F1501,PHL1800_HL_0392,final_selection_1800/images/hl/PHL1800_HL_0392.png,HL Dataset,positive
F1502,PHL1800_HAIV_0267,final_selection_1800/images/haivmet/PHL1800_HAIV_0267.png,HAIVMet,positive
F1503,PHL1800_MM_0021,final_selection_1800/images/mm_moral/PHL1800_MM_0021.jpg,MM-MoralBench,positive
F1504,PHL1800_HAIV_0231,final_selection_1800/images/haivmet/PHL1800_HAIV_0231.png,HAIVMet,positive
F1505,PHL1800_IRFL_0022,final_selection_1800/images/irfl/PHL1800_IRFL_0022.jpg,IRFL,positive
F1506,PHL1800_IRFL_0016,final_selection_1800/images/irfl/PHL1800_IRFL_0016.jpg,IRFL,positive
F1507,PHL1800_HAIV_0087,final_selection_1800/images/haivmet/PHL1800_HAIV_0087.png,HAIVMet,positive
F1508,PHL1800_HAIV_0046,final_selection_1800/images/haivmet/PHL1800_HAIV_0046.png,HAIVMet,positive
F1509,PHL1800_IRFL_0449,final_selection_1800/images/irfl/PHL1800_IRFL_0449.jpg,IRFL,boundary
F1510,PHL1800_IRFL_0320,final_selection_1800/images/irfl/PHL1800_IRFL_0320.jpg,IRFL,positive
F1511,PHL1800_HL_0397,final_selection_1800/images/hl/PHL1800_HL_0397.png,HL Dataset,positive
F1512,PHL1800_IRFL_0383,final_selection_1800/images/irfl/PHL1800_IRFL_0383.jpg,IRFL,positive
F1513,PHL1800_MM_0079,final_selection_1800/images/mm_moral/PHL1800_MM_0079.jpg,MM-MoralBench,positive
F1514,PHL1800_HL_0248,final_selection_1800/images/hl/PHL1800_HL_0248.png,HL Dataset,positive
F1515,PHL1800_HAIV_0194,final_selection_1800/images/haivmet/PHL1800_HAIV_0194.png,HAIVMet,positive
F1516,PHL1800_HL_0034,final_selection_1800/images/hl/PHL1800_HL_0034.png,HL Dataset,positive
F1517,PHL1800_HL_0160,final_selection_1800/images/hl/PHL1800_HL_0160.png,HL Dataset,positive
F1518,PHL1800_HL_0511,final_selection_1800/images/hl/PHL1800_HL_0511.png,HL Dataset,boundary
F1519,PHL1800_IRFL_0059,final_selection_1800/images/irfl/PHL1800_IRFL_0059.jpg,IRFL,positive
F1520,PHL1800_HL_0588,final_selection_1800/images/hl/PHL1800_HL_0588.png,HL Dataset,boundary
F1521,PHL1800_HAIV_0009,final_selection_1800/images/haivmet/PHL1800_HAIV_0009.png,HAIVMet,positive
F1522,PHL1800_HL_0035,final_selection_1800/images/hl/PHL1800_HL_0035.png,HL Dataset,positive
F1523,PHL1800_HL_0556,final_selection_1800/images/hl/PHL1800_HL_0556.png,HL Dataset,boundary
F1524,PHL1800_HAIV_0363,final_selection_1800/images/haivmet/PHL1800_HAIV_0363.png,HAIVMet,positive
F1525,PHL1800_IRFL_0459,final_selection_1800/images/irfl/PHL1800_IRFL_0459.jpg,IRFL,boundary
F1526,PHL1800_IRFL_0248,final_selection_1800/images/irfl/PHL1800_IRFL_0248.jpg,IRFL,positive
F1527,PHL1800_HAIV_0390,final_selection_1800/images/haivmet/PHL1800_HAIV_0390.png,HAIVMet,positive
F1528,PHL1800_HAIV_0488,final_selection_1800/images/haivmet/PHL1800_HAIV_0488.png,HAIVMet,positive
F1529,PHL1800_HAIV_0085,final_selection_1800/images/haivmet/PHL1800_HAIV_0085.png,HAIVMet,positive
F1530,PHL1800_IRFL_0184,final_selection_1800/images/irfl/PHL1800_IRFL_0184.jpg,IRFL,positive
F1531,PHL1800_IRFL_0446,final_selection_1800/images/irfl/PHL1800_IRFL_0446.jpg,IRFL,boundary
F1532,PHL1800_HL_0325,final_selection_1800/images/hl/PHL1800_HL_0325.png,HL Dataset,positive
F1533,PHL1800_HAIV_0244,final_selection_1800/images/haivmet/PHL1800_HAIV_0244.png,HAIVMet,positive
F1534,PHL1800_IRFL_0460,final_selection_1800/images/irfl/PHL1800_IRFL_0460.jpg,IRFL,boundary
F1535,PHL1800_HAIV_0179,final_selection_1800/images/haivmet/PHL1800_HAIV_0179.png,HAIVMet,positive
F1536,PHL1800_HAIV_0284,final_selection_1800/images/haivmet/PHL1800_HAIV_0284.png,HAIVMet,positive
F1537,PHL1800_IRFL_0389,final_selection_1800/images/irfl/PHL1800_IRFL_0389.jpg,IRFL,positive
F1538,PHL1800_HL_0072,final_selection_1800/images/hl/PHL1800_HL_0072.png,HL Dataset,positive
F1539,PHL1800_HAIV_0164,final_selection_1800/images/haivmet/PHL1800_HAIV_0164.png,HAIVMet,positive
F1540,PHL1800_IRFL_0160,final_selection_1800/images/irfl/PHL1800_IRFL_0160.jpg,IRFL,positive
F1541,PHL1800_HL_0256,final_selection_1800/images/hl/PHL1800_HL_0256.png,HL Dataset,positive
F1542,PHL1800_HL_0055,final_selection_1800/images/hl/PHL1800_HL_0055.png,HL Dataset,positive
F1543,PHL1800_HL_0419,final_selection_1800/images/hl/PHL1800_HL_0419.png,HL Dataset,positive
F1544,PHL1800_MM_0120,final_selection_1800/images/mm_moral/PHL1800_MM_0120.jpg,MM-MoralBench,positive
F1545,PHL1800_HAIV_0058,final_selection_1800/images/haivmet/PHL1800_HAIV_0058.png,HAIVMet,positive
F1546,PHL1800_IRFL_0417,final_selection_1800/images/irfl/PHL1800_IRFL_0417.jpg,IRFL,positive
F1547,PHL1800_HAIV_0075,final_selection_1800/images/haivmet/PHL1800_HAIV_0075.png,HAIVMet,positive
F1548,PHL1800_HAIV_0492,final_selection_1800/images/haivmet/PHL1800_HAIV_0492.png,HAIVMet,positive
F1549,PHL1800_HAIV_0462,final_selection_1800/images/haivmet/PHL1800_HAIV_0462.png,HAIVMet,positive
F1550,PHL1800_HL_0532,final_selection_1800/images/hl/PHL1800_HL_0532.png,HL Dataset,boundary
F1551,PHL1800_HL_0133,final_selection_1800/images/hl/PHL1800_HL_0133.png,HL Dataset,positive
F1552,PHL1800_HAIV_0547,final_selection_1800/images/haivmet/PHL1800_HAIV_0547.png,HAIVMet,positive
F1553,PHL1800_HL_0361,final_selection_1800/images/hl/PHL1800_HL_0361.png,HL Dataset,positive
F1554,PHL1800_HL_0168,final_selection_1800/images/hl/PHL1800_HL_0168.png,HL Dataset,positive
F1555,PHL1800_IRFL_0364,final_selection_1800/images/irfl/PHL1800_IRFL_0364.jpg,IRFL,positive
F1556,PHL1800_IRFL_0154,final_selection_1800/images/irfl/PHL1800_IRFL_0154.jpg,IRFL,positive
F1557,PHL1800_HL_0514,final_selection_1800/images/hl/PHL1800_HL_0514.png,HL Dataset,boundary
F1558,PHL1800_HL_0555,final_selection_1800/images/hl/PHL1800_HL_0555.png,HL Dataset,boundary
F1559,PHL1800_HAIV_0433,final_selection_1800/images/haivmet/PHL1800_HAIV_0433.png,HAIVMet,positive
F1560,PHL1800_HAIV_0258,final_selection_1800/images/haivmet/PHL1800_HAIV_0258.png,HAIVMet,positive
F1561,PHL1800_IRFL_0490,final_selection_1800/images/irfl/PHL1800_IRFL_0490.jpg,IRFL,boundary
F1562,PHL1800_HL_0183,final_selection_1800/images/hl/PHL1800_HL_0183.png,HL Dataset,positive
F1563,PHL1800_HAIV_0229,final_selection_1800/images/haivmet/PHL1800_HAIV_0229.png,HAIVMet,positive
F1564,PHL1800_IRFL_0286,final_selection_1800/images/irfl/PHL1800_IRFL_0286.jpg,IRFL,positive
F1565,PHL1800_HL_0106,final_selection_1800/images/hl/PHL1800_HL_0106.png,HL Dataset,positive
F1566,PHL1800_HAIV_0210,final_selection_1800/images/haivmet/PHL1800_HAIV_0210.png,HAIVMet,positive
F1567,PHL1800_IRFL_0458,final_selection_1800/images/irfl/PHL1800_IRFL_0458.jpg,IRFL,boundary
F1568,PHL1800_IRFL_0252,final_selection_1800/images/irfl/PHL1800_IRFL_0252.jpg,IRFL,positive
F1569,PHL1800_MM_0056,final_selection_1800/images/mm_moral/PHL1800_MM_0056.jpg,MM-MoralBench,positive
F1570,PHL1800_MM_0107,final_selection_1800/images/mm_moral/PHL1800_MM_0107.jpg,MM-MoralBench,positive
F1571,PHL1800_HL_0282,final_selection_1800/images/hl/PHL1800_HL_0282.png,HL Dataset,positive
F1572,PHL1800_IRFL_0355,final_selection_1800/images/irfl/PHL1800_IRFL_0355.jpg,IRFL,positive
F1573,PHL1800_HL_0350,final_selection_1800/images/hl/PHL1800_HL_0350.png,HL Dataset,positive
F1574,PHL1800_HAIV_0184,final_selection_1800/images/haivmet/PHL1800_HAIV_0184.png,HAIVMet,positive
F1575,PHL1800_HAIV_0476,final_selection_1800/images/haivmet/PHL1800_HAIV_0476.png,HAIVMet,positive
F1576,PHL1800_HL_0366,final_selection_1800/images/hl/PHL1800_HL_0366.png,HL Dataset,positive
F1577,PHL1800_HAIV_0180,final_selection_1800/images/haivmet/PHL1800_HAIV_0180.png,HAIVMet,positive
F1578,PHL1800_IRFL_0258,final_selection_1800/images/irfl/PHL1800_IRFL_0258.jpg,IRFL,positive
F1579,PHL1800_HL_0413,final_selection_1800/images/hl/PHL1800_HL_0413.png,HL Dataset,positive
F1580,PHL1800_IRFL_0143,final_selection_1800/images/irfl/PHL1800_IRFL_0143.jpg,IRFL,positive
F1581,PHL1800_HL_0288,final_selection_1800/images/hl/PHL1800_HL_0288.png,HL Dataset,positive
F1582,PHL1800_HAIV_0250,final_selection_1800/images/haivmet/PHL1800_HAIV_0250.png,HAIVMet,positive
F1583,PHL1800_HAIV_0161,final_selection_1800/images/haivmet/PHL1800_HAIV_0161.png,HAIVMet,positive
F1584,PHL1800_IRFL_0371,final_selection_1800/images/irfl/PHL1800_IRFL_0371.jpg,IRFL,positive
F1585,PHL1800_HAIV_0426,final_selection_1800/images/haivmet/PHL1800_HAIV_0426.png,HAIVMet,positive
F1586,PHL1800_HAIV_0446,final_selection_1800/images/haivmet/PHL1800_HAIV_0446.png,HAIVMet,positive
F1587,PHL1800_MM_0096,final_selection_1800/images/mm_moral/PHL1800_MM_0096.jpg,MM-MoralBench,positive
F1588,PHL1800_HAIV_0311,final_selection_1800/images/haivmet/PHL1800_HAIV_0311.png,HAIVMet,positive
F1589,PHL1800_HAIV_0401,final_selection_1800/images/haivmet/PHL1800_HAIV_0401.png,HAIVMet,positive
F1590,PHL1800_HL_0496,final_selection_1800/images/hl/PHL1800_HL_0496.png,HL Dataset,positive
F1591,PHL1800_HL_0023,final_selection_1800/images/hl/PHL1800_HL_0023.png,HL Dataset,positive
F1592,PHL1800_HAIV_0030,final_selection_1800/images/haivmet/PHL1800_HAIV_0030.png,HAIVMet,positive
F1593,PHL1800_MM_0148,final_selection_1800/images/mm_moral/PHL1800_MM_0148.jpg,MM-MoralBench,positive
F1594,PHL1800_MM_0074,final_selection_1800/images/mm_moral/PHL1800_MM_0074.jpg,MM-MoralBench,positive
F1595,PHL1800_HAIV_0198,final_selection_1800/images/haivmet/PHL1800_HAIV_0198.png,HAIVMet,positive
F1596,PHL1800_HAIV_0302,final_selection_1800/images/haivmet/PHL1800_HAIV_0302.png,HAIVMet,positive
F1597,PHL1800_HL_0079,final_selection_1800/images/hl/PHL1800_HL_0079.png,HL Dataset,positive
F1598,PHL1800_HL_0110,final_selection_1800/images/hl/PHL1800_HL_0110.png,HL Dataset,positive
F1599,PHL1800_MM_0036,final_selection_1800/images/mm_moral/PHL1800_MM_0036.jpg,MM-MoralBench,positive
F1600,PHL1800_MM_0081,final_selection_1800/images/mm_moral/PHL1800_MM_0081.jpg,MM-MoralBench,positive
F1601,PHL1800_IRFL_0271,final_selection_1800/images/irfl/PHL1800_IRFL_0271.jpg,IRFL,positive
F1602,PHL1800_HAIV_0398,final_selection_1800/images/haivmet/PHL1800_HAIV_0398.png,HAIVMet,positive
F1603,PHL1800_HAIV_0466,final_selection_1800/images/haivmet/PHL1800_HAIV_0466.png,HAIVMet,positive
F1604,PHL1800_HL_0076,final_selection_1800/images/hl/PHL1800_HL_0076.png,HL Dataset,positive
F1605,PHL1800_HL_0170,final_selection_1800/images/hl/PHL1800_HL_0170.png,HL Dataset,positive
F1606,PHL1800_HAIV_0178,final_selection_1800/images/haivmet/PHL1800_HAIV_0178.png,HAIVMet,positive
F1607,PHL1800_IRFL_0185,final_selection_1800/images/irfl/PHL1800_IRFL_0185.jpg,IRFL,positive
F1608,PHL1800_HAIV_0505,final_selection_1800/images/haivmet/PHL1800_HAIV_0505.png,HAIVMet,positive
F1609,PHL1800_IRFL_0026,final_selection_1800/images/irfl/PHL1800_IRFL_0026.jpg,IRFL,positive
F1610,PHL1800_IRFL_0314,final_selection_1800/images/irfl/PHL1800_IRFL_0314.jpg,IRFL,positive
F1611,PHL1800_HAIV_0077,final_selection_1800/images/haivmet/PHL1800_HAIV_0077.png,HAIVMet,positive
F1612,PHL1800_IRFL_0385,final_selection_1800/images/irfl/PHL1800_IRFL_0385.jpg,IRFL,positive
F1613,PHL1800_HL_0592,final_selection_1800/images/hl/PHL1800_HL_0592.png,HL Dataset,boundary
F1614,PHL1800_HL_0575,final_selection_1800/images/hl/PHL1800_HL_0575.png,HL Dataset,boundary
F1615,PHL1800_HAIV_0277,final_selection_1800/images/haivmet/PHL1800_HAIV_0277.png,HAIVMet,positive
F1616,PHL1800_HL_0490,final_selection_1800/images/hl/PHL1800_HL_0490.png,HL Dataset,positive
F1617,PHL1800_MM_0069,final_selection_1800/images/mm_moral/PHL1800_MM_0069.jpg,MM-MoralBench,positive
F1618,PHL1800_HL_0316,final_selection_1800/images/hl/PHL1800_HL_0316.png,HL Dataset,positive
F1619,PHL1800_HL_0332,final_selection_1800/images/hl/PHL1800_HL_0332.png,HL Dataset,positive
F1620,PHL1800_IRFL_0430,final_selection_1800/images/irfl/PHL1800_IRFL_0430.jpg,IRFL,boundary
F1621,PHL1800_HL_0597,final_selection_1800/images/hl/PHL1800_HL_0597.png,HL Dataset,boundary
F1622,PHL1800_HL_0389,final_selection_1800/images/hl/PHL1800_HL_0389.png,HL Dataset,positive
F1623,PHL1800_HL_0439,final_selection_1800/images/hl/PHL1800_HL_0439.png,HL Dataset,positive
F1624,PHL1800_HL_0195,final_selection_1800/images/hl/PHL1800_HL_0195.png,HL Dataset,positive
F1625,PHL1800_HL_0101,final_selection_1800/images/hl/PHL1800_HL_0101.png,HL Dataset,positive
F1626,PHL1800_HL_0516,final_selection_1800/images/hl/PHL1800_HL_0516.png,HL Dataset,boundary
F1627,PHL1800_IRFL_0292,final_selection_1800/images/irfl/PHL1800_IRFL_0292.jpg,IRFL,positive
F1628,PHL1800_HAIV_0328,final_selection_1800/images/haivmet/PHL1800_HAIV_0328.png,HAIVMet,positive
F1629,PHL1800_IRFL_0223,final_selection_1800/images/irfl/PHL1800_IRFL_0223.jpg,IRFL,positive
F1630,PHL1800_MM_0115,final_selection_1800/images/mm_moral/PHL1800_MM_0115.jpg,MM-MoralBench,positive
F1631,PHL1800_HAIV_0357,final_selection_1800/images/haivmet/PHL1800_HAIV_0357.png,HAIVMet,positive
F1632,PHL1800_MM_0145,final_selection_1800/images/mm_moral/PHL1800_MM_0145.jpg,MM-MoralBench,positive
F1633,PHL1800_IRFL_0465,final_selection_1800/images/irfl/PHL1800_IRFL_0465.jpg,IRFL,boundary
F1634,PHL1800_IRFL_0083,final_selection_1800/images/irfl/PHL1800_IRFL_0083.jpg,IRFL,positive
F1635,PHL1800_HAIV_0073,final_selection_1800/images/haivmet/PHL1800_HAIV_0073.png,HAIVMet,positive
F1636,PHL1800_HL_0222,final_selection_1800/images/hl/PHL1800_HL_0222.png,HL Dataset,positive
F1637,PHL1800_HL_0012,final_selection_1800/images/hl/PHL1800_HL_0012.png,HL Dataset,positive
F1638,PHL1800_HL_0181,final_selection_1800/images/hl/PHL1800_HL_0181.png,HL Dataset,positive
F1639,PHL1800_IRFL_0367,final_selection_1800/images/irfl/PHL1800_IRFL_0367.jpg,IRFL,positive
F1640,PHL1800_HAIV_0132,final_selection_1800/images/haivmet/PHL1800_HAIV_0132.png,HAIVMet,positive
F1641,PHL1800_HAIV_0404,final_selection_1800/images/haivmet/PHL1800_HAIV_0404.png,HAIVMet,positive
F1642,PHL1800_IRFL_0015,final_selection_1800/images/irfl/PHL1800_IRFL_0015.jpg,IRFL,positive
F1643,PHL1800_HL_0127,final_selection_1800/images/hl/PHL1800_HL_0127.png,HL Dataset,positive
F1644,PHL1800_IRFL_0215,final_selection_1800/images/irfl/PHL1800_IRFL_0215.jpg,IRFL,positive
F1645,PHL1800_HAIV_0370,final_selection_1800/images/haivmet/PHL1800_HAIV_0370.png,HAIVMet,positive
F1646,PHL1800_HL_0096,final_selection_1800/images/hl/PHL1800_HL_0096.png,HL Dataset,positive
F1647,PHL1800_HL_0103,final_selection_1800/images/hl/PHL1800_HL_0103.png,HL Dataset,positive
F1648,PHL1800_HL_0348,final_selection_1800/images/hl/PHL1800_HL_0348.png,HL Dataset,positive
F1649,PHL1800_IRFL_0199,final_selection_1800/images/irfl/PHL1800_IRFL_0199.jpg,IRFL,positive
F1650,PHL1800_HAIV_0539,final_selection_1800/images/haivmet/PHL1800_HAIV_0539.png,HAIVMet,positive
F1651,PHL1800_HL_0522,final_selection_1800/images/hl/PHL1800_HL_0522.png,HL Dataset,boundary
F1652,PHL1800_HL_0467,final_selection_1800/images/hl/PHL1800_HL_0467.png,HL Dataset,positive
F1653,PHL1800_HAIV_0189,final_selection_1800/images/haivmet/PHL1800_HAIV_0189.png,HAIVMet,positive
F1654,PHL1800_HL_0130,final_selection_1800/images/hl/PHL1800_HL_0130.png,HL Dataset,positive
F1655,PHL1800_HAIV_0162,final_selection_1800/images/haivmet/PHL1800_HAIV_0162.png,HAIVMet,positive
F1656,PHL1800_HL_0233,final_selection_1800/images/hl/PHL1800_HL_0233.png,HL Dataset,positive
F1657,PHL1800_HAIV_0513,final_selection_1800/images/haivmet/PHL1800_HAIV_0513.png,HAIVMet,positive
F1658,PHL1800_HL_0148,final_selection_1800/images/hl/PHL1800_HL_0148.png,HL Dataset,positive
F1659,PHL1800_HAIV_0262,final_selection_1800/images/haivmet/PHL1800_HAIV_0262.png,HAIVMet,positive
F1660,PHL1800_HAIV_0268,final_selection_1800/images/haivmet/PHL1800_HAIV_0268.png,HAIVMet,positive
F1661,PHL1800_MM_0135,final_selection_1800/images/mm_moral/PHL1800_MM_0135.jpg,MM-MoralBench,positive
F1662,PHL1800_HAIV_0261,final_selection_1800/images/haivmet/PHL1800_HAIV_0261.png,HAIVMet,positive
F1663,PHL1800_HAIV_0546,final_selection_1800/images/haivmet/PHL1800_HAIV_0546.png,HAIVMet,positive
F1664,PHL1800_HL_0351,final_selection_1800/images/hl/PHL1800_HL_0351.png,HL Dataset,positive
F1665,PHL1800_HL_0304,final_selection_1800/images/hl/PHL1800_HL_0304.png,HL Dataset,positive
F1666,PHL1800_HAIV_0135,final_selection_1800/images/haivmet/PHL1800_HAIV_0135.png,HAIVMet,positive
F1667,PHL1800_HAIV_0269,final_selection_1800/images/haivmet/PHL1800_HAIV_0269.png,HAIVMet,positive
F1668,PHL1800_IRFL_0393,final_selection_1800/images/irfl/PHL1800_IRFL_0393.jpg,IRFL,positive
F1669,PHL1800_HAIV_0535,final_selection_1800/images/haivmet/PHL1800_HAIV_0535.png,HAIVMet,positive
F1670,PHL1800_HL_0003,final_selection_1800/images/hl/PHL1800_HL_0003.png,HL Dataset,positive
F1671,PHL1800_HAIV_0236,final_selection_1800/images/haivmet/PHL1800_HAIV_0236.png,HAIVMet,positive
F1672,PHL1800_HL_0090,final_selection_1800/images/hl/PHL1800_HL_0090.png,HL Dataset,positive
F1673,PHL1800_IRFL_0045,final_selection_1800/images/irfl/PHL1800_IRFL_0045.jpg,IRFL,positive
F1674,PHL1800_IRFL_0061,final_selection_1800/images/irfl/PHL1800_IRFL_0061.jpg,IRFL,positive
F1675,PHL1800_HL_0043,final_selection_1800/images/hl/PHL1800_HL_0043.png,HL Dataset,positive
F1676,PHL1800_HL_0372,final_selection_1800/images/hl/PHL1800_HL_0372.png,HL Dataset,positive
F1677,PHL1800_MM_0109,final_selection_1800/images/mm_moral/PHL1800_MM_0109.jpg,MM-MoralBench,positive
F1678,PHL1800_MM_0103,final_selection_1800/images/mm_moral/PHL1800_MM_0103.jpg,MM-MoralBench,positive
F1679,PHL1800_HL_0118,final_selection_1800/images/hl/PHL1800_HL_0118.png,HL Dataset,positive
F1680,PHL1800_HAIV_0204,final_selection_1800/images/haivmet/PHL1800_HAIV_0204.png,HAIVMet,positive
F1681,PHL1800_IRFL_0285,final_selection_1800/images/irfl/PHL1800_IRFL_0285.jpg,IRFL,positive
F1682,PHL1800_HAIV_0527,final_selection_1800/images/haivmet/PHL1800_HAIV_0527.png,HAIVMet,positive
F1683,PHL1800_IRFL_0231,final_selection_1800/images/irfl/PHL1800_IRFL_0231.jpg,IRFL,positive
F1684,PHL1800_IRFL_0353,final_selection_1800/images/irfl/PHL1800_IRFL_0353.jpg,IRFL,positive
F1685,PHL1800_HAIV_0099,final_selection_1800/images/haivmet/PHL1800_HAIV_0099.png,HAIVMet,positive
F1686,PHL1800_HL_0311,final_selection_1800/images/hl/PHL1800_HL_0311.png,HL Dataset,positive
F1687,PHL1800_IRFL_0401,final_selection_1800/images/irfl/PHL1800_IRFL_0401.jpg,IRFL,positive
F1688,PHL1800_IRFL_0276,final_selection_1800/images/irfl/PHL1800_IRFL_0276.jpg,IRFL,positive
F1689,PHL1800_IRFL_0114,final_selection_1800/images/irfl/PHL1800_IRFL_0114.jpg,IRFL,positive
F1690,PHL1800_IRFL_0366,final_selection_1800/images/irfl/PHL1800_IRFL_0366.jpg,IRFL,positive
F1691,PHL1800_MM_0105,final_selection_1800/images/mm_moral/PHL1800_MM_0105.jpg,MM-MoralBench,positive
F1692,PHL1800_IRFL_0440,final_selection_1800/images/irfl/PHL1800_IRFL_0440.jpg,IRFL,boundary
F1693,PHL1800_HL_0461,final_selection_1800/images/hl/PHL1800_HL_0461.png,HL Dataset,positive
F1694,PHL1800_HAIV_0197,final_selection_1800/images/haivmet/PHL1800_HAIV_0197.png,HAIVMet,positive
F1695,PHL1800_IRFL_0041,final_selection_1800/images/irfl/PHL1800_IRFL_0041.jpg,IRFL,positive
F1696,PHL1800_HL_0174,final_selection_1800/images/hl/PHL1800_HL_0174.png,HL Dataset,positive
F1697,PHL1800_IRFL_0251,final_selection_1800/images/irfl/PHL1800_IRFL_0251.jpg,IRFL,positive
F1698,PHL1800_HL_0061,final_selection_1800/images/hl/PHL1800_HL_0061.png,HL Dataset,positive
F1699,PHL1800_IRFL_0472,final_selection_1800/images/irfl/PHL1800_IRFL_0472.jpg,IRFL,boundary
F1700,PHL1800_HL_0523,final_selection_1800/images/hl/PHL1800_HL_0523.png,HL Dataset,boundary
F1701,PHL1800_HL_0394,final_selection_1800/images/hl/PHL1800_HL_0394.png,HL Dataset,positive
F1702,PHL1800_HL_0231,final_selection_1800/images/hl/PHL1800_HL_0231.png,HL Dataset,positive
F1703,PHL1800_HL_0535,final_selection_1800/images/hl/PHL1800_HL_0535.png,HL Dataset,boundary
F1704,PHL1800_IRFL_0405,final_selection_1800/images/irfl/PHL1800_IRFL_0405.jpg,IRFL,positive
F1705,PHL1800_HAIV_0285,final_selection_1800/images/haivmet/PHL1800_HAIV_0285.png,HAIVMet,positive
F1706,PHL1800_IRFL_0469,final_selection_1800/images/irfl/PHL1800_IRFL_0469.jpg,IRFL,boundary
F1707,PHL1800_HL_0215,final_selection_1800/images/hl/PHL1800_HL_0215.png,HL Dataset,positive
F1708,PHL1800_HAIV_0528,final_selection_1800/images/haivmet/PHL1800_HAIV_0528.png,HAIVMet,positive
F1709,PHL1800_HAIV_0296,final_selection_1800/images/haivmet/PHL1800_HAIV_0296.png,HAIVMet,positive
F1710,PHL1800_HAIV_0182,final_selection_1800/images/haivmet/PHL1800_HAIV_0182.png,HAIVMet,positive
F1711,PHL1800_HL_0314,final_selection_1800/images/hl/PHL1800_HL_0314.png,HL Dataset,positive
F1712,PHL1800_IRFL_0129,final_selection_1800/images/irfl/PHL1800_IRFL_0129.jpg,IRFL,positive
F1713,PHL1800_HL_0229,final_selection_1800/images/hl/PHL1800_HL_0229.png,HL Dataset,positive
F1714,PHL1800_IRFL_0099,final_selection_1800/images/irfl/PHL1800_IRFL_0099.webp,IRFL,positive
F1715,PHL1800_HL_0176,final_selection_1800/images/hl/PHL1800_HL_0176.png,HL Dataset,positive
F1716,PHL1800_IRFL_0177,final_selection_1800/images/irfl/PHL1800_IRFL_0177.jpg,IRFL,positive
F1717,PHL1800_HL_0278,final_selection_1800/images/hl/PHL1800_HL_0278.png,HL Dataset,positive
F1718,PHL1800_HAIV_0445,final_selection_1800/images/haivmet/PHL1800_HAIV_0445.png,HAIVMet,positive
F1719,PHL1800_IRFL_0025,final_selection_1800/images/irfl/PHL1800_IRFL_0025.jpg,IRFL,positive
F1720,PHL1800_HAIV_0117,final_selection_1800/images/haivmet/PHL1800_HAIV_0117.png,HAIVMet,positive
F1721,PHL1800_IRFL_0212,final_selection_1800/images/irfl/PHL1800_IRFL_0212.jpg,IRFL,positive
F1722,PHL1800_MM_0001,final_selection_1800/images/mm_moral/PHL1800_MM_0001.jpg,MM-MoralBench,positive
F1723,PHL1800_HAIV_0410,final_selection_1800/images/haivmet/PHL1800_HAIV_0410.png,HAIVMet,positive
F1724,PHL1800_HAIV_0545,final_selection_1800/images/haivmet/PHL1800_HAIV_0545.png,HAIVMet,positive
F1725,PHL1800_HAIV_0329,final_selection_1800/images/haivmet/PHL1800_HAIV_0329.png,HAIVMet,positive
F1726,PHL1800_HAIV_0066,final_selection_1800/images/haivmet/PHL1800_HAIV_0066.png,HAIVMet,positive
F1727,PHL1800_IRFL_0128,final_selection_1800/images/irfl/PHL1800_IRFL_0128.jpg,IRFL,positive
F1728,PHL1800_IRFL_0347,final_selection_1800/images/irfl/PHL1800_IRFL_0347.jpg,IRFL,positive
F1729,PHL1800_HL_0448,final_selection_1800/images/hl/PHL1800_HL_0448.png,HL Dataset,positive
F1730,PHL1800_IRFL_0484,final_selection_1800/images/irfl/PHL1800_IRFL_0484.jpg,IRFL,boundary
F1731,PHL1800_HL_0393,final_selection_1800/images/hl/PHL1800_HL_0393.png,HL Dataset,positive
F1732,PHL1800_HL_0358,final_selection_1800/images/hl/PHL1800_HL_0358.png,HL Dataset,positive
F1733,PHL1800_MM_0032,final_selection_1800/images/mm_moral/PHL1800_MM_0032.jpg,MM-MoralBench,positive
F1734,PHL1800_HAIV_0086,final_selection_1800/images/haivmet/PHL1800_HAIV_0086.png,HAIVMet,positive
F1735,PHL1800_HAIV_0241,final_selection_1800/images/haivmet/PHL1800_HAIV_0241.png,HAIVMet,positive
F1736,PHL1800_HL_0080,final_selection_1800/images/hl/PHL1800_HL_0080.png,HL Dataset,positive
F1737,PHL1800_IRFL_0434,final_selection_1800/images/irfl/PHL1800_IRFL_0434.jpg,IRFL,boundary
F1738,PHL1800_HAIV_0278,final_selection_1800/images/haivmet/PHL1800_HAIV_0278.png,HAIVMet,positive
F1739,PHL1800_HAIV_0221,final_selection_1800/images/haivmet/PHL1800_HAIV_0221.png,HAIVMet,positive
F1740,PHL1800_HAIV_0033,final_selection_1800/images/haivmet/PHL1800_HAIV_0033.png,HAIVMet,positive
F1741,PHL1800_IRFL_0300,final_selection_1800/images/irfl/PHL1800_IRFL_0300.jpg,IRFL,positive
F1742,PHL1800_IRFL_0399,final_selection_1800/images/irfl/PHL1800_IRFL_0399.jpg,IRFL,positive
F1743,PHL1800_HAIV_0356,final_selection_1800/images/haivmet/PHL1800_HAIV_0356.png,HAIVMet,positive
F1744,PHL1800_HAIV_0379,final_selection_1800/images/haivmet/PHL1800_HAIV_0379.png,HAIVMet,positive
F1745,PHL1800_HL_0004,final_selection_1800/images/hl/PHL1800_HL_0004.png,HL Dataset,positive
F1746,PHL1800_IRFL_0176,final_selection_1800/images/irfl/PHL1800_IRFL_0176.jpg,IRFL,positive
F1747,PHL1800_IRFL_0233,final_selection_1800/images/irfl/PHL1800_IRFL_0233.jpg,IRFL,positive
F1748,PHL1800_HL_0083,final_selection_1800/images/hl/PHL1800_HL_0083.png,HL Dataset,positive
F1749,PHL1800_HL_0097,final_selection_1800/images/hl/PHL1800_HL_0097.png,HL Dataset,positive
F1750,PHL1800_HL_0418,final_selection_1800/images/hl/PHL1800_HL_0418.png,HL Dataset,positive
F1751,PHL1800_HAIV_0387,final_selection_1800/images/haivmet/PHL1800_HAIV_0387.png,HAIVMet,positive
F1752,PHL1800_IRFL_0140,final_selection_1800/images/irfl/PHL1800_IRFL_0140.jpg,IRFL,positive
F1753,PHL1800_HL_0376,final_selection_1800/images/hl/PHL1800_HL_0376.png,HL Dataset,positive
F1754,PHL1800_IRFL_0433,final_selection_1800/images/irfl/PHL1800_IRFL_0433.jpg,IRFL,boundary
F1755,PHL1800_IRFL_0267,final_selection_1800/images/irfl/PHL1800_IRFL_0267.jpg,IRFL,positive
F1756,PHL1800_HL_0493,final_selection_1800/images/hl/PHL1800_HL_0493.png,HL Dataset,positive
F1757,PHL1800_MM_0110,final_selection_1800/images/mm_moral/PHL1800_MM_0110.jpg,MM-MoralBench,positive
F1758,PHL1800_HL_0383,final_selection_1800/images/hl/PHL1800_HL_0383.png,HL Dataset,positive
F1759,PHL1800_HAIV_0146,final_selection_1800/images/haivmet/PHL1800_HAIV_0146.png,HAIVMet,positive
F1760,PHL1800_HAIV_0257,final_selection_1800/images/haivmet/PHL1800_HAIV_0257.png,HAIVMet,positive
F1761,PHL1800_HAIV_0334,final_selection_1800/images/haivmet/PHL1800_HAIV_0334.png,HAIVMet,positive
F1762,PHL1800_HL_0117,final_selection_1800/images/hl/PHL1800_HL_0117.png,HL Dataset,positive
F1763,PHL1800_HAIV_0533,final_selection_1800/images/haivmet/PHL1800_HAIV_0533.png,HAIVMet,positive
F1764,PHL1800_IRFL_0180,final_selection_1800/images/irfl/PHL1800_IRFL_0180.jpg,IRFL,positive
F1765,PHL1800_HL_0531,final_selection_1800/images/hl/PHL1800_HL_0531.png,HL Dataset,boundary
F1766,PHL1800_HAIV_0254,final_selection_1800/images/haivmet/PHL1800_HAIV_0254.png,HAIVMet,positive
F1767,PHL1800_HL_0162,final_selection_1800/images/hl/PHL1800_HL_0162.png,HL Dataset,positive
F1768,PHL1800_HAIV_0155,final_selection_1800/images/haivmet/PHL1800_HAIV_0155.png,HAIVMet,positive
F1769,PHL1800_IRFL_0153,final_selection_1800/images/irfl/PHL1800_IRFL_0153.jpg,IRFL,positive
F1770,PHL1800_MM_0123,final_selection_1800/images/mm_moral/PHL1800_MM_0123.jpg,MM-MoralBench,positive
F1771,PHL1800_HL_0163,final_selection_1800/images/hl/PHL1800_HL_0163.png,HL Dataset,positive
F1772,PHL1800_HL_0347,final_selection_1800/images/hl/PHL1800_HL_0347.png,HL Dataset,positive
F1773,PHL1800_HAIV_0024,final_selection_1800/images/haivmet/PHL1800_HAIV_0024.png,HAIVMet,positive
F1774,PHL1800_HAIV_0092,final_selection_1800/images/haivmet/PHL1800_HAIV_0092.png,HAIVMet,positive
F1775,PHL1800_HL_0481,final_selection_1800/images/hl/PHL1800_HL_0481.png,HL Dataset,positive
F1776,PHL1800_HL_0460,final_selection_1800/images/hl/PHL1800_HL_0460.png,HL Dataset,positive
F1777,PHL1800_HL_0108,final_selection_1800/images/hl/PHL1800_HL_0108.png,HL Dataset,positive
F1778,PHL1800_IRFL_0087,final_selection_1800/images/irfl/PHL1800_IRFL_0087.jpg,IRFL,positive
F1779,PHL1800_HL_0237,final_selection_1800/images/hl/PHL1800_HL_0237.png,HL Dataset,positive
F1780,PHL1800_HL_0243,final_selection_1800/images/hl/PHL1800_HL_0243.png,HL Dataset,positive
F1781,PHL1800_HL_0320,final_selection_1800/images/hl/PHL1800_HL_0320.png,HL Dataset,positive
F1782,PHL1800_MM_0015,final_selection_1800/images/mm_moral/PHL1800_MM_0015.jpg,MM-MoralBench,positive
F1783,PHL1800_IRFL_0167,final_selection_1800/images/irfl/PHL1800_IRFL_0167.jpg,IRFL,positive
F1784,PHL1800_IRFL_0462,final_selection_1800/images/irfl/PHL1800_IRFL_0462.jpg,IRFL,boundary
F1785,PHL1800_HL_0525,final_selection_1800/images/hl/PHL1800_HL_0525.png,HL Dataset,boundary
F1786,PHL1800_HL_0407,final_selection_1800/images/hl/PHL1800_HL_0407.png,HL Dataset,positive
F1787,PHL1800_HL_0109,final_selection_1800/images/hl/PHL1800_HL_0109.png,HL Dataset,positive
F1788,PHL1800_IRFL_0289,final_selection_1800/images/irfl/PHL1800_IRFL_0289.jpg,IRFL,positive
F1789,PHL1800_HL_0027,final_selection_1800/images/hl/PHL1800_HL_0027.png,HL Dataset,positive
F1790,PHL1800_HAIV_0460,final_selection_1800/images/haivmet/PHL1800_HAIV_0460.png,HAIVMet,positive
F1791,PHL1800_HAIV_0482,final_selection_1800/images/haivmet/PHL1800_HAIV_0482.png,HAIVMet,positive
F1792,PHL1800_HL_0521,final_selection_1800/images/hl/PHL1800_HL_0521.png,HL Dataset,boundary
F1793,PHL1800_HAIV_0279,final_selection_1800/images/haivmet/PHL1800_HAIV_0279.png,HAIVMet,positive
F1794,PHL1800_HAIV_0455,final_selection_1800/images/haivmet/PHL1800_HAIV_0455.png,HAIVMet,positive
F1795,PHL1800_HL_0081,final_selection_1800/images/hl/PHL1800_HL_0081.png,HL Dataset,positive
F1796,PHL1800_HL_0201,final_selection_1800/images/hl/PHL1800_HL_0201.png,HL Dataset,positive
F1797,PHL1800_HAIV_0448,final_selection_1800/images/haivmet/PHL1800_HAIV_0448.png,HAIVMet,positive
F1798,PHL1800_HAIV_0183,final_selection_1800/images/haivmet/PHL1800_HAIV_0183.png,HAIVMet,positive
F1799,PHL1800_MM_0028,final_selection_1800/images/mm_moral/PHL1800_MM_0028.jpg,MM-MoralBench,positive
F1800,PHL1800_HAIV_0018,final_selection_1800/images/haivmet/PHL1800_HAIV_0018.png,HAIVMet,positive
