sample_id,annotation_item_id,file_name,source,track,source_id,reference_coverage,reference_jaccard,semantic_risk_reasons
PHL1800_HL_0493,F1756,PHL1800_HL_0493.png,HL Dataset,positive,test_625.png,0.0645,0.0116,very_low_overlap_with_HL_human_captions
PHL1800_HL_0400,F0580,PHL1800_HL_0400.png,HL Dataset,positive,train_10796.png,0.0732,0.0172,very_low_overlap_with_HL_human_captions
PHL1800_HL_0458,F0481,PHL1800_HL_0458.png,HL Dataset,positive,train_2641.png,0.0811,0.0147,very_low_overlap_with_HL_human_captions;precise_count_claim
PHL1800_HL_0061,F1698,PHL1800_HL_0061.png,HL Dataset,positive,train_6757.png,0.1081,0.0229,very_low_overlap_with_HL_human_captions
PHL1800_HL_0368,F0753,PHL1800_HL_0368.png,HL Dataset,positive,train_8868.png,0.1136,0.0333,very_low_overlap_with_HL_human_captions
PHL1800_HL_0278,F1717,PHL1800_HL_0278.png,HL Dataset,positive,train_13030.png,0.1154,0.019,very_low_overlap_with_HL_human_captions
PHL1800_HL_0137,F0076,PHL1800_HL_0137.png,HL Dataset,positive,train_4339.png,0.1212,0.0241,very_low_overlap_with_HL_human_captions;specific_OCR_claim
PHL1800_HL_0027,F1789,PHL1800_HL_0027.png,HL Dataset,positive,train_4300.png,0.125,0.0267,very_low_overlap_with_HL_human_captions;explicit_visual_uncertainty
PHL1800_HL_0067,F1192,PHL1800_HL_0067.png,HL Dataset,positive,train_6043.png,0.125,0.0338,very_low_overlap_with_HL_human_captions;explicit_visual_uncertainty
PHL1800_HL_0068,F0665,PHL1800_HL_0068.png,HL Dataset,positive,train_5140.png,0.125,0.0337,very_low_overlap_with_HL_human_captions;explicit_visual_uncertainty
PHL1800_HL_0164,F0061,PHL1800_HL_0164.png,HL Dataset,positive,test_1150.png,0.125,0.0227,very_low_overlap_with_HL_human_captions
PHL1800_HL_0165,F1068,PHL1800_HL_0165.png,HL Dataset,positive,train_2396.png,0.125,0.0221,very_low_overlap_with_HL_human_captions;explicit_visual_uncertainty
PHL1800_HL_0335,F0013,PHL1800_HL_0335.png,HL Dataset,positive,train_1760.png,0.125,0.0263,very_low_overlap_with_HL_human_captions
PHL1800_HL_0369,F0681,PHL1800_HL_0369.png,HL Dataset,positive,train_9040.png,0.125,0.0268,very_low_overlap_with_HL_human_captions;specific_OCR_claim;explicit_visual_uncertainty
PHL1800_HL_0443,F0037,PHL1800_HL_0443.png,HL Dataset,positive,train_6177.png,0.125,0.0292,very_low_overlap_with_HL_human_captions;explicit_visual_uncertainty
PHL1800_HL_0417,F0010,PHL1800_HL_0417.png,HL Dataset,positive,train_13120.png,0.1282,0.0248,very_low_overlap_with_HL_human_captions
PHL1800_HL_0565,F0362,PHL1800_HL_0565.png,HL Dataset,boundary,train_8669.png,0.129,0.027,very_low_overlap_with_HL_human_captions
PHL1800_HL_0572,F0064,PHL1800_HL_0572.png,HL Dataset,boundary,train_4400.png,0.129,0.025,very_low_overlap_with_HL_human_captions;explicit_visual_uncertainty
PHL1800_HL_0292,F1092,PHL1800_HL_0292.png,HL Dataset,positive,train_11026.png,0.1321,0.0385,very_low_overlap_with_HL_human_captions
PHL1800_HL_0153,F1210,PHL1800_HL_0153.png,HL Dataset,positive,train_9942.png,0.1333,0.0235,very_low_overlap_with_HL_human_captions;explicit_visual_uncertainty
PHL1800_HL_0223,F0905,PHL1800_HL_0223.png,HL Dataset,positive,train_9727.png,0.1333,0.0323,very_low_overlap_with_HL_human_captions;precise_count_claim;explicit_visual_uncertainty
PHL1800_HL_0263,F0553,PHL1800_HL_0263.png,HL Dataset,positive,train_4512.png,0.1346,0.0307,very_low_overlap_with_HL_human_captions;explicit_visual_uncertainty
PHL1800_HL_0034,F1516,PHL1800_HL_0034.png,HL Dataset,positive,train_4295.png,0.1351,0.0272,very_low_overlap_with_HL_human_captions
PHL1800_HL_0287,F1486,PHL1800_HL_0287.png,HL Dataset,positive,train_5423.png,0.1351,0.0303,very_low_overlap_with_HL_human_captions;explicit_visual_uncertainty
PHL1800_HL_0036,F0328,PHL1800_HL_0036.png,HL Dataset,positive,test_270.png,0.1379,0.0261,very_low_overlap_with_HL_human_captions
PHL1800_HL_0148,F1658,PHL1800_HL_0148.png,HL Dataset,positive,train_9068.png,0.1389,0.0279,very_low_overlap_with_HL_human_captions;explicit_visual_uncertainty
PHL1800_HL_0429,F0422,PHL1800_HL_0429.png,HL Dataset,positive,train_4752.png,0.1395,0.0353,very_low_overlap_with_HL_human_captions;explicit_visual_uncertainty
PHL1800_HL_0364,F0181,PHL1800_HL_0364.png,HL Dataset,positive,train_10987.png,0.14,0.0374,very_low_overlap_with_HL_human_captions;explicit_visual_uncertainty
PHL1800_HL_0012,F1637,PHL1800_HL_0012.png,HL Dataset,positive,train_224.png,0.1429,0.0262,very_low_overlap_with_HL_human_captions
PHL1800_HL_0159,F0877,PHL1800_HL_0159.png,HL Dataset,positive,train_5078.png,0.1429,0.0255,very_low_overlap_with_HL_human_captions;explicit_visual_uncertainty
PHL1800_HL_0272,F0390,PHL1800_HL_0272.png,HL Dataset,positive,train_10890.png,0.1471,0.0311,very_low_overlap_with_HL_human_captions;explicit_visual_uncertainty
PHL1800_HL_0499,F0680,PHL1800_HL_0499.png,HL Dataset,positive,train_10383.png,0.1471,0.0314,very_low_overlap_with_HL_human_captions;explicit_visual_uncertainty
PHL1800_HL_0583,F0258,PHL1800_HL_0583.png,HL Dataset,boundary,train_10922.png,0.1471,0.0311,very_low_overlap_with_HL_human_captions
PHL1800_HL_0282,F1571,PHL1800_HL_0282.png,HL Dataset,positive,train_7954.png,0.1515,0.0357,very_low_overlap_with_HL_human_captions;precise_count_claim;explicit_visual_uncertainty
PHL1800_HL_0355,F1065,PHL1800_HL_0355.png,HL Dataset,positive,train_10233.png,0.1515,0.0327,very_low_overlap_with_HL_human_captions;explicit_visual_uncertainty
PHL1800_HL_0020,F0784,PHL1800_HL_0020.png,HL Dataset,positive,train_11952.png,0.1538,0.025,very_low_overlap_with_HL_human_captions
PHL1800_HL_0454,F0162,PHL1800_HL_0454.png,HL Dataset,positive,test_1374.png,0.1538,0.0347,very_low_overlap_with_HL_human_captions;specific_OCR_claim
PHL1800_HL_0453,F0067,PHL1800_HL_0453.png,HL Dataset,positive,test_305.png,0.1552,0.0459,very_low_overlap_with_HL_human_captions;explicit_visual_uncertainty
PHL1800_HL_0022,F1202,PHL1800_HL_0022.png,HL Dataset,positive,train_5809.png,0.1556,0.0385,very_low_overlap_with_HL_human_captions;precise_count_claim;explicit_visual_uncertainty
PHL1800_HL_0224,F0102,PHL1800_HL_0224.png,HL Dataset,positive,train_299.png,0.1562,0.0287,very_low_overlap_with_HL_human_captions;precise_count_claim;explicit_visual_uncertainty
PHL1800_HL_0478,F0198,PHL1800_HL_0478.png,HL Dataset,positive,train_3335.png,0.1562,0.0329,very_low_overlap_with_HL_human_captions;explicit_visual_uncertainty
PHL1800_HL_0520,F1162,PHL1800_HL_0520.png,HL Dataset,boundary,train_2233.png,0.1562,0.0345,very_low_overlap_with_HL_human_captions;explicit_visual_uncertainty
PHL1800_HL_0398,F0105,PHL1800_HL_0398.png,HL Dataset,positive,train_1613.png,0.1579,0.0426,very_low_overlap_with_HL_human_captions
PHL1800_HL_0428,F1470,PHL1800_HL_0428.png,HL Dataset,positive,train_5333.png,0.1579,0.0373,very_low_overlap_with_HL_human_captions
PHL1800_HL_0201,F1796,PHL1800_HL_0201.png,HL Dataset,positive,train_12635.png,0.1613,0.0286,very_low_overlap_with_HL_human_captions;precise_count_claim;explicit_visual_uncertainty
PHL1800_HL_0341,F0139,PHL1800_HL_0341.png,HL Dataset,positive,test_170.png,0.1613,0.0294,very_low_overlap_with_HL_human_captions;specific_OCR_claim;precise_count_claim
PHL1800_HL_0006,F1063,PHL1800_HL_0006.png,HL Dataset,positive,train_9145.png,0.1622,0.0331,very_low_overlap_with_HL_human_captions;specific_OCR_claim
PHL1800_HL_0025,F1281,PHL1800_HL_0025.png,HL Dataset,positive,train_5894.png,0.1622,0.0314,very_low_overlap_with_HL_human_captions;explicit_visual_uncertainty
PHL1800_HL_0191,F0119,PHL1800_HL_0191.png,HL Dataset,positive,test_692.png,0.1622,0.0319,very_low_overlap_with_HL_human_captions
PHL1800_HL_0049,F0229,PHL1800_HL_0049.png,HL Dataset,positive,train_12036.png,0.1667,0.0314,very_low_overlap_with_HL_human_captions;explicit_visual_uncertainty
PHL1800_HL_0125,F0702,PHL1800_HL_0125.png,HL Dataset,positive,test_236.png,0.1667,0.0422,very_low_overlap_with_HL_human_captions;specific_OCR_claim;explicit_visual_uncertainty
PHL1800_HL_0183,F1562,PHL1800_HL_0183.png,HL Dataset,positive,test_912.png,0.1667,0.0392,very_low_overlap_with_HL_human_captions;explicit_visual_uncertainty
PHL1800_HL_0200,F1025,PHL1800_HL_0200.png,HL Dataset,positive,train_8662.png,0.1667,0.0351,very_low_overlap_with_HL_human_captions
PHL1800_HL_0286,F0682,PHL1800_HL_0286.png,HL Dataset,positive,train_319.png,0.1667,0.0383,very_low_overlap_with_HL_human_captions
PHL1800_HL_0367,F0414,PHL1800_HL_0367.png,HL Dataset,positive,train_10288.png,0.1667,0.0366,very_low_overlap_with_HL_human_captions;explicit_visual_uncertainty
PHL1800_HL_0589,F1052,PHL1800_HL_0589.png,HL Dataset,boundary,train_13321.png,0.1667,0.0235,very_low_overlap_with_HL_human_captions
PHL1800_HL_0030,F0690,PHL1800_HL_0030.png,HL Dataset,positive,train_7590.png,0.1714,0.039,very_low_overlap_with_HL_human_captions
PHL1800_HL_0072,F1538,PHL1800_HL_0072.png,HL Dataset,positive,train_6740.png,0.1714,0.0303,very_low_overlap_with_HL_human_captions
PHL1800_HL_0392,F1501,PHL1800_HL_0392.png,HL Dataset,positive,train_3822.png,0.1714,0.037,very_low_overlap_with_HL_human_captions
PHL1800_HL_0096,F1646,PHL1800_HL_0096.png,HL Dataset,positive,train_783.png,0.1724,0.0256,very_low_overlap_with_HL_human_captions;explicit_visual_uncertainty
PHL1800_HL_0107,F1120,PHL1800_HL_0107.png,HL Dataset,positive,train_2839.png,0.1724,0.0276,very_low_overlap_with_HL_human_captions;precise_count_claim
PHL1800_HL_0232,F0605,PHL1800_HL_0232.png,HL Dataset,positive,train_104.png,0.1724,0.0515,very_low_overlap_with_HL_human_captions;explicit_visual_uncertainty
PHL1800_HL_0524,F0184,PHL1800_HL_0524.png,HL Dataset,boundary,test_1418.png,0.1724,0.0312,very_low_overlap_with_HL_human_captions
PHL1800_HL_0003,F1670,PHL1800_HL_0003.png,HL Dataset,positive,train_1544.png,0.1739,0.0544,very_low_overlap_with_HL_human_captions
PHL1800_HL_0267,F0774,PHL1800_HL_0267.png,HL Dataset,positive,train_4819.png,0.1746,0.0595,very_low_overlap_with_HL_human_captions
PHL1800_HL_0081,F1795,PHL1800_HL_0081.png,HL Dataset,positive,test_1239.png,0.175,0.044,very_low_overlap_with_HL_human_captions
PHL1800_HL_0174,F1696,PHL1800_HL_0174.png,HL Dataset,positive,train_6701.png,0.175,0.0407,very_low_overlap_with_HL_human_captions;explicit_visual_uncertainty
PHL1800_HL_0479,F0275,PHL1800_HL_0479.png,HL Dataset,positive,train_1326.png,0.175,0.0452,very_low_overlap_with_HL_human_captions;explicit_visual_uncertainty
PHL1800_HL_0103,F1647,PHL1800_HL_0103.png,HL Dataset,positive,train_5440.png,0.1765,0.0361,very_low_overlap_with_HL_human_captions
PHL1800_HL_0375,F0958,PHL1800_HL_0375.png,HL Dataset,positive,train_2606.png,0.1765,0.0309,very_low_overlap_with_HL_human_captions
PHL1800_HL_0388,F0693,PHL1800_HL_0388.png,HL Dataset,positive,train_4693.png,0.1765,0.0382,very_low_overlap_with_HL_human_captions;explicit_visual_uncertainty
PHL1800_HL_0463,F1140,PHL1800_HL_0463.png,HL Dataset,positive,train_12516.png,0.1765,0.0368,very_low_overlap_with_HL_human_captions
PHL1800_HL_0505,F0008,PHL1800_HL_0505.png,HL Dataset,boundary,train_11436.png,0.1765,0.0366,very_low_overlap_with_HL_human_captions;explicit_visual_uncertainty
PHL1800_HL_0507,F0175,PHL1800_HL_0507.png,HL Dataset,boundary,train_10090.png,0.1765,0.039,very_low_overlap_with_HL_human_captions;explicit_visual_uncertainty
PHL1800_HL_0559,F0739,PHL1800_HL_0559.png,HL Dataset,boundary,train_991.png,0.1765,0.0417,very_low_overlap_with_HL_human_captions;explicit_visual_uncertainty
PHL1800_HL_0250,F0215,PHL1800_HL_0250.png,HL Dataset,positive,train_4041.png,0.1778,0.0437,very_low_overlap_with_HL_human_captions;explicit_visual_uncertainty
PHL1800_HL_0073,F0419,PHL1800_HL_0073.png,HL Dataset,positive,test_151.png,0.1786,0.034,very_low_overlap_with_HL_human_captions;specific_OCR_claim
PHL1800_HL_0136,F0781,PHL1800_HL_0136.png,HL Dataset,positive,train_5562.png,0.1786,0.0296,very_low_overlap_with_HL_human_captions;explicit_visual_uncertainty
PHL1800_HL_0181,F1638,PHL1800_HL_0181.png,HL Dataset,positive,train_6289.png,0.1786,0.0301,very_low_overlap_with_HL_human_captions;explicit_visual_uncertainty
PHL1800_HL_0519,F0759,PHL1800_HL_0519.png,HL Dataset,boundary,train_10482.png,0.1795,0.0486,very_low_overlap_with_HL_human_captions
PHL1800_HL_0104,F0108,PHL1800_HL_0104.png,HL Dataset,positive,train_11580.png,0.1818,0.0377,explicit_visual_uncertainty
PHL1800_HL_0269,F1398,PHL1800_HL_0269.png,HL Dataset,positive,test_445.png,0.1818,0.0377,precise_count_claim;explicit_visual_uncertainty
PHL1800_HL_0381,F0530,PHL1800_HL_0381.png,HL Dataset,positive,train_6063.png,0.1818,0.0404,specific_OCR_claim
PHL1800_HL_0385,F0405,PHL1800_HL_0385.png,HL Dataset,positive,train_5055.png,0.1818,0.0381,precise_count_claim
PHL1800_HL_0459,F0098,PHL1800_HL_0459.png,HL Dataset,positive,test_559.png,0.1818,0.0497,explicit_visual_uncertainty
PHL1800_HL_0597,F1621,PHL1800_HL_0597.png,HL Dataset,boundary,train_12168.png,0.1818,0.0373,explicit_visual_uncertainty
PHL1800_HL_0186,F0250,PHL1800_HL_0186.png,HL Dataset,positive,test_1303.png,0.1837,0.0448,explicit_visual_uncertainty
PHL1800_HL_0467,F1652,PHL1800_HL_0467.png,HL Dataset,positive,train_5098.png,0.1837,0.0492,specific_OCR_claim
PHL1800_HL_0126,F0526,PHL1800_HL_0126.png,HL Dataset,positive,test_316.png,0.1842,0.0402,explicit_visual_uncertainty
PHL1800_HL_0193,F0106,PHL1800_HL_0193.png,HL Dataset,positive,train_3214.png,0.1842,0.0422,explicit_visual_uncertainty
PHL1800_HL_0274,F0243,PHL1800_HL_0274.png,HL Dataset,positive,test_795.png,0.1842,0.0385,explicit_visual_uncertainty
PHL1800_HL_0382,F0674,PHL1800_HL_0382.png,HL Dataset,positive,train_12216.png,0.1842,0.0419,precise_count_claim
PHL1800_HL_0484,F1443,PHL1800_HL_0484.png,HL Dataset,positive,train_1815.png,0.1842,0.0393,explicit_visual_uncertainty
PHL1800_HL_0251,F1477,PHL1800_HL_0251.png,HL Dataset,positive,train_13466.png,0.1852,0.0269,precise_count_claim
PHL1800_HL_0599,F1061,PHL1800_HL_0599.png,HL Dataset,boundary,train_6382.png,0.1875,0.0355,explicit_visual_uncertainty
PHL1800_HL_0205,F0995,PHL1800_HL_0205.png,HL Dataset,positive,train_9345.png,0.1892,0.0366,specific_OCR_claim;explicit_visual_uncertainty
PHL1800_HL_0307,F0773,PHL1800_HL_0307.png,HL Dataset,positive,train_7105.png,0.1892,0.044,precise_count_claim;explicit_visual_uncertainty
PHL1800_HL_0394,F1701,PHL1800_HL_0394.png,HL Dataset,positive,train_6418.png,0.1892,0.0374,precise_count_claim;explicit_visual_uncertainty
PHL1800_HL_0131,F1126,PHL1800_HL_0131.png,HL Dataset,positive,train_6470.png,0.1905,0.0455,explicit_visual_uncertainty
PHL1800_HL_0167,F0166,PHL1800_HL_0167.png,HL Dataset,positive,train_6119.png,0.1915,0.0459,explicit_visual_uncertainty
PHL1800_HL_0008,F0086,PHL1800_HL_0008.png,HL Dataset,positive,train_254.png,0.1923,0.0301,explicit_visual_uncertainty
PHL1800_HL_0196,F0039,PHL1800_HL_0196.png,HL Dataset,positive,test_147.png,0.1923,0.0294,explicit_visual_uncertainty
PHL1800_HL_0532,F1550,PHL1800_HL_0532.png,HL Dataset,boundary,test_799.png,0.1935,0.0432,explicit_visual_uncertainty
PHL1800_HL_0143,F0480,PHL1800_HL_0143.png,HL Dataset,positive,train_12244.png,0.1944,0.033,explicit_visual_uncertainty
PHL1800_HL_0495,F1461,PHL1800_HL_0495.png,HL Dataset,positive,train_10530.png,0.1944,0.037,explicit_visual_uncertainty
PHL1800_HL_0506,F0824,PHL1800_HL_0506.png,HL Dataset,boundary,train_8082.png,0.1944,0.038,explicit_visual_uncertainty
PHL1800_HL_0089,F0779,PHL1800_HL_0089.png,HL Dataset,positive,train_8232.png,0.1951,0.0447,specific_OCR_claim;explicit_visual_uncertainty
PHL1800_HL_0178,F0633,PHL1800_HL_0178.png,HL Dataset,positive,test_648.png,0.2,0.0529,explicit_visual_uncertainty
PHL1800_HL_0182,F0551,PHL1800_HL_0182.png,HL Dataset,positive,train_12527.png,0.2,0.0385,explicit_visual_uncertainty
PHL1800_HL_0211,F1080,PHL1800_HL_0211.png,HL Dataset,positive,train_5383.png,0.2,0.0476,specific_OCR_claim
PHL1800_HL_0297,F1158,PHL1800_HL_0297.png,HL Dataset,positive,train_3783.png,0.2,0.0326,explicit_visual_uncertainty
PHL1800_HL_0393,F1731,PHL1800_HL_0393.png,HL Dataset,positive,train_5160.png,0.2,0.0385,explicit_visual_uncertainty
PHL1800_HL_0540,F0864,PHL1800_HL_0540.png,HL Dataset,boundary,train_4756.png,0.2,0.0292,explicit_visual_uncertainty
PHL1800_HL_0210,F0520,PHL1800_HL_0210.png,HL Dataset,positive,test_1490.png,0.2041,0.0602,explicit_visual_uncertainty
PHL1800_HL_0257,F0459,PHL1800_HL_0257.png,HL Dataset,positive,train_3107.png,0.2051,0.0455,specific_OCR_claim;explicit_visual_uncertainty
PHL1800_HL_0268,F1348,PHL1800_HL_0268.png,HL Dataset,positive,train_7010.png,0.2051,0.0457,explicit_visual_uncertainty
PHL1800_HL_0288,F1581,PHL1800_HL_0288.png,HL Dataset,positive,train_11245.png,0.2059,0.0461,explicit_visual_uncertainty
PHL1800_HL_0522,F1651,PHL1800_HL_0522.png,HL Dataset,boundary,train_10104.png,0.2059,0.0402,explicit_visual_uncertainty
PHL1800_HL_0044,F1400,PHL1800_HL_0044.png,HL Dataset,positive,train_4537.png,0.2069,0.0345,explicit_visual_uncertainty
PHL1800_HL_0590,F1273,PHL1800_HL_0590.png,HL Dataset,boundary,train_11671.png,0.2069,0.0429,explicit_visual_uncertainty
PHL1800_HL_0596,F0068,PHL1800_HL_0596.png,HL Dataset,boundary,test_906.png,0.2093,0.0542,explicit_visual_uncertainty
PHL1800_HL_0264,F1260,PHL1800_HL_0264.png,HL Dataset,positive,test_59.png,0.2105,0.04,explicit_visual_uncertainty
PHL1800_HL_0357,F0138,PHL1800_HL_0357.png,HL Dataset,positive,train_701.png,0.2105,0.051,specific_OCR_claim
PHL1800_HL_0455,F0806,PHL1800_HL_0455.png,HL Dataset,positive,train_4150.png,0.2121,0.0437,specific_OCR_claim
PHL1800_HL_0407,F1786,PHL1800_HL_0407.png,HL Dataset,positive,train_3072.png,0.2128,0.0478,specific_OCR_claim;precise_count_claim;explicit_visual_uncertainty
PHL1800_HL_0124,F0608,PHL1800_HL_0124.png,HL Dataset,positive,train_7918.png,0.2143,0.0536,specific_OCR_claim;explicit_visual_uncertainty
PHL1800_HL_0293,F1128,PHL1800_HL_0293.png,HL Dataset,positive,train_4558.png,0.2143,0.0459,explicit_visual_uncertainty
PHL1800_HL_0331,F0519,PHL1800_HL_0331.png,HL Dataset,positive,train_1082.png,0.2143,0.0497,explicit_visual_uncertainty
PHL1800_HL_0359,F0992,PHL1800_HL_0359.png,HL Dataset,positive,train_4158.png,0.2143,0.0476,specific_OCR_claim;explicit_visual_uncertainty
PHL1800_HL_0487,F0508,PHL1800_HL_0487.png,HL Dataset,positive,train_13387.png,0.2143,0.0411,explicit_visual_uncertainty
PHL1800_HL_0363,F0034,PHL1800_HL_0363.png,HL Dataset,positive,train_3566.png,0.2157,0.0561,specific_OCR_claim;explicit_visual_uncertainty
PHL1800_HL_0245,F0242,PHL1800_HL_0245.png,HL Dataset,positive,train_759.png,0.2167,0.067,explicit_visual_uncertainty
PHL1800_HL_0273,F0539,PHL1800_HL_0273.png,HL Dataset,positive,train_1488.png,0.2174,0.0452,explicit_visual_uncertainty
PHL1800_HL_0444,F0376,PHL1800_HL_0444.png,HL Dataset,positive,train_2650.png,0.2188,0.0486,explicit_visual_uncertainty
PHL1800_HL_0171,F1262,PHL1800_HL_0171.png,HL Dataset,positive,train_12215.png,0.2195,0.0514,explicit_visual_uncertainty
PHL1800_HL_0353,F1331,PHL1800_HL_0353.png,HL Dataset,positive,train_8705.png,0.2195,0.0511,specific_OCR_claim;explicit_visual_uncertainty
PHL1800_HL_0391,F0479,PHL1800_HL_0391.png,HL Dataset,positive,train_8226.png,0.2195,0.0431,explicit_visual_uncertainty
PHL1800_HL_0108,F1777,PHL1800_HL_0108.png,HL Dataset,positive,train_892.png,0.2222,0.0593,explicit_visual_uncertainty
PHL1800_HL_0225,F0624,PHL1800_HL_0225.png,HL Dataset,positive,train_7949.png,0.2222,0.0457,explicit_visual_uncertainty
PHL1800_HL_0231,F1702,PHL1800_HL_0231.png,HL Dataset,positive,train_199.png,0.2222,0.0491,specific_OCR_claim;explicit_visual_uncertainty
PHL1800_HL_0473,F0626,PHL1800_HL_0473.png,HL Dataset,positive,train_6752.png,0.2222,0.0476,explicit_visual_uncertainty
PHL1800_HL_0299,F1308,PHL1800_HL_0299.png,HL Dataset,positive,train_13116.png,0.2258,0.0424,explicit_visual_uncertainty
PHL1800_HL_0510,F1386,PHL1800_HL_0510.png,HL Dataset,boundary,test_1280.png,0.2258,0.0534,explicit_visual_uncertainty
PHL1800_HL_0060,F0066,PHL1800_HL_0060.png,HL Dataset,positive,train_6313.png,0.2273,0.0498,explicit_visual_uncertainty
PHL1800_HL_0142,F0371,PHL1800_HL_0142.png,HL Dataset,positive,test_847.png,0.2273,0.0592,explicit_visual_uncertainty
PHL1800_HL_0195,F1624,PHL1800_HL_0195.png,HL Dataset,positive,train_8043.png,0.2273,0.0575,explicit_visual_uncertainty
PHL1800_HL_0066,F0956,PHL1800_HL_0066.png,HL Dataset,positive,train_9971.png,0.2286,0.0468,explicit_visual_uncertainty
PHL1800_HL_0209,F0755,PHL1800_HL_0209.png,HL Dataset,positive,train_875.png,0.2286,0.0567,precise_count_claim;explicit_visual_uncertainty
PHL1800_HL_0214,F1227,PHL1800_HL_0214.png,HL Dataset,positive,train_7746.png,0.2308,0.0395,explicit_visual_uncertainty
PHL1800_HL_0266,F0409,PHL1800_HL_0266.png,HL Dataset,positive,train_12436.png,0.2308,0.0347,specific_OCR_claim;precise_count_claim;explicit_visual_uncertainty
PHL1800_HL_0582,F0548,PHL1800_HL_0582.png,HL Dataset,boundary,train_7441.png,0.2308,0.0638,explicit_visual_uncertainty
PHL1800_HL_0026,F0302,PHL1800_HL_0026.png,HL Dataset,positive,train_7098.png,0.2333,0.037,explicit_visual_uncertainty
PHL1800_HL_0578,F1481,PHL1800_HL_0578.png,HL Dataset,boundary,train_9402.png,0.2333,0.0387,explicit_visual_uncertainty
PHL1800_HL_0339,F0968,PHL1800_HL_0339.png,HL Dataset,positive,test_1347.png,0.234,0.0529,explicit_visual_uncertainty
PHL1800_HL_0356,F0388,PHL1800_HL_0356.png,HL Dataset,positive,train_4794.png,0.234,0.0564,precise_count_claim;explicit_visual_uncertainty
PHL1800_HL_0043,F1675,PHL1800_HL_0043.png,HL Dataset,positive,train_3191.png,0.2353,0.0432,specific_OCR_claim;explicit_visual_uncertainty
PHL1800_HL_0188,F1121,PHL1800_HL_0188.png,HL Dataset,positive,train_12837.png,0.2353,0.0541,explicit_visual_uncertainty
PHL1800_HL_0380,F0540,PHL1800_HL_0380.png,HL Dataset,positive,train_13269.png,0.2364,0.058,explicit_visual_uncertainty
PHL1800_HL_0094,F0622,PHL1800_HL_0094.png,HL Dataset,positive,train_11900.png,0.2381,0.0595,explicit_visual_uncertainty
PHL1800_HL_0279,F0843,PHL1800_HL_0279.png,HL Dataset,positive,train_298.png,0.2381,0.0515,explicit_visual_uncertainty
PHL1800_HL_0530,F0467,PHL1800_HL_0530.png,HL Dataset,boundary,train_7449.png,0.24,0.0373,explicit_visual_uncertainty
PHL1800_HL_0569,F1206,PHL1800_HL_0569.png,HL Dataset,boundary,test_968.png,0.24,0.0444,explicit_visual_uncertainty
PHL1800_HL_0077,F1484,PHL1800_HL_0077.png,HL Dataset,positive,train_5841.png,0.2414,0.047,explicit_visual_uncertainty
PHL1800_HL_0491,F0260,PHL1800_HL_0491.png,HL Dataset,positive,train_12400.png,0.2414,0.0473,specific_OCR_claim
PHL1800_HL_0018,F1289,PHL1800_HL_0018.png,HL Dataset,positive,train_10384.png,0.2424,0.0513,explicit_visual_uncertainty
PHL1800_HL_0035,F1522,PHL1800_HL_0035.png,HL Dataset,positive,train_8903.png,0.2424,0.0544,explicit_visual_uncertainty
PHL1800_HL_0084,F1143,PHL1800_HL_0084.png,HL Dataset,positive,train_9725.png,0.2424,0.0473,explicit_visual_uncertainty
PHL1800_HL_0119,F0368,PHL1800_HL_0119.png,HL Dataset,positive,train_1269.png,0.2424,0.0457,precise_count_claim
PHL1800_HL_0129,F1160,PHL1800_HL_0129.png,HL Dataset,positive,test_1354.png,0.2424,0.0537,explicit_visual_uncertainty
PHL1800_HL_0410,F0236,PHL1800_HL_0410.png,HL Dataset,positive,train_5911.png,0.2424,0.0417,explicit_visual_uncertainty
PHL1800_HL_0014,F0019,PHL1800_HL_0014.png,HL Dataset,positive,train_4733.png,0.2432,0.0566,explicit_visual_uncertainty
PHL1800_HL_0244,F1102,PHL1800_HL_0244.png,HL Dataset,positive,train_6250.png,0.2432,0.0443,explicit_visual_uncertainty
PHL1800_HL_0577,F0506,PHL1800_HL_0577.png,HL Dataset,boundary,train_12640.png,0.2432,0.0629,explicit_visual_uncertainty
PHL1800_HL_0456,F0460,PHL1800_HL_0456.png,HL Dataset,positive,train_8728.png,0.2444,0.0585,explicit_visual_uncertainty
PHL1800_HL_0023,F1591,PHL1800_HL_0023.png,HL Dataset,positive,train_11481.png,0.25,0.0621,explicit_visual_uncertainty
PHL1800_HL_0111,F0786,PHL1800_HL_0111.png,HL Dataset,positive,train_10803.png,0.25,0.0471,explicit_visual_uncertainty
PHL1800_HL_0152,F0712,PHL1800_HL_0152.png,HL Dataset,positive,train_6412.png,0.25,0.0462,explicit_visual_uncertainty
PHL1800_HL_0157,F0589,PHL1800_HL_0157.png,HL Dataset,positive,train_3997.png,0.25,0.0556,explicit_visual_uncertainty
PHL1800_HL_0197,F1341,PHL1800_HL_0197.png,HL Dataset,positive,train_6660.png,0.25,0.0521,specific_OCR_claim
PHL1800_HL_0216,F0900,PHL1800_HL_0216.png,HL Dataset,positive,train_11042.png,0.25,0.061,specific_OCR_claim;precise_count_claim
PHL1800_HL_0290,F0344,PHL1800_HL_0290.png,HL Dataset,positive,train_12623.png,0.25,0.0559,specific_OCR_claim;precise_count_claim;explicit_visual_uncertainty
PHL1800_HL_0324,F0373,PHL1800_HL_0324.png,HL Dataset,positive,train_12497.png,0.25,0.0497,specific_OCR_claim;precise_count_claim
PHL1800_HL_0329,F1176,PHL1800_HL_0329.png,HL Dataset,positive,train_1823.png,0.25,0.0617,specific_OCR_claim;explicit_visual_uncertainty
PHL1800_HL_0376,F1753,PHL1800_HL_0376.png,HL Dataset,positive,train_11571.png,0.25,0.061,precise_count_claim
PHL1800_HL_0447,F0274,PHL1800_HL_0447.png,HL Dataset,positive,train_811.png,0.25,0.0633,explicit_visual_uncertainty
PHL1800_HL_0482,F1442,PHL1800_HL_0482.png,HL Dataset,positive,train_9860.png,0.25,0.0311,explicit_visual_uncertainty
PHL1800_HL_0485,F0701,PHL1800_HL_0485.png,HL Dataset,positive,train_6936.png,0.25,0.0517,precise_count_claim
PHL1800_HL_0509,F1429,PHL1800_HL_0509.png,HL Dataset,boundary,test_850.png,0.25,0.0571,explicit_visual_uncertainty
PHL1800_HL_0542,F1444,PHL1800_HL_0542.png,HL Dataset,boundary,train_5705.png,0.25,0.0497,specific_OCR_claim
PHL1800_HL_0563,F0017,PHL1800_HL_0563.png,HL Dataset,boundary,train_6620.png,0.25,0.0503,specific_OCR_claim
PHL1800_HL_0212,F1230,PHL1800_HL_0212.png,HL Dataset,positive,train_7253.png,0.2558,0.0611,explicit_visual_uncertainty
PHL1800_HL_0430,F1125,PHL1800_HL_0430.png,HL Dataset,positive,train_3283.png,0.2564,0.0719,explicit_visual_uncertainty
PHL1800_HL_0017,F0071,PHL1800_HL_0017.png,HL Dataset,positive,train_2740.png,0.2571,0.0563,specific_OCR_claim
PHL1800_HL_0045,F1379,PHL1800_HL_0045.png,HL Dataset,positive,train_8958.png,0.2571,0.0596,explicit_visual_uncertainty
PHL1800_HL_0087,F0865,PHL1800_HL_0087.png,HL Dataset,positive,test_1164.png,0.2571,0.0508,specific_OCR_claim
PHL1800_HL_0306,F0532,PHL1800_HL_0306.png,HL Dataset,positive,train_244.png,0.2581,0.0449,specific_OCR_claim
PHL1800_HL_0370,F0570,PHL1800_HL_0370.png,HL Dataset,positive,train_10828.png,0.2581,0.0516,explicit_visual_uncertainty
PHL1800_HL_0401,F0632,PHL1800_HL_0401.png,HL Dataset,positive,train_6274.png,0.2581,0.0457,explicit_visual_uncertainty
PHL1800_HL_0408,F0733,PHL1800_HL_0408.png,HL Dataset,positive,test_667.png,0.2581,0.0491,specific_OCR_claim;precise_count_claim;explicit_visual_uncertainty
PHL1800_HL_0508,F0154,PHL1800_HL_0508.png,HL Dataset,boundary,train_9739.png,0.2581,0.0485,explicit_visual_uncertainty
PHL1800_HL_0546,F0802,PHL1800_HL_0546.png,HL Dataset,boundary,train_2126.png,0.2581,0.0506,explicit_visual_uncertainty
PHL1800_HL_0121,F0525,PHL1800_HL_0121.png,HL Dataset,positive,train_3178.png,0.2593,0.0455,explicit_visual_uncertainty
PHL1800_HL_0207,F1456,PHL1800_HL_0207.png,HL Dataset,positive,train_102.png,0.2593,0.0458,explicit_visual_uncertainty
PHL1800_HL_0342,F1168,PHL1800_HL_0342.png,HL Dataset,positive,train_6438.png,0.2609,0.06,explicit_visual_uncertainty
PHL1800_HL_0397,F1511,PHL1800_HL_0397.png,HL Dataset,positive,train_1649.png,0.2609,0.0774,explicit_visual_uncertainty
PHL1800_HL_0019,F0024,PHL1800_HL_0019.png,HL Dataset,positive,train_2532.png,0.2632,0.0621,precise_count_claim;explicit_visual_uncertainty
PHL1800_HL_0213,F1253,PHL1800_HL_0213.png,HL Dataset,positive,train_9286.png,0.2632,0.0565,explicit_visual_uncertainty
PHL1800_HL_0561,F0972,PHL1800_HL_0561.png,HL Dataset,boundary,train_945.png,0.2632,0.0649,explicit_visual_uncertainty
PHL1800_HL_0156,F1134,PHL1800_HL_0156.png,HL Dataset,positive,test_956.png,0.2647,0.0563,explicit_visual_uncertainty
PHL1800_HL_0466,F0740,PHL1800_HL_0466.png,HL Dataset,positive,train_6525.png,0.2647,0.0514,explicit_visual_uncertainty
PHL1800_HL_0086,F0566,PHL1800_HL_0086.png,HL Dataset,positive,train_6863.png,0.2667,0.0488,explicit_visual_uncertainty
PHL1800_HL_0302,F0212,PHL1800_HL_0302.png,HL Dataset,positive,train_10089.png,0.2667,0.0482,explicit_visual_uncertainty
PHL1800_HL_0539,F0031,PHL1800_HL_0539.png,HL Dataset,boundary,train_3852.png,0.2667,0.0394,specific_OCR_claim
PHL1800_HL_0406,F0765,PHL1800_HL_0406.png,HL Dataset,positive,train_12092.png,0.2683,0.064,explicit_visual_uncertainty
PHL1800_HL_0502,F0466,PHL1800_HL_0502.png,HL Dataset,boundary,train_11737.png,0.2683,0.064,explicit_visual_uncertainty
PHL1800_HL_0184,F0264,PHL1800_HL_0184.png,HL Dataset,positive,train_3402.png,0.2692,0.0864,explicit_visual_uncertainty
PHL1800_HL_0173,F0697,PHL1800_HL_0173.png,HL Dataset,positive,train_9386.png,0.2703,0.0625,explicit_visual_uncertainty
PHL1800_HL_0575,F1614,PHL1800_HL_0575.png,HL Dataset,boundary,train_5496.png,0.2703,0.0637,explicit_visual_uncertainty
PHL1800_HL_0383,F1758,PHL1800_HL_0383.png,HL Dataset,positive,train_115.png,0.2708,0.0718,explicit_visual_uncertainty
PHL1800_HL_0070,F0851,PHL1800_HL_0070.png,HL Dataset,positive,train_7989.png,0.2727,0.05,explicit_visual_uncertainty
PHL1800_HL_0304,F1665,PHL1800_HL_0304.png,HL Dataset,positive,train_10282.png,0.2727,0.057,explicit_visual_uncertainty
PHL1800_HL_0412,F0953,PHL1800_HL_0412.png,HL Dataset,positive,train_12083.png,0.2727,0.0523,explicit_visual_uncertainty
PHL1800_HL_0469,F0638,PHL1800_HL_0469.png,HL Dataset,positive,train_6439.png,0.2727,0.0492,explicit_visual_uncertainty
PHL1800_HL_0598,F1200,PHL1800_HL_0598.png,HL Dataset,boundary,train_5926.png,0.2727,0.052,explicit_visual_uncertainty
PHL1800_HL_0230,F0965,PHL1800_HL_0230.png,HL Dataset,positive,train_2007.png,0.275,0.0629,explicit_visual_uncertainty
PHL1800_HL_0083,F1748,PHL1800_HL_0083.png,HL Dataset,positive,train_9330.png,0.2759,0.046,explicit_visual_uncertainty
PHL1800_HL_0185,F0692,PHL1800_HL_0185.png,HL Dataset,positive,train_4201.png,0.2759,0.0455,explicit_visual_uncertainty
PHL1800_HL_0281,F1298,PHL1800_HL_0281.png,HL Dataset,positive,train_5873.png,0.2759,0.041,explicit_visual_uncertainty
PHL1800_HL_0285,F1365,PHL1800_HL_0285.png,HL Dataset,positive,train_355.png,0.2759,0.0526,specific_OCR_claim
PHL1800_HL_0294,F1329,PHL1800_HL_0294.png,HL Dataset,positive,train_2468.png,0.2759,0.0497,explicit_visual_uncertainty
PHL1800_HL_0141,F1231,PHL1800_HL_0141.png,HL Dataset,positive,train_10649.png,0.2778,0.0513,explicit_visual_uncertainty
PHL1800_HL_0318,F0616,PHL1800_HL_0318.png,HL Dataset,positive,train_2967.png,0.2778,0.0595,explicit_visual_uncertainty
PHL1800_HL_0319,F0308,PHL1800_HL_0319.png,HL Dataset,positive,train_5716.png,0.2778,0.0559,specific_OCR_claim;explicit_visual_uncertainty
PHL1800_HL_0172,F0780,PHL1800_HL_0172.png,HL Dataset,positive,train_13051.png,0.2791,0.0635,specific_OCR_claim
PHL1800_HL_0233,F1656,PHL1800_HL_0233.png,HL Dataset,positive,test_492.png,0.2791,0.0674,specific_OCR_claim;explicit_visual_uncertainty
PHL1800_HL_0128,F0673,PHL1800_HL_0128.png,HL Dataset,positive,train_2695.png,0.2812,0.0588,explicit_visual_uncertainty
PHL1800_HL_0327,F1425,PHL1800_HL_0327.png,HL Dataset,positive,train_753.png,0.2812,0.0566,specific_OCR_claim;explicit_visual_uncertainty
PHL1800_HL_0038,F0439,PHL1800_HL_0038.png,HL Dataset,positive,train_162.png,0.2821,0.0604,explicit_visual_uncertainty
PHL1800_HL_0133,F1551,PHL1800_HL_0133.png,HL Dataset,positive,train_9673.png,0.2821,0.0564,specific_OCR_claim;explicit_visual_uncertainty
PHL1800_HL_0586,F0997,PHL1800_HL_0586.png,HL Dataset,boundary,train_608.png,0.2821,0.0683,explicit_visual_uncertainty
PHL1800_HL_0219,F0367,PHL1800_HL_0219.png,HL Dataset,positive,train_2015.png,0.2826,0.0714,specific_OCR_claim;explicit_visual_uncertainty
PHL1800_HL_0145,F0161,PHL1800_HL_0145.png,HL Dataset,positive,train_8735.png,0.2857,0.0575,explicit_visual_uncertainty
PHL1800_HL_0217,F1205,PHL1800_HL_0217.png,HL Dataset,positive,train_930.png,0.2857,0.0428,specific_OCR_claim;explicit_visual_uncertainty
PHL1800_HL_0284,F0621,PHL1800_HL_0284.png,HL Dataset,positive,train_2462.png,0.2857,0.0592,explicit_visual_uncertainty
PHL1800_HL_0311,F1686,PHL1800_HL_0311.png,HL Dataset,positive,train_10439.png,0.2857,0.0722,explicit_visual_uncertainty
PHL1800_HL_0440,F1293,PHL1800_HL_0440.png,HL Dataset,positive,train_7468.png,0.2857,0.058,explicit_visual_uncertainty
PHL1800_HL_0568,F0874,PHL1800_HL_0568.png,HL Dataset,boundary,train_8188.png,0.2857,0.0746,explicit_visual_uncertainty
PHL1800_HL_0144,F0899,PHL1800_HL_0144.png,HL Dataset,positive,train_3146.png,0.2895,0.0621,explicit_visual_uncertainty
PHL1800_HL_0390,F0392,PHL1800_HL_0390.png,HL Dataset,positive,train_259.png,0.2895,0.0558,explicit_visual_uncertainty
PHL1800_HL_0405,F0077,PHL1800_HL_0405.png,HL Dataset,positive,train_1065.png,0.2895,0.0621,explicit_visual_uncertainty
PHL1800_HL_0452,F0124,PHL1800_HL_0452.png,HL Dataset,positive,train_4657.png,0.2895,0.0759,specific_OCR_claim
PHL1800_HL_0476,F0576,PHL1800_HL_0476.png,HL Dataset,positive,train_6231.png,0.2895,0.0625,specific_OCR_claim;explicit_visual_uncertainty
PHL1800_HL_0262,F0541,PHL1800_HL_0262.png,HL Dataset,positive,train_11557.png,0.2903,0.0566,precise_count_claim
PHL1800_HL_0280,F0908,PHL1800_HL_0280.png,HL Dataset,positive,train_1758.png,0.2903,0.0517,explicit_visual_uncertainty
PHL1800_HL_0488,F0393,PHL1800_HL_0488.png,HL Dataset,positive,train_1450.png,0.2903,0.0545,explicit_visual_uncertainty
PHL1800_HL_0312,F0377,PHL1800_HL_0312.png,HL Dataset,positive,train_946.png,0.2927,0.0769,specific_OCR_claim
PHL1800_HL_0029,F1313,PHL1800_HL_0029.png,HL Dataset,positive,train_12984.png,0.2941,0.0637,explicit_visual_uncertainty
PHL1800_HL_0059,F0960,PHL1800_HL_0059.png,HL Dataset,positive,train_13045.png,0.2941,0.0641,explicit_visual_uncertainty
PHL1800_HL_0161,F1445,PHL1800_HL_0161.png,HL Dataset,positive,train_2121.png,0.2941,0.0592,explicit_visual_uncertainty
PHL1800_HL_0354,F0987,PHL1800_HL_0354.png,HL Dataset,positive,train_332.png,0.2941,0.0559,explicit_visual_uncertainty
PHL1800_HL_0362,F0343,PHL1800_HL_0362.png,HL Dataset,positive,train_7849.png,0.2941,0.0581,explicit_visual_uncertainty
PHL1800_HL_0494,F0941,PHL1800_HL_0494.png,HL Dataset,positive,test_600.png,0.2941,0.0321,explicit_visual_uncertainty
PHL1800_HL_0534,F0499,PHL1800_HL_0534.png,HL Dataset,boundary,test_340.png,0.2941,0.0662,specific_OCR_claim
PHL1800_HL_0031,F0247,PHL1800_HL_0031.png,HL Dataset,positive,test_1021.png,0.2955,0.0699,precise_count_claim
PHL1800_HL_0252,F0273,PHL1800_HL_0252.png,HL Dataset,positive,train_4457.png,0.2963,0.0428,explicit_visual_uncertainty
PHL1800_HL_0523,F1700,PHL1800_HL_0523.png,HL Dataset,boundary,train_3632.png,0.2963,0.0435,precise_count_claim;explicit_visual_uncertainty
PHL1800_HL_0226,F0073,PHL1800_HL_0226.png,HL Dataset,positive,train_12196.png,0.2973,0.055,specific_OCR_claim;explicit_visual_uncertainty
PHL1800_HL_0168,F1554,PHL1800_HL_0168.png,HL Dataset,positive,train_8991.png,0.3,0.0597,specific_OCR_claim;explicit_visual_uncertainty
PHL1800_HL_0175,F1170,PHL1800_HL_0175.png,HL Dataset,positive,test_1467.png,0.3,0.05,explicit_visual_uncertainty
PHL1800_HL_0248,F1514,PHL1800_HL_0248.png,HL Dataset,positive,train_10631.png,0.3,0.0652,specific_OCR_claim;explicit_visual_uncertainty
PHL1800_HL_0340,F0248,PHL1800_HL_0340.png,HL Dataset,positive,train_12473.png,0.3,0.0719,explicit_visual_uncertainty
PHL1800_HL_0489,F0447,PHL1800_HL_0489.png,HL Dataset,positive,train_3803.png,0.3,0.0514,explicit_visual_uncertainty
PHL1800_HL_0078,F1411,PHL1800_HL_0078.png,HL Dataset,positive,train_3067.png,0.3023,0.0674,precise_count_claim;explicit_visual_uncertainty
PHL1800_HL_0346,F0021,PHL1800_HL_0346.png,HL Dataset,positive,train_2672.png,0.303,0.0532,specific_OCR_claim;explicit_visual_uncertainty
PHL1800_HL_0595,F0505,PHL1800_HL_0595.png,HL Dataset,boundary,train_2273.png,0.3043,0.0417,explicit_visual_uncertainty
PHL1800_HL_0001,F0476,PHL1800_HL_0001.png,HL Dataset,positive,train_10878.png,0.3056,0.0671,explicit_visual_uncertainty
PHL1800_HL_0204,F1242,PHL1800_HL_0204.png,HL Dataset,positive,train_11756.png,0.3056,0.0576,explicit_visual_uncertainty
PHL1800_HL_0553,F0451,PHL1800_HL_0553.png,HL Dataset,boundary,train_4231.png,0.3077,0.0476,explicit_visual_uncertainty
PHL1800_HL_0321,F0922,PHL1800_HL_0321.png,HL Dataset,positive,train_13217.png,0.3095,0.0739,specific_OCR_claim
PHL1800_HL_0512,F0378,PHL1800_HL_0512.png,HL Dataset,boundary,test_1050.png,0.3103,0.0604,explicit_visual_uncertainty
PHL1800_HL_0526,F0836,PHL1800_HL_0526.png,HL Dataset,boundary,train_10443.png,0.3103,0.0573,explicit_visual_uncertainty
PHL1800_HL_0192,F0225,PHL1800_HL_0192.png,HL Dataset,positive,train_43.png,0.3111,0.0714,specific_OCR_claim
PHL1800_HL_0564,F0652,PHL1800_HL_0564.png,HL Dataset,boundary,train_3775.png,0.3125,0.0752,specific_OCR_claim;explicit_visual_uncertainty
PHL1800_HL_0298,F0347,PHL1800_HL_0298.png,HL Dataset,positive,train_6202.png,0.3143,0.0576,precise_count_claim;explicit_visual_uncertainty
PHL1800_HL_0445,F0353,PHL1800_HL_0445.png,HL Dataset,positive,train_5697.png,0.3143,0.0629,specific_OCR_claim;precise_count_claim
PHL1800_HL_0544,F1412,PHL1800_HL_0544.png,HL Dataset,boundary,train_12420.png,0.3143,0.0553,explicit_visual_uncertainty
PHL1800_HL_0228,F1312,PHL1800_HL_0228.png,HL Dataset,positive,train_7601.png,0.3158,0.0538,precise_count_claim;explicit_visual_uncertainty
PHL1800_HL_0460,F1776,PHL1800_HL_0460.png,HL Dataset,positive,train_5382.png,0.3158,0.0686,explicit_visual_uncertainty
PHL1800_HL_0218,F0425,PHL1800_HL_0218.png,HL Dataset,positive,train_11851.png,0.3171,0.0774,specific_OCR_claim
PHL1800_HL_0065,F1259,PHL1800_HL_0065.png,HL Dataset,positive,train_3115.png,0.3182,0.0737,specific_OCR_claim;explicit_visual_uncertainty
PHL1800_HL_0322,F1229,PHL1800_HL_0322.png,HL Dataset,positive,train_1837.png,0.3182,0.0449,explicit_visual_uncertainty
PHL1800_HL_0379,F1326,PHL1800_HL_0379.png,HL Dataset,positive,train_12115.png,0.3182,0.0673,explicit_visual_uncertainty
PHL1800_HL_0134,F1148,PHL1800_HL_0134.png,HL Dataset,positive,test_119.png,0.32,0.0479,explicit_visual_uncertainty
PHL1800_HL_0261,F1372,PHL1800_HL_0261.png,HL Dataset,positive,test_281.png,0.32,0.0523,precise_count_claim
PHL1800_HL_0470,F0975,PHL1800_HL_0470.png,HL Dataset,positive,train_9631.png,0.32,0.0516,specific_OCR_claim;explicit_visual_uncertainty
PHL1800_HL_0058,F0262,PHL1800_HL_0058.png,HL Dataset,positive,train_266.png,0.3214,0.05,explicit_visual_uncertainty
PHL1800_HL_0074,F1034,PHL1800_HL_0074.png,HL Dataset,positive,train_7726.png,0.3214,0.0588,explicit_visual_uncertainty
PHL1800_HL_0109,F1787,PHL1800_HL_0109.png,HL Dataset,positive,train_10368.png,0.3214,0.0672,specific_OCR_claim
PHL1800_HL_0260,F1005,PHL1800_HL_0260.png,HL Dataset,positive,train_323.png,0.3214,0.0479,explicit_visual_uncertainty
PHL1800_HL_0270,F1043,PHL1800_HL_0270.png,HL Dataset,positive,train_3415.png,0.3214,0.0446,explicit_visual_uncertainty
PHL1800_HL_0348,F1648,PHL1800_HL_0348.png,HL Dataset,positive,train_1789.png,0.3214,0.0526,explicit_visual_uncertainty
PHL1800_HL_0541,F1284,PHL1800_HL_0541.png,HL Dataset,boundary,train_5272.png,0.3214,0.0604,explicit_visual_uncertainty
PHL1800_HL_0041,F1135,PHL1800_HL_0041.png,HL Dataset,positive,train_11239.png,0.3226,0.0595,explicit_visual_uncertainty
PHL1800_HL_0127,F1643,PHL1800_HL_0127.png,HL Dataset,positive,train_12793.png,0.3226,0.0585,explicit_visual_uncertainty
PHL1800_HL_0158,F1324,PHL1800_HL_0158.png,HL Dataset,positive,train_13158.png,0.3226,0.0649,explicit_visual_uncertainty
PHL1800_HL_0259,F1257,PHL1800_HL_0259.png,HL Dataset,positive,train_12050.png,0.3226,0.0578,specific_OCR_claim;explicit_visual_uncertainty
PHL1800_HL_0305,F1028,PHL1800_HL_0305.png,HL Dataset,positive,train_7631.png,0.3226,0.0606,precise_count_claim
PHL1800_HL_0528,F0861,PHL1800_HL_0528.png,HL Dataset,boundary,train_7920.png,0.3226,0.0571,specific_OCR_claim;explicit_visual_uncertainty
PHL1800_HL_0574,F0547,PHL1800_HL_0574.png,HL Dataset,boundary,train_6585.png,0.3226,0.0568,explicit_visual_uncertainty
PHL1800_HL_0011,F0473,PHL1800_HL_0011.png,HL Dataset,positive,train_2834.png,0.3235,0.0582,explicit_visual_uncertainty
PHL1800_HL_0338,F0887,PHL1800_HL_0338.png,HL Dataset,positive,train_9075.png,0.3235,0.0598,specific_OCR_claim;explicit_visual_uncertainty
PHL1800_HL_0432,F0072,PHL1800_HL_0432.png,HL Dataset,positive,train_5897.png,0.3235,0.0558,precise_count_claim
PHL1800_HL_0450,F1053,PHL1800_HL_0450.png,HL Dataset,positive,test_323.png,0.3235,0.0601,precise_count_claim
PHL1800_HL_0498,F1495,PHL1800_HL_0498.png,HL Dataset,positive,train_4904.png,0.3235,0.0647,explicit_visual_uncertainty
PHL1800_HL_0235,F0007,PHL1800_HL_0235.png,HL Dataset,positive,train_7361.png,0.3243,0.0674,explicit_visual_uncertainty
PHL1800_HL_0377,F0374,PHL1800_HL_0377.png,HL Dataset,positive,train_12795.png,0.3256,0.0722,explicit_visual_uncertainty
PHL1800_HL_0154,F0853,PHL1800_HL_0154.png,HL Dataset,positive,train_933.png,0.3333,0.0649,explicit_visual_uncertainty
PHL1800_HL_0258,F0558,PHL1800_HL_0258.png,HL Dataset,positive,train_9220.png,0.3333,0.0526,specific_OCR_claim;precise_count_claim
PHL1800_HL_0283,F0552,PHL1800_HL_0283.png,HL Dataset,positive,test_1260.png,0.3333,0.0909,specific_OCR_claim
PHL1800_HL_0313,F1002,PHL1800_HL_0313.png,HL Dataset,positive,train_2028.png,0.3333,0.0574,explicit_visual_uncertainty
PHL1800_HL_0386,F0657,PHL1800_HL_0386.png,HL Dataset,positive,train_1272.png,0.3333,0.0506,explicit_visual_uncertainty
PHL1800_HL_0396,F0658,PHL1800_HL_0396.png,HL Dataset,positive,train_8243.png,0.3333,0.0675,explicit_visual_uncertainty
PHL1800_HL_0424,F0973,PHL1800_HL_0424.png,HL Dataset,positive,train_12434.png,0.3333,0.061,explicit_visual_uncertainty
PHL1800_HL_0483,F0103,PHL1800_HL_0483.png,HL Dataset,positive,train_5374.png,0.3333,0.0608,explicit_visual_uncertainty
PHL1800_HL_0536,F0617,PHL1800_HL_0536.png,HL Dataset,boundary,train_1477.png,0.3333,0.0714,explicit_visual_uncertainty
PHL1800_HL_0558,F1136,PHL1800_HL_0558.png,HL Dataset,boundary,train_7647.png,0.3333,0.0449,explicit_visual_uncertainty
PHL1800_HL_0395,F0433,PHL1800_HL_0395.png,HL Dataset,positive,train_3365.png,0.3396,0.0874,explicit_visual_uncertainty
PHL1800_HL_0404,F0113,PHL1800_HL_0404.png,HL Dataset,positive,train_13082.png,0.3415,0.0725,precise_count_claim
PHL1800_HL_0007,F1353,PHL1800_HL_0007.png,HL Dataset,positive,train_6494.png,0.3421,0.0674,specific_OCR_claim;precise_count_claim;explicit_visual_uncertainty
PHL1800_HL_0102,F0764,PHL1800_HL_0102.png,HL Dataset,positive,train_11147.png,0.3429,0.08,explicit_visual_uncertainty
PHL1800_HL_0387,F1478,PHL1800_HL_0387.png,HL Dataset,positive,train_11771.png,0.3429,0.0732,specific_OCR_claim
PHL1800_HL_0093,F1122,PHL1800_HL_0093.png,HL Dataset,positive,train_4009.png,0.3438,0.078,precise_count_claim;explicit_visual_uncertainty
PHL1800_HL_0114,F1459,PHL1800_HL_0114.png,HL Dataset,positive,test_886.png,0.3438,0.0696,explicit_visual_uncertainty
PHL1800_HL_0462,F0005,PHL1800_HL_0462.png,HL Dataset,positive,train_9503.png,0.3448,0.0588,explicit_visual_uncertainty
PHL1800_HL_0057,F1081,PHL1800_HL_0057.png,HL Dataset,positive,train_12146.png,0.3478,0.0925,explicit_visual_uncertainty
PHL1800_HL_0420,F1448,PHL1800_HL_0420.png,HL Dataset,positive,train_7577.png,0.3478,0.0447,specific_OCR_claim;explicit_visual_uncertainty
PHL1800_HL_0076,F1604,PHL1800_HL_0076.png,HL Dataset,positive,train_13181.png,0.35,0.0606,explicit_visual_uncertainty
PHL1800_HL_0095,F0594,PHL1800_HL_0095.png,HL Dataset,positive,train_11836.png,0.35,0.0782,explicit_visual_uncertainty
PHL1800_HL_0350,F1573,PHL1800_HL_0350.png,HL Dataset,positive,train_7686.png,0.35,0.0903,specific_OCR_claim;explicit_visual_uncertainty
PHL1800_HL_0238,F0820,PHL1800_HL_0238.png,HL Dataset,positive,train_284.png,0.3514,0.0667,specific_OCR_claim
PHL1800_HL_0433,F1392,PHL1800_HL_0433.png,HL Dataset,positive,train_7306.png,0.3514,0.0793,explicit_visual_uncertainty
PHL1800_HL_0403,F0020,PHL1800_HL_0403.png,HL Dataset,positive,train_3959.png,0.3542,0.0895,precise_count_claim;explicit_visual_uncertainty
PHL1800_HL_0064,F0671,PHL1800_HL_0064.png,HL Dataset,positive,train_2582.png,0.3548,0.0561,explicit_visual_uncertainty
PHL1800_HL_0296,F1006,PHL1800_HL_0296.png,HL Dataset,positive,test_1110.png,0.3548,0.084,explicit_visual_uncertainty
PHL1800_HL_0422,F0224,PHL1800_HL_0422.png,HL Dataset,positive,test_62.png,0.3548,0.0618,explicit_visual_uncertainty
PHL1800_HL_0151,F0787,PHL1800_HL_0151.png,HL Dataset,positive,train_5286.png,0.3571,0.0769,specific_OCR_claim
PHL1800_HL_0552,F0676,PHL1800_HL_0552.png,HL Dataset,boundary,train_5721.png,0.3571,0.0735,specific_OCR_claim;explicit_visual_uncertainty
PHL1800_HL_0316,F1618,PHL1800_HL_0316.png,HL Dataset,positive,train_2204.png,0.3611,0.0699,specific_OCR_claim
PHL1800_HL_0337,F0985,PHL1800_HL_0337.png,HL Dataset,positive,train_10409.png,0.3611,0.0813,specific_OCR_claim;explicit_visual_uncertainty
PHL1800_HL_0411,F0143,PHL1800_HL_0411.png,HL Dataset,positive,train_5050.png,0.3611,0.0769,specific_OCR_claim
PHL1800_HL_0163,F1771,PHL1800_HL_0163.png,HL Dataset,positive,train_591.png,0.3636,0.0774,explicit_visual_uncertainty
PHL1800_HL_0090,F1672,PHL1800_HL_0090.png,HL Dataset,positive,train_9689.png,0.3704,0.0667,specific_OCR_claim
PHL1800_HL_0325,F1532,PHL1800_HL_0325.png,HL Dataset,positive,train_6353.png,0.3714,0.0828,explicit_visual_uncertainty
PHL1800_HL_0221,F0798,PHL1800_HL_0221.png,HL Dataset,positive,train_6911.png,0.375,0.0978,explicit_visual_uncertainty
PHL1800_HL_0234,F0579,PHL1800_HL_0234.png,HL Dataset,positive,train_4439.png,0.375,0.0538,precise_count_claim;explicit_visual_uncertainty
PHL1800_HL_0240,F0443,PHL1800_HL_0240.png,HL Dataset,positive,train_6484.png,0.375,0.0672,explicit_visual_uncertainty
PHL1800_HL_0328,F1347,PHL1800_HL_0328.png,HL Dataset,positive,train_7648.png,0.375,0.0976,explicit_visual_uncertainty
PHL1800_HL_0372,F1676,PHL1800_HL_0372.png,HL Dataset,positive,train_7511.png,0.375,0.0915,specific_OCR_claim;explicit_visual_uncertainty
PHL1800_HL_0399,F1465,PHL1800_HL_0399.png,HL Dataset,positive,train_8797.png,0.375,0.0829,precise_count_claim
PHL1800_HL_0517,F0303,PHL1800_HL_0517.png,HL Dataset,boundary,train_1299.png,0.375,0.0759,explicit_visual_uncertainty
PHL1800_HL_0545,F0620,PHL1800_HL_0545.png,HL Dataset,boundary,train_9248.png,0.375,0.0692,explicit_visual_uncertainty
PHL1800_HL_0351,F1664,PHL1800_HL_0351.png,HL Dataset,positive,train_663.png,0.3784,0.094,specific_OCR_claim
PHL1800_HL_0468,F0016,PHL1800_HL_0468.png,HL Dataset,positive,train_1576.png,0.3784,0.0737,specific_OCR_claim;explicit_visual_uncertainty
PHL1800_HL_0117,F1762,PHL1800_HL_0117.png,HL Dataset,positive,train_10266.png,0.3793,0.078,specific_OCR_claim;explicit_visual_uncertainty
PHL1800_HL_0271,F0938,PHL1800_HL_0271.png,HL Dataset,positive,train_11712.png,0.3793,0.0692,precise_count_claim
PHL1800_HL_0409,F0153,PHL1800_HL_0409.png,HL Dataset,positive,train_2961.png,0.3793,0.055,explicit_visual_uncertainty
PHL1800_HL_0206,F0366,PHL1800_HL_0206.png,HL Dataset,positive,train_5086.png,0.3824,0.0872,explicit_visual_uncertainty
PHL1800_HL_0336,F0957,PHL1800_HL_0336.png,HL Dataset,positive,train_7189.png,0.3824,0.0828,explicit_visual_uncertainty
PHL1800_HL_0570,F0453,PHL1800_HL_0570.png,HL Dataset,boundary,test_1208.png,0.3846,0.0654,explicit_visual_uncertainty
PHL1800_HL_0149,F0729,PHL1800_HL_0149.png,HL Dataset,positive,train_10126.png,0.3871,0.0719,specific_OCR_claim
PHL1800_HL_0246,F0791,PHL1800_HL_0246.png,HL Dataset,positive,train_12221.png,0.3871,0.0574,specific_OCR_claim;explicit_visual_uncertainty
PHL1800_HL_0040,F1449,PHL1800_HL_0040.png,HL Dataset,positive,train_12368.png,0.3889,0.0795,specific_OCR_claim
PHL1800_HL_0082,F0230,PHL1800_HL_0082.png,HL Dataset,positive,train_936.png,0.3889,0.0897,precise_count_claim;explicit_visual_uncertainty
PHL1800_HL_0434,F0719,PHL1800_HL_0434.png,HL Dataset,positive,test_448.png,0.3913,0.0514,precise_count_claim
PHL1800_HL_0567,F0006,PHL1800_HL_0567.png,HL Dataset,boundary,train_7540.png,0.3913,0.0526,explicit_visual_uncertainty
PHL1800_HL_0426,F0313,PHL1800_HL_0426.png,HL Dataset,positive,test_1037.png,0.3939,0.0616,specific_OCR_claim;precise_count_claim
PHL1800_HL_0021,F1000,PHL1800_HL_0021.png,HL Dataset,positive,train_1981.png,0.4,0.08,specific_OCR_claim;explicit_visual_uncertainty
PHL1800_HL_0199,F1390,PHL1800_HL_0199.png,HL Dataset,positive,train_10574.png,0.4,0.0533,specific_OCR_claim
PHL1800_HL_0202,F0276,PHL1800_HL_0202.png,HL Dataset,positive,train_4989.png,0.4,0.0769,explicit_visual_uncertainty
PHL1800_HL_0343,F0012,PHL1800_HL_0343.png,HL Dataset,positive,train_5105.png,0.4,0.0791,specific_OCR_claim
PHL1800_HL_0361,F1553,PHL1800_HL_0361.png,HL Dataset,positive,train_9484.png,0.4,0.0833,precise_count_claim
PHL1800_HL_0527,F0135,PHL1800_HL_0527.png,HL Dataset,boundary,train_6162.png,0.4,0.0641,explicit_visual_uncertainty
PHL1800_HL_0198,F0710,PHL1800_HL_0198.png,HL Dataset,positive,train_12291.png,0.4062,0.0903,specific_OCR_claim;explicit_visual_uncertainty
PHL1800_HL_0229,F1713,PHL1800_HL_0229.png,HL Dataset,positive,train_3724.png,0.4074,0.0615,explicit_visual_uncertainty
PHL1800_HL_0472,F0174,PHL1800_HL_0472.png,HL Dataset,positive,train_2833.png,0.4074,0.064,explicit_visual_uncertainty
PHL1800_HL_0416,F0011,PHL1800_HL_0416.png,HL Dataset,positive,train_8578.png,0.4103,0.086,precise_count_claim;explicit_visual_uncertainty
PHL1800_HL_0047,F0835,PHL1800_HL_0047.png,HL Dataset,positive,train_1745.png,0.4118,0.0773,explicit_visual_uncertainty
PHL1800_HL_0002,F0870,PHL1800_HL_0002.png,HL Dataset,positive,train_9063.png,0.4194,0.0878,specific_OCR_claim;explicit_visual_uncertainty
PHL1800_HL_0147,F0789,PHL1800_HL_0147.png,HL Dataset,positive,train_3824.png,0.4194,0.0774,explicit_visual_uncertainty
PHL1800_HL_0241,F0752,PHL1800_HL_0241.png,HL Dataset,positive,train_10663.png,0.4194,0.0722,explicit_visual_uncertainty
PHL1800_HL_0016,F0249,PHL1800_HL_0016.png,HL Dataset,positive,train_6210.png,0.4231,0.0679,specific_OCR_claim;explicit_visual_uncertainty
PHL1800_HL_0085,F0511,PHL1800_HL_0085.png,HL Dataset,positive,train_11659.png,0.4242,0.0886,explicit_visual_uncertainty
PHL1800_HL_0333,F0653,PHL1800_HL_0333.png,HL Dataset,positive,train_11328.png,0.4286,0.1176,specific_OCR_claim;explicit_visual_uncertainty
PHL1800_HL_0439,F1623,PHL1800_HL_0439.png,HL Dataset,positive,train_13127.png,0.4286,0.0667,explicit_visual_uncertainty
PHL1800_HL_0326,F0384,PHL1800_HL_0326.png,HL Dataset,positive,train_11731.png,0.4359,0.089,explicit_visual_uncertainty
PHL1800_HL_0004,F1745,PHL1800_HL_0004.png,HL Dataset,positive,train_12482.png,0.4444,0.0702,explicit_visual_uncertainty
PHL1800_HL_0425,F0363,PHL1800_HL_0425.png,HL Dataset,positive,train_5210.png,0.4444,0.0842,specific_OCR_claim
PHL1800_HL_0345,F1360,PHL1800_HL_0345.png,HL Dataset,positive,train_12471.png,0.4615,0.0736,specific_OCR_claim;explicit_visual_uncertainty
PHL1800_HL_0347,F1772,PHL1800_HL_0347.png,HL Dataset,positive,test_925.png,0.4615,0.067,specific_OCR_claim;explicit_visual_uncertainty
PHL1800_HL_0421,F0454,PHL1800_HL_0421.png,HL Dataset,positive,train_6053.png,0.4783,0.0625,explicit_visual_uncertainty
PHL1800_HL_0255,F0731,PHL1800_HL_0255.png,HL Dataset,positive,train_11358.png,0.5263,0.0617,explicit_visual_uncertainty
PHL1800_HAIV_0008,F1131,PHL1800_HAIV_0008.png,HAIVMet,positive,"CoPoet\DallEMetaphors\Time is a thief\DALL·E 2022-10-12 22.27.09 - An illustration of a clock with a thief hiding behind it, waiting to strike and steal time away.png",0.0,0.0,very_low_overlap_with_HAIV_prompt
PHL1800_HAIV_0010,F1385,PHL1800_HAIV_0010.png,HAIVMet,positive,FigQA\DallEMetaphors\She was an angel in disguise.\DALL·E 2022-10-25 15.11.42 - An illustration of an angel in a disguise.png,0.0,0.0,very_low_overlap_with_HAIV_prompt
PHL1800_HAIV_0020,F1454,PHL1800_HAIV_0020.png,HAIVMet,positive,Advertisement\DallEMetaphors\love is in your bones\DALL┬╖E 2022-10-24 15.54.25 - An illustration of a person with hearts instead of bones and love spilling out of them.png,0.0,0.0,very_low_overlap_with_HAIV_prompt
PHL1800_HAIV_0050,F0430,PHL1800_HAIV_0050.png,HAIVMet,positive,FLUTE:They say that scars are the roadmap to the soul,0.0,0.0,very_low_overlap_with_HAIV_prompt;explicit_visual_uncertainty
PHL1800_HAIV_0104,F1363,PHL1800_HAIV_0104.png,HAIVMet,positive,FLUTE:The police finally netted a bank robber after an intense search.,0.0,0.0,very_low_overlap_with_HAIV_prompt
PHL1800_HAIV_0144,F0746,PHL1800_HAIV_0144.png,HAIVMet,positive,"FLUTE:Now and again, as other people walked by, she passed through them as if she were like a mirage.",0.0,0.0,very_low_overlap_with_HAIV_prompt;precise_count_claim;explicit_visual_uncertainty
PHL1800_HAIV_0151,F1149,PHL1800_HAIV_0151.png,HAIVMet,positive,"FLUTE:Mrs. hastings kept clucking about how nice the surroundings were, but spencer thought the restaurant was like a funeral home.",0.0,0.0,very_low_overlap_with_HAIV_prompt
PHL1800_HAIV_0154,F0978,PHL1800_HAIV_0154.png,HAIVMet,positive,FLUTE:They sent a shudder through my being still.,0.0,0.0,very_low_overlap_with_HAIV_prompt
PHL1800_HAIV_0167,F0294,PHL1800_HAIV_0167.png,HAIVMet,positive,FLUTE:The seeds of change were planted in 1943.,0.0,0.0,very_low_overlap_with_HAIV_prompt
PHL1800_HAIV_0183,F1798,PHL1800_HAIV_0183.png,HAIVMet,positive,FLUTE:The party died as soon as she left.,0.0,0.0,very_low_overlap_with_HAIV_prompt;explicit_visual_uncertainty
PHL1800_HAIV_0187,F0186,PHL1800_HAIV_0187.png,HAIVMet,positive,FLUTE:Mistrust had poisoned their relationship,0.0,0.0,very_low_overlap_with_HAIV_prompt
PHL1800_HAIV_0205,F1325,PHL1800_HAIV_0205.png,HAIVMet,positive,FLUTE:He looked neither one way nor the other way but sat like a carved image.,0.0,0.0,very_low_overlap_with_HAIV_prompt
PHL1800_HAIV_0207,F0924,PHL1800_HAIV_0207.png,HAIVMet,positive,FLUTE:People were streaming out of the theater.,0.0,0.0,very_low_overlap_with_HAIV_prompt
PHL1800_HAIV_0233,F0716,PHL1800_HAIV_0233.png,HAIVMet,positive,FLUTE:She was like a tranquil lake inside now,0.0,0.0,very_low_overlap_with_HAIV_prompt
PHL1800_HAIV_0257,F1760,PHL1800_HAIV_0257.png,HAIVMet,positive,FLUTE:He was feeling like a lone survivor returning from the battlefield.,0.0,0.0,very_low_overlap_with_HAIV_prompt
PHL1800_HAIV_0260,F0411,PHL1800_HAIV_0260.png,HAIVMet,positive,FLUTE:My golden toned skin met my internal heat welcomingly and it spread across my body like a wildfire in a drought.,0.0,0.0,very_low_overlap_with_HAIV_prompt
PHL1800_HAIV_0266,F1335,PHL1800_HAIV_0266.png,HAIVMet,positive,FLUTE:The employee swallows her anger.,0.0,0.0,very_low_overlap_with_HAIV_prompt;explicit_visual_uncertainty
PHL1800_HAIV_0285,F1705,PHL1800_HAIV_0285.png,HAIVMet,positive,FLUTE:My heart skips when he walks in the room.,0.0,0.0,very_low_overlap_with_HAIV_prompt
PHL1800_HAIV_0315,F0592,PHL1800_HAIV_0315.png,HAIVMet,positive,FLUTE:She was like a timeless statue .,0.0,0.0,very_low_overlap_with_HAIV_prompt;explicit_visual_uncertainty
PHL1800_HAIV_0320,F1393,PHL1800_HAIV_0320.png,HAIVMet,positive,FLUTE:The notion of loving too much seemed like a real-life wuthering heights with heathcliff crying out his anguish to the windswept moors.,0.0,0.0,very_low_overlap_with_HAIV_prompt
PHL1800_HAIV_0341,F0170,PHL1800_HAIV_0341.png,HAIVMet,positive,CoPoet:This fear is a memory that burns into the night,0.0,0.0,very_low_overlap_with_HAIV_prompt;explicit_visual_uncertainty
PHL1800_HAIV_0411,F0352,PHL1800_HAIV_0411.png,HAIVMet,positive,CoPoet:Your body is a vein of the infinite,0.0,0.0,very_low_overlap_with_HAIV_prompt
PHL1800_HAIV_0451,F0947,PHL1800_HAIV_0451.png,HAIVMet,positive,Tsvetkov:You have a shiny goal in mind that is distracting you with its awesomeness.,0.0,0.0,very_low_overlap_with_HAIV_prompt
PHL1800_HAIV_0476,F1575,PHL1800_HAIV_0476.png,HAIVMet,positive,Tsvetkov:Ok so some girls know what we have in our filthy minds.,0.0,0.0,very_low_overlap_with_HAIV_prompt
PHL1800_HAIV_0495,F0307,PHL1800_HAIV_0495.png,HAIVMet,positive,Tsvetkov:Primary battles have torn the party apart.,0.0,0.0,very_low_overlap_with_HAIV_prompt;explicit_visual_uncertainty
PHL1800_HAIV_0206,F1172,PHL1800_HAIV_0206.png,HAIVMet,positive,"FLUTE:But on top of that, we were wandering through some new england forest and the thick canopy of trees, spaced so impossibly close together, made the darkness feel like like a man-eating anaconda .",0.0588,0.0053,very_low_overlap_with_HAIV_prompt;explicit_visual_uncertainty
PHL1800_HAIV_0002,F1483,PHL1800_HAIV_0002.png,HAIVMet,positive,CoPoet\DallEMetaphors\Faith is a dangerous road that leads to the tattered ends of the Earth\DALL·E 2022-10-26 03.06.25 - An illustration of a road having a mosque and a church that leads to the tattered and broken edges of the Earth with an uncertain future..png,0.0714,0.0063,very_low_overlap_with_HAIV_prompt;explicit_visual_uncertainty
PHL1800_HAIV_0027,F0079,PHL1800_HAIV_0027.png,HAIVMet,positive,"Bizzoni\Adam did not understand the root of the crisis\DALL·E 2023-01-02 12.26.22 - An illustration of a plant with a large root system and a person standing next to it, looking confused..png",0.0769,0.0066,very_low_overlap_with_HAIV_prompt
PHL1800_HAIV_0472,F0850,PHL1800_HAIV_0472.png,HAIVMet,positive,Tsvetkov:I hope all her marketing materials live the dream.,0.0769,0.0089,very_low_overlap_with_HAIV_prompt
PHL1800_HAIV_0208,F0415,PHL1800_HAIV_0208.png,HAIVMet,positive,FLUTE:The library grew back like ivy on a castle.,0.0833,0.0055,very_low_overlap_with_HAIV_prompt;explicit_visual_uncertainty
PHL1800_HAIV_0224,F0233,PHL1800_HAIV_0224.png,HAIVMet,positive,FLUTE:My heart’s a stereo It beats for you so listen close,0.0833,0.0084,very_low_overlap_with_HAIV_prompt;explicit_visual_uncertainty
PHL1800_HAIV_0327,F0404,PHL1800_HAIV_0327.png,HAIVMet,positive,FLUTE:He was as depressed as a kid on his birthday,0.0833,0.0068,very_low_overlap_with_HAIV_prompt;explicit_visual_uncertainty
PHL1800_HAIV_0464,F0514,PHL1800_HAIV_0464.png,HAIVMet,positive,Tsvetkov:Now I read the post the poster was showing a written example of purple prose.,0.0833,0.0063,very_low_overlap_with_HAIV_prompt;specific_OCR_claim;explicit_visual_uncertainty
PHL1800_HAIV_0018,F1800,PHL1800_HAIV_0018.png,HAIVMet,positive,"Advertisement\DallEMetaphors\Words burn\DALL┬╖E 2022-10-21 16.56.15 - An illustration of a person speaking words on fire, with the flames licking up the sides and the center glowing red hot..png",0.0909,0.0065,very_low_overlap_with_HAIV_prompt
PHL1800_HAIV_0019,F0963,PHL1800_HAIV_0019.png,HAIVMet,positive,Advertisement\DallEMetaphors\Global warming is a ticking bomb.\DALL┬╖E 2022-10-21 17.17.34 - An illustration of the earth with a big bomb next to it and a lit fuse that is running out..png,0.0909,0.0067,very_low_overlap_with_HAIV_prompt
PHL1800_HAIV_0278,F1738,PHL1800_HAIV_0278.png,HAIVMet,positive,FLUTE:She is like a rare stone in a museum surrounded by laser lights.,0.0909,0.0083,very_low_overlap_with_HAIV_prompt;explicit_visual_uncertainty
PHL1800_HAIV_0406,F0314,PHL1800_HAIV_0406.png,HAIVMet,positive,CoPoet:His dwelling is a labyrinth of thorns,0.0909,0.0076,very_low_overlap_with_HAIV_prompt
PHL1800_HAIV_0032,F1184,PHL1800_HAIV_0032.png,HAIVMet,positive,FLUTE:My soul is lost and tossed like a ship unruddered in a shoreless sea,0.1,0.0056,very_low_overlap_with_HAIV_prompt;explicit_visual_uncertainty
PHL1800_HAIV_0056,F0195,PHL1800_HAIV_0056.png,HAIVMet,positive,"FLUTE:For centuries, the ruler has made life like a dreary prison.",0.1,0.0074,very_low_overlap_with_HAIV_prompt
PHL1800_HAIV_0059,F0299,PHL1800_HAIV_0059.png,HAIVMet,positive,FLUTE:The snow blanketed the earth like a mother would her infant child.,0.1,0.0067,very_low_overlap_with_HAIV_prompt;explicit_visual_uncertainty
PHL1800_HAIV_0209,F1207,PHL1800_HAIV_0209.png,HAIVMet,positive,FLUTE:The eye of the mind is dazzled and vanquished,0.1,0.0077,very_low_overlap_with_HAIV_prompt
PHL1800_HAIV_0263,F1212,PHL1800_HAIV_0263.png,HAIVMet,positive,FLUTE:A global catastrophe causes all major technology to be rendered like burned ashes.,0.1,0.0072,very_low_overlap_with_HAIV_prompt;explicit_visual_uncertainty
PHL1800_HAIV_0292,F1306,PHL1800_HAIV_0292.png,HAIVMet,positive,FLUTE:Slowly his sense and strength grew.,0.1,0.0066,very_low_overlap_with_HAIV_prompt
PHL1800_HAIV_0323,F1124,PHL1800_HAIV_0323.png,HAIVMet,positive,"FLUTE:Then, as a hunted deer that could not flee, I turned upon my thoughts and stood at bay, wounded and weak and panting",0.1,0.0065,very_low_overlap_with_HAIV_prompt
PHL1800_HAIV_0408,F0165,PHL1800_HAIV_0408.png,HAIVMet,positive,CoPoet:My path is a river with many tributaries,0.1,0.0076,very_low_overlap_with_HAIV_prompt
PHL1800_HAIV_0414,F0645,PHL1800_HAIV_0414.png,HAIVMet,positive,CoPoet:My silence is like a weapon,0.1,0.0071,very_low_overlap_with_HAIV_prompt
PHL1800_HAIV_0040,F0815,PHL1800_HAIV_0040.png,HAIVMet,positive,FLUTE:We streamed money into the education of our children.,0.1111,0.0058,very_low_overlap_with_HAIV_prompt;explicit_visual_uncertainty
PHL1800_HAIV_0043,F1309,PHL1800_HAIV_0043.png,HAIVMet,positive,FLUTE:Love is a battlefield.,0.1111,0.0062,very_low_overlap_with_HAIV_prompt
PHL1800_HAIV_0046,F1508,PHL1800_HAIV_0046.png,HAIVMet,positive,FLUTE:The hope in her voice now made me think of a flower growing in shadow.,0.1111,0.0065,very_low_overlap_with_HAIV_prompt
PHL1800_HAIV_0078,F1066,PHL1800_HAIV_0078.png,HAIVMet,positive,"FLUTE:I was starting to realize that although at first the whole ""star-crossed lovers"" thing seemed like an exotic love story or classic tale right out of a page of history , it was a lot more complicated and messy than I had ever wished for.",0.1111,0.0074,very_low_overlap_with_HAIV_prompt
PHL1800_HAIV_0084,F0004,PHL1800_HAIV_0084.png,HAIVMet,positive,FLUTE:The war devoured so many lives.,0.1111,0.0072,very_low_overlap_with_HAIV_prompt;explicit_visual_uncertainty
PHL1800_HAIV_0113,F1195,PHL1800_HAIV_0113.png,HAIVMet,positive,FLUTE:Your guardian angel is just a little too much like a nerd at a comic convention.,0.1111,0.0084,very_low_overlap_with_HAIV_prompt
PHL1800_HAIV_0145,F0137,PHL1800_HAIV_0145.png,HAIVMet,positive,FLUTE:Matt stood like a big bronzed statue,0.1111,0.0073,very_low_overlap_with_HAIV_prompt
PHL1800_HAIV_0152,F0104,PHL1800_HAIV_0152.png,HAIVMet,positive,FLUTE:The bad review of his work deflated his self-confidence.,0.1111,0.0081,very_low_overlap_with_HAIV_prompt
PHL1800_HAIV_0175,F1437,PHL1800_HAIV_0175.png,HAIVMet,positive,FLUTE:After letting off his rage he sat down like a lamb.,0.1111,0.0071,very_low_overlap_with_HAIV_prompt
PHL1800_HAIV_0212,F0110,PHL1800_HAIV_0212.png,HAIVMet,positive,FLUTE:The majority of law enforcement has become like a phonograph at a smartphone convention.,0.1111,0.0058,very_low_overlap_with_HAIV_prompt;explicit_visual_uncertainty
PHL1800_HAIV_0242,F0027,PHL1800_HAIV_0242.png,HAIVMet,positive,FLUTE:Lay the foundation for a new health care plan.,0.1111,0.007,very_low_overlap_with_HAIV_prompt;explicit_visual_uncertainty
PHL1800_HAIV_0253,F0988,PHL1800_HAIV_0253.png,HAIVMet,positive,FLUTE:Her body became like a partially full bag of grain.,0.1111,0.0088,very_low_overlap_with_HAIV_prompt;explicit_visual_uncertainty
PHL1800_HAIV_0324,F1320,PHL1800_HAIV_0324.png,HAIVMet,positive,FLUTE:We can lean on this man.,0.1111,0.0075,very_low_overlap_with_HAIV_prompt
PHL1800_HAIV_0360,F0647,PHL1800_HAIV_0360.png,HAIVMet,positive,CoPoet:Work is a living hell,0.1111,0.0073,very_low_overlap_with_HAIV_prompt
PHL1800_HAIV_0460,F1790,PHL1800_HAIV_0460.png,HAIVMet,positive,Tsvetkov:Don’t go and blow your paycheck though.,0.1111,0.0078,very_low_overlap_with_HAIV_prompt;explicit_visual_uncertainty
PHL1800_HAIV_0489,F1317,PHL1800_HAIV_0489.png,HAIVMet,positive,Tsvetkov:I find it a constant struggle to shut my brain off sometimes.,0.1111,0.007,very_low_overlap_with_HAIV_prompt
PHL1800_HAIV_0506,F1213,PHL1800_HAIV_0506.png,HAIVMet,positive,FigQA:Teachers mould their students for their future.,0.1111,0.008,very_low_overlap_with_HAIV_prompt
PHL1800_HAIV_0523,F0581,PHL1800_HAIV_0523.png,HAIVMet,positive,FigQA:She was drowning in grief.,0.1111,0.0079,very_low_overlap_with_HAIV_prompt
PHL1800_HAIV_0065,F0935,PHL1800_HAIV_0065.png,HAIVMet,positive,FLUTE:Fear clogged her mind.,0.125,0.0072,very_low_overlap_with_HAIV_prompt
PHL1800_HAIV_0069,F0771,PHL1800_HAIV_0069.png,HAIVMet,positive,"FLUTE:He jerked his head, indicating to michael where to go, then backed up a couple of steps, his face like a funeral director's.",0.125,0.0074,very_low_overlap_with_HAIV_prompt;explicit_visual_uncertainty
PHL1800_HAIV_0089,F1428,PHL1800_HAIV_0089.png,HAIVMet,positive,"FLUTE:He saw the change in the boy's face: a streak of pain, there and gone like a comet.",0.125,0.0079,very_low_overlap_with_HAIV_prompt;explicit_visual_uncertainty
PHL1800_HAIV_0118,F0734,PHL1800_HAIV_0118.png,HAIVMet,positive,FLUTE:The rich man had a cold heart.,0.125,0.0065,very_low_overlap_with_HAIV_prompt
PHL1800_HAIV_0181,F0122,PHL1800_HAIV_0181.png,HAIVMet,positive,FLUTE:I won't stoop to reading other people's mail.,0.125,0.0077,very_low_overlap_with_HAIV_prompt
PHL1800_HAIV_0225,F0837,PHL1800_HAIV_0225.png,HAIVMet,positive,"FLUTE:His sensitive ears picked up every sound, but it was like a library on friday night",0.125,0.0075,very_low_overlap_with_HAIV_prompt
PHL1800_HAIV_0238,F1375,PHL1800_HAIV_0238.png,HAIVMet,positive,FLUTE:Kisses are the flowers of love in bloom.,0.125,0.0072,very_low_overlap_with_HAIV_prompt
PHL1800_HAIV_0270,F0827,PHL1800_HAIV_0270.png,HAIVMet,positive,FLUTE:The changing of the guard was like a well-oiled clock .,0.125,0.0056,very_low_overlap_with_HAIV_prompt
PHL1800_HAIV_0288,F0819,PHL1800_HAIV_0288.png,HAIVMet,positive,FLUTE:You’ve discovered that your body is like bulletproof steel.,0.125,0.0083,very_low_overlap_with_HAIV_prompt;explicit_visual_uncertainty
PHL1800_HAIV_0314,F0884,PHL1800_HAIV_0314.png,HAIVMet,positive,FLUTE:I let my body like a rag doll.,0.125,0.0078,very_low_overlap_with_HAIV_prompt
PHL1800_HAIV_0368,F1216,PHL1800_HAIV_0368.png,HAIVMet,positive,CoPoet:Depression is a mind of dark cluttered jumbles,0.125,0.0072,very_low_overlap_with_HAIV_prompt;explicit_visual_uncertainty
PHL1800_HAIV_0505,F1608,PHL1800_HAIV_0505.png,HAIVMet,positive,FigQA:A friend is a treasure.,0.125,0.0068,very_low_overlap_with_HAIV_prompt
PHL1800_HAIV_0543,F1235,PHL1800_HAIV_0543.png,HAIVMet,positive,Bizzoni:She was ready to turn her hand and heart to anything that promised to yield safety.,0.125,0.0073,very_low_overlap_with_HAIV_prompt
PHL1800_HAIV_0042,F0573,PHL1800_HAIV_0042.png,HAIVMet,positive,FLUTE:He has the heart of a lion,0.1429,0.0081,very_low_overlap_with_HAIV_prompt
PHL1800_HAIV_0127,F1157,PHL1800_HAIV_0127.png,HAIVMet,positive,FLUTE:He has a heart of gold.,0.1429,0.0083,very_low_overlap_with_HAIV_prompt
PHL1800_HAIV_0220,F1471,PHL1800_HAIV_0220.png,HAIVMet,positive,FLUTE:The captain was a tall and noble statue.,0.1429,0.0065,very_low_overlap_with_HAIV_prompt;explicit_visual_uncertainty
PHL1800_HAIV_0317,F0322,PHL1800_HAIV_0317.png,HAIVMet,positive,FLUTE:And the sky overhead had turned like a polluted body of water.,0.1429,0.0061,very_low_overlap_with_HAIV_prompt
PHL1800_HAIV_0318,F1175,PHL1800_HAIV_0318.png,HAIVMet,positive,FLUTE:Her face was already like a beet.,0.1429,0.0083,very_low_overlap_with_HAIV_prompt
PHL1800_HAIV_0349,F0528,PHL1800_HAIV_0349.png,HAIVMet,positive,CoPoet:Thought is a vulture,0.1429,0.0075,very_low_overlap_with_HAIV_prompt
PHL1800_HAIV_0354,F0386,PHL1800_HAIV_0354.png,HAIVMet,positive,CoPoet:Every mind is like a shark,0.1429,0.0078,very_low_overlap_with_HAIV_prompt
PHL1800_HAIV_0392,F1010,PHL1800_HAIV_0392.png,HAIVMet,positive,CoPoet:My heart is like glass transparent and fragile,0.1429,0.0092,very_low_overlap_with_HAIV_prompt
PHL1800_HAIV_0403,F0431,PHL1800_HAIV_0403.png,HAIVMet,positive,CoPoet:Your mind is a powerful tool,0.1429,0.0098,very_low_overlap_with_HAIV_prompt
PHL1800_HAIV_0456,F0651,PHL1800_HAIV_0456.png,HAIVMet,positive,Tsvetkov:I thought all this very pretty and engaging and Steerforth seemed to think so too as we looked after them fading away in the light of a young moon.,0.1429,0.0092,very_low_overlap_with_HAIV_prompt
PHL1800_HAIV_0457,F1091,PHL1800_HAIV_0457.png,HAIVMet,positive,Tsvetkov:Airports are swimming in money from passenger fees.,0.1429,0.0062,very_low_overlap_with_HAIV_prompt
PHL1800_HAIV_0466,F1603,PHL1800_HAIV_0466.png,HAIVMet,positive,Tsvetkov:Following the earlier quake Turkey accepted help from dozens of countries including Israel and Armenia with which it has frosty relations.,0.1429,0.0053,very_low_overlap_with_HAIV_prompt;specific_OCR_claim
PHL1800_HAIV_0486,F0634,PHL1800_HAIV_0486.png,HAIVMet,positive,Tsvetkov:The only requirement is that you have to be receptive and become a dry and thirsty sponge.,0.1429,0.0079,very_low_overlap_with_HAIV_prompt
PHL1800_HAIV_0517,F0583,PHL1800_HAIV_0517.png,HAIVMet,positive,FigQA:You’re sitting on a winning lottery.,0.1429,0.0058,very_low_overlap_with_HAIV_prompt;explicit_visual_uncertainty
PHL1800_HAIV_0549,F0601,PHL1800_HAIV_0549.png,HAIVMet,positive,Bizzoni:When it rains in Tokyo the city becomes a sea of umbrellas.,0.1429,0.0066,very_low_overlap_with_HAIV_prompt;precise_count_claim;explicit_visual_uncertainty
PHL1800_HAIV_0087,F1507,PHL1800_HAIV_0087.png,HAIVMet,positive,"FLUTE:Because of this, all interstellar species evolved on gas giants and thought earth was like a barren wasteland.",0.1538,0.0115,very_low_overlap_with_HAIV_prompt
PHL1800_HAIV_0158,F1488,PHL1800_HAIV_0158.png,HAIVMet,positive,FLUTE:The teacher planted the seeds of wisdom.,0.1538,0.0113,very_low_overlap_with_HAIV_prompt
PHL1800_HAIV_0293,F0613,PHL1800_HAIV_0293.png,HAIVMet,positive,"FLUTE:She goes all so softly like a shadow on the hill, a faint wind at twilight",0.1538,0.0122,very_low_overlap_with_HAIV_prompt;explicit_visual_uncertainty
PHL1800_HAIV_0299,F0916,PHL1800_HAIV_0299.png,HAIVMet,positive,FLUTE:His body was weathered by leprosy.,0.1538,0.0156,very_low_overlap_with_HAIV_prompt;explicit_visual_uncertainty
PHL1800_HAIV_0478,F1082,PHL1800_HAIV_0478.png,HAIVMet,positive,Tsvetkov:The Ukrainian singer was rewarded with stormy applause.,0.1538,0.0168,very_low_overlap_with_HAIV_prompt;precise_count_claim
PHL1800_HAIV_0029,F1219,PHL1800_HAIV_0029.png,HAIVMet,positive,"FLUTE\DallEMetaphors\The ex-slave tasted freedom shortly before he died.\DALL·E 2023-01-14 14.37.57 - An illustration of a poor man with their tongue out  tasting the air with a look of relief and freedom on their face, breaking their handcuff looking .png",0.1667,0.0185,explicit_visual_uncertainty
PHL1800_HAIV_0122,F0223,PHL1800_HAIV_0122.png,HAIVMet,positive,FLUTE:His devotion to his sick wife condemned him to a lonely existence.,0.1667,0.0126,explicit_visual_uncertainty
PHL1800_HAIV_0126,F0554,PHL1800_HAIV_0126.png,HAIVMet,positive,FLUTE:The event engraved itself into her memory.,0.1667,0.0069,explicit_visual_uncertainty
PHL1800_HAIV_0165,F1026,PHL1800_HAIV_0165.png,HAIVMet,positive,FLUTE:The computers at school are old dinosaurs,0.1667,0.0066,explicit_visual_uncertainty
PHL1800_HAIV_0329,F1725,PHL1800_HAIV_0329.png,HAIVMet,positive,CoPoet:Anger is a demon that preys on the soul,0.1667,0.0073,explicit_visual_uncertainty
PHL1800_HAIV_0338,F1118,PHL1800_HAIV_0338.png,HAIVMet,positive,CoPoet:His body is a temple excavated evacuated deserted and desolated,0.1667,0.0067,explicit_visual_uncertainty
PHL1800_HAIV_0405,F0855,PHL1800_HAIV_0405.png,HAIVMet,positive,CoPoet:The world is a a tomb,0.1667,0.0063,explicit_visual_uncertainty
PHL1800_HAIV_0432,F0940,PHL1800_HAIV_0432.png,HAIVMet,positive,CoPoet:My jaw is a rollercoaster gripping the tracks,0.1667,0.0055,explicit_visual_uncertainty
PHL1800_HAIV_0520,F0512,PHL1800_HAIV_0520.png,HAIVMet,positive,FigQA:He was a cheetah in the race.,0.1667,0.006,specific_OCR_claim;precise_count_claim
PHL1800_HAIV_0542,F1042,PHL1800_HAIV_0542.png,HAIVMet,positive,Bizzoni:He felt a wave of anger,0.1667,0.0065,explicit_visual_uncertainty
PHL1800_HAIV_0082,F0715,PHL1800_HAIV_0082.png,HAIVMet,positive,FLUTE:Vietnam was in his brain like a stringy piece of meat caught between his teeth that wouldn't be dislodged for love or money.,0.1818,0.0156,explicit_visual_uncertainty
PHL1800_HAIV_0248,F0050,PHL1800_HAIV_0248.png,HAIVMet,positive,FLUTE:Your guardian angel is just a little too much like a kid on Christmas morning.,0.1818,0.0144,explicit_visual_uncertainty
PHL1800_HAIV_0415,F1059,PHL1800_HAIV_0415.png,HAIVMet,positive,CoPoet:Fear is a lock,0.1818,0.0147,explicit_visual_uncertainty
PHL1800_HAIV_0484,F0261,PHL1800_HAIV_0484.png,HAIVMet,positive,Tsvetkov:Midwesterners try to spread the wealth evenly.,0.1818,0.0129,explicit_visual_uncertainty
PHL1800_HAIV_0015,F1183,PHL1800_HAIV_0015.png,HAIVMet,positive,FigQA\DallEMetaphors\The stormy ocean was a raging bull.\DALL·E 2022-10-25 15.40.29 - An illustration of a raging bull made of the ocean.png,0.2,0.01,explicit_visual_uncertainty
PHL1800_HAIV_0057,F0023,PHL1800_HAIV_0057.png,HAIVMet,positive,FLUTE:But my heart is a lonely hunter that hunts on a lonely hill.,0.2,0.0168,explicit_visual_uncertainty
PHL1800_HAIV_0090,F0667,PHL1800_HAIV_0090.png,HAIVMet,positive,"FLUTE:Face it, caine, the whole ashland police department is like a pair of three- week-old gym socks.",0.2,0.0078,specific_OCR_claim
PHL1800_HAIV_0130,F0903,PHL1800_HAIV_0130.png,HAIVMet,positive,FLUTE:Trying to rationalize the situation eventually becomes like trapping a bird in a cage.,0.2,0.0138,explicit_visual_uncertainty
PHL1800_HAIV_0199,F0873,PHL1800_HAIV_0199.png,HAIVMet,positive,"FLUTE:‘ I think she 'd do better to understand herself , ’ Ellen said tartly .",0.2,0.0076,explicit_visual_uncertainty
PHL1800_HAIV_0473,F1054,PHL1800_HAIV_0473.png,HAIVMet,positive,Tsvetkov:The brain uses a sort of fuzzy logic.,0.2,0.0114,explicit_visual_uncertainty
PHL1800_HAIV_0442,F1300,PHL1800_HAIV_0442.png,HAIVMet,positive,Tsvetkov:In white anger he threw the book down - and proceeded along another line.,0.2143,0.0204,explicit_visual_uncertainty
PHL1800_HAIV_0106,F0642,PHL1800_HAIV_0106.png,HAIVMet,positive,FLUTE:I was swamped with work.,0.2222,0.0128,explicit_visual_uncertainty
PHL1800_HAIV_0134,F0989,PHL1800_HAIV_0134.png,HAIVMet,positive,FLUTE:She was as emotional as a funeral director,0.2222,0.0125,specific_OCR_claim;explicit_visual_uncertainty
PHL1800_HAIV_0471,F0496,PHL1800_HAIV_0471.png,HAIVMet,positive,Tsvetkov:Care to offer some evidence that this bald assertion is true?,0.2222,0.0143,explicit_visual_uncertainty
PHL1800_HAIV_0524,F1193,PHL1800_HAIV_0524.png,HAIVMet,positive,Advertisement:I gave her my heart but she wanted my soul,0.2222,0.0174,explicit_visual_uncertainty
PHL1800_HAIV_0534,F0109,PHL1800_HAIV_0534.png,HAIVMet,positive,Advertisement:Your heart is calling,0.2222,0.0127,explicit_visual_uncertainty
PHL1800_HAIV_0108,F1402,PHL1800_HAIV_0108.png,HAIVMet,positive,"FLUTE:Unfortunately, their ideas about your past life are like drunken bat swings at a dart board.",0.2308,0.0184,explicit_visual_uncertainty
PHL1800_HAIV_0156,F0549,PHL1800_HAIV_0156.png,HAIVMet,positive,FLUTE:Death is like moonlight in a lofty wood that pours pale magic through the shadowy leaves,0.2308,0.0234,explicit_visual_uncertainty
PHL1800_HAIV_0024,F1773,PHL1800_HAIV_0024.png,HAIVMet,positive,"Bizzoni\the crowd was a roaring river\DALL·E 2023-01-14 14.20.45 - An illustration of a powerful river with people instead of water, all of them chanting and moving in the same direction..png",0.25,0.0171,precise_count_claim
PHL1800_HAIV_0103,F1110,PHL1800_HAIV_0103.png,HAIVMet,positive,FLUTE:Love's wing molts when caged and captured,0.25,0.0136,explicit_visual_uncertainty
PHL1800_HAIV_0185,F1048,PHL1800_HAIV_0185.png,HAIVMet,positive,"FLUTE:What-the-hell was right: looming behind them was a boxy building tall as a church steeple, resembling a recycling bin.",0.25,0.0195,explicit_visual_uncertainty
PHL1800_HAIV_0197,F1694,PHL1800_HAIV_0197.png,HAIVMet,positive,FLUTE:Donations to the charity were a tsunami.,0.25,0.0145,specific_OCR_claim
PHL1800_HAIV_0240,F1494,PHL1800_HAIV_0240.png,HAIVMet,positive,FLUTE:The moment had arrived for killing the past and coming back to life.,0.25,0.018,explicit_visual_uncertainty
PHL1800_HAIV_0296,F1709,PHL1800_HAIV_0296.png,HAIVMet,positive,FLUTE:Each stride he took was like a tennis court.,0.25,0.0133,explicit_visual_uncertainty
PHL1800_HAIV_0303,F1438,PHL1800_HAIV_0303.png,HAIVMet,positive,FLUTE:The road is life,0.25,0.0143,explicit_visual_uncertainty
PHL1800_HAIV_0319,F1305,PHL1800_HAIV_0319.png,HAIVMet,positive,FLUTE:The critics paid tribute to this broadway production.,0.25,0.0195,precise_count_claim
PHL1800_HAIV_0423,F1473,PHL1800_HAIV_0423.png,HAIVMet,positive,CoPoet:My mind is a desert and I am an explorer,0.25,0.0146,explicit_visual_uncertainty
PHL1800_HAIV_0477,F0834,PHL1800_HAIV_0477.png,HAIVMet,positive,Tsvetkov:For a brief moment this week excitement filled the streets of both Havana and Miami.,0.25,0.0123,explicit_visual_uncertainty
PHL1800_HAIV_0480,F0767,PHL1800_HAIV_0480.png,HAIVMet,positive,Tsvetkov:Luck loves those that expect it.,0.25,0.0227,explicit_visual_uncertainty
PHL1800_HAIV_0529,F0732,PHL1800_HAIV_0529.png,HAIVMet,positive,Advertisement:Dominate the road.,0.25,0.0137,explicit_visual_uncertainty
PHL1800_HAIV_0539,F1650,PHL1800_HAIV_0539.png,HAIVMet,positive,Bizzoni:By that time my friend was broken so he had to sell his house,0.25,0.0196,specific_OCR_claim
PHL1800_HAIV_0547,F1552,PHL1800_HAIV_0547.png,HAIVMet,positive,Bizzoni:The republican convention was a horror show,0.25,0.0159,explicit_visual_uncertainty
PHL1800_HAIV_0191,F0629,PHL1800_HAIV_0191.png,HAIVMet,positive,FLUTE:The skies of his future began to darken,0.2667,0.024,explicit_visual_uncertainty
PHL1800_HAIV_0139,F1274,PHL1800_HAIV_0139.png,HAIVMet,positive,FLUTE:She's the kind of girl who climbed the ladder of success wrong by wrong.,0.2727,0.0242,specific_OCR_claim
PHL1800_HAIV_0214,F1414,PHL1800_HAIV_0214.png,HAIVMet,positive,FLUTE:Describe your 'real' self in third person without sounding like a pompous beauty guru.,0.2727,0.0226,explicit_visual_uncertainty
PHL1800_HAIV_0441,F1197,PHL1800_HAIV_0441.png,HAIVMet,positive,Tsvetkov:Your destiny is tied to the person you work for.,0.2727,0.019,explicit_visual_uncertainty
PHL1800_HAIV_0450,F0841,PHL1800_HAIV_0450.png,HAIVMet,positive,Tsvetkov:A breezy disregard for the preservation of the pence was a family trait,0.2727,0.0161,explicit_visual_uncertainty
PHL1800_HAIV_0507,F0808,PHL1800_HAIV_0507.png,HAIVMet,positive,FigQA:The police officer was digging up details about the suspects.,0.2727,0.0216,explicit_visual_uncertainty
PHL1800_HAIV_0007,F0049,PHL1800_HAIV_0007.png,HAIVMet,positive,Bizzoni\We still ignore how the seed of life was planted on our planet\DALL·E 2023-01-05 17.08.28 -  An illustration of a small seed in the center of a large planet with a question mark in the background..png,0.2857,0.0248,explicit_visual_uncertainty
PHL1800_HAIV_0049,F1094,PHL1800_HAIV_0049.png,HAIVMet,positive,FLUTE:There were dark corners in his past things he didn't like to remember.,0.2857,0.0233,explicit_visual_uncertainty
PHL1800_HAIV_0109,F1194,PHL1800_HAIV_0109.png,HAIVMet,positive,FLUTE:The door seemed like a ring of assassins.,0.2857,0.0122,explicit_visual_uncertainty
PHL1800_HAIV_0124,F1007,PHL1800_HAIV_0124.png,HAIVMet,positive,"FLUTE:And his heart within him  fluttered  ,",0.2857,0.0139,explicit_visual_uncertainty
PHL1800_HAIV_0129,F1228,PHL1800_HAIV_0129.png,HAIVMet,positive,FLUTE:Fear had changed him to a shaken jelly.,0.2857,0.0143,explicit_visual_uncertainty
PHL1800_HAIV_0250,F1582,PHL1800_HAIV_0250.png,HAIVMet,positive,FLUTE:The immigrants were quickly absorbed into society.,0.2857,0.0116,explicit_visual_uncertainty
PHL1800_HAIV_0334,F1761,PHL1800_HAIV_0334.png,HAIVMet,positive,CoPoet:Her soul is like a wolf that stands,0.2857,0.0142,explicit_visual_uncertainty
PHL1800_HAIV_0482,F1791,PHL1800_HAIV_0482.png,HAIVMet,positive,Tsvetkov:Black humor seems very Irish to me.,0.2857,0.0301,explicit_visual_uncertainty
PHL1800_HAIV_0492,F1548,PHL1800_HAIV_0492.png,HAIVMet,positive,Tsvetkov:Our conversation turned to the subject of “tongues”.,0.2857,0.0172,explicit_visual_uncertainty
PHL1800_HAIV_0501,F0782,PHL1800_HAIV_0501.png,HAIVMet,positive,FigQA:Her heart sank on hearing the terrible news.,0.2857,0.0149,explicit_visual_uncertainty
PHL1800_HAIV_0053,F0769,PHL1800_HAIV_0053.png,HAIVMet,positive,FLUTE:We have learned that the ending of the Earth is like death and taxes.,0.3,0.0207,specific_OCR_claim;explicit_visual_uncertainty
PHL1800_HAIV_0094,F0604,PHL1800_HAIV_0094.png,HAIVMet,positive,FLUTE:But forming ideas about the future seemed like a mist-wreathed mountain path .,0.3,0.0221,explicit_visual_uncertainty
PHL1800_HAIV_0105,F0738,PHL1800_HAIV_0105.png,HAIVMet,positive,FLUTE:The government digested the entire law into a code.,0.3,0.0259,specific_OCR_claim
PHL1800_HAIV_0172,F0696,PHL1800_HAIV_0172.png,HAIVMet,positive,"FLUTE:He knew tommy was alright, in love and like a clam in wet mud.",0.3,0.0207,explicit_visual_uncertainty
PHL1800_HAIV_0269,F1667,PHL1800_HAIV_0269.png,HAIVMet,positive,"FLUTE:He adjusted himself groggily, but upon seeing me, he sprang up like a soldier at dawn.",0.3,0.0192,explicit_visual_uncertainty
PHL1800_HAIV_0385,F0325,PHL1800_HAIV_0385.png,HAIVMet,positive,CoPoet:Your face is a canvas,0.3,0.0217,explicit_visual_uncertainty
PHL1800_HAIV_0410,F1723,PHL1800_HAIV_0410.png,HAIVMet,positive,CoPoet:Hope is a slow progress like a dying immortal flame,0.3,0.0204,explicit_visual_uncertainty
PHL1800_HAIV_0474,F0522,PHL1800_HAIV_0474.png,HAIVMet,positive,Tsvetkov:The good news is that even while Congress sleeps there are those on both the right and left that recognize the dangers.,0.3,0.0205,precise_count_claim;explicit_visual_uncertainty
PHL1800_HAIV_0503,F0349,PHL1800_HAIV_0503.png,HAIVMet,positive,FigQA:I’m the master of my sea.,0.3,0.0187,explicit_visual_uncertainty
PHL1800_HAIV_0101,F1201,PHL1800_HAIV_0101.png,HAIVMet,positive,"FLUTE:When Ninja Robot Squad came on TV, the boys were glued in their seats.",0.3077,0.0221,explicit_visual_uncertainty
PHL1800_HAIV_0522,F1261,PHL1800_HAIV_0522.png,HAIVMet,positive,FigQA:Her mom warned her about the monsters in the world.,0.3077,0.0252,explicit_visual_uncertainty
PHL1800_HAIV_0014,F0860,PHL1800_HAIV_0014.png,HAIVMet,positive,FigQA\DallEMetaphors\The mind is a computer.\DALL·E 2023-01-11 23.55.29 - An illustration of a computer with a person's head as the monitor and thoughts coming out of their head as if they are wires..png,0.3333,0.0194,explicit_visual_uncertainty
PHL1800_HAIV_0044,F1071,PHL1800_HAIV_0044.png,HAIVMet,positive,"FLUTE:Our hearts, though stout and brave, still, like muffled drums, are beating funeral marches to the grave",0.3333,0.0221,explicit_visual_uncertainty
PHL1800_HAIV_0163,F1338,PHL1800_HAIV_0163.png,HAIVMet,positive,FLUTE:Whom fate has yoked with a weight of woes.,0.3333,0.0219,explicit_visual_uncertainty
PHL1800_HAIV_0189,F1653,PHL1800_HAIV_0189.png,HAIVMet,positive,"FLUTE:I have absolutely no control over my life, and yet I'm like a fish in deep water.",0.3333,0.0197,precise_count_claim;explicit_visual_uncertainty
PHL1800_HAIV_0211,F0268,PHL1800_HAIV_0211.png,HAIVMet,positive,FLUTE:Toby manipulated the people in his life as though they were chess pieces,0.3333,0.0167,explicit_visual_uncertainty
PHL1800_HAIV_0236,F1671,PHL1800_HAIV_0236.png,HAIVMet,positive,FLUTE:The play is going to burn few people.,0.3333,0.0205,precise_count_claim;explicit_visual_uncertainty
PHL1800_HAIV_0243,F0648,PHL1800_HAIV_0243.png,HAIVMet,positive,FLUTE:The book captured her imagination.,0.3333,0.0256,explicit_visual_uncertainty
PHL1800_HAIV_0300,F1404,PHL1800_HAIV_0300.png,HAIVMet,positive,FLUTE:The road ahead was a ribbon stretching across the desert.,0.3333,0.0207,explicit_visual_uncertainty
PHL1800_HAIV_0313,F0510,PHL1800_HAIV_0313.png,HAIVMet,positive,FLUTE:This idea will never amount to anything.,0.3333,0.0164,specific_OCR_claim
PHL1800_HAIV_0344,F0830,PHL1800_HAIV_0344.png,HAIVMet,positive,CoPoet:My heart is like a ship that finds no rest,0.3333,0.021,explicit_visual_uncertainty
PHL1800_HAIV_0383,F1371,PHL1800_HAIV_0383.png,HAIVMet,positive,CoPoet:America is a gun,0.3333,0.015,explicit_visual_uncertainty
PHL1800_HAIV_0431,F0560,PHL1800_HAIV_0431.png,HAIVMet,positive,CoPoet:My brain is a sea,0.3333,0.0186,precise_count_claim;explicit_visual_uncertainty
PHL1800_HAIV_0459,F1185,PHL1800_HAIV_0459.png,HAIVMet,positive,Tsvetkov:My computer slipped into coma.,0.3333,0.0207,explicit_visual_uncertainty
PHL1800_HAIV_0487,F0126,PHL1800_HAIV_0487.png,HAIVMet,positive,Tsvetkov:Comprehensive solutions marry ideas favored by one party and opposed by the other.,0.3333,0.0259,specific_OCR_claim
PHL1800_HAIV_0488,F1528,PHL1800_HAIV_0488.png,HAIVMet,positive,Tsvetkov:The Independence Day parade and the Christmas event in Fairfield all have cloudy futures.,0.3333,0.0222,precise_count_claim
PHL1800_HAIV_0497,F0189,PHL1800_HAIV_0497.png,HAIVMet,positive,Tsvetkov:This is a solution to a hairy problem.,0.3333,0.0254,explicit_visual_uncertainty
PHL1800_HAIV_0023,F0939,PHL1800_HAIV_0023.png,HAIVMet,positive,Bizzoni\The roots of the war were in the economical crisis\DALL·E 2023-01-05 16.48.33 - An illustration of a tree with its roots wrapped around a war scene with people fighting and an economy collapsing in the background..png,0.3636,0.0265,explicit_visual_uncertainty
PHL1800_HAIV_0075,F1547,PHL1800_HAIV_0075.png,HAIVMet,positive,FLUTE:The faculty meeting was a real war.,0.3636,0.0234,explicit_visual_uncertainty
PHL1800_HAIV_0342,F1244,PHL1800_HAIV_0342.png,HAIVMet,positive,CoPoet:Death is a gate of dreariness and gloom,0.3636,0.028,explicit_visual_uncertainty
PHL1800_HAIV_0444,F0906,PHL1800_HAIV_0444.png,HAIVMet,positive,Tsvetkov:Out-of-control spending was hurting the economy.,0.3636,0.0261,precise_count_claim;explicit_visual_uncertainty
PHL1800_HAIV_0001,F0351,PHL1800_HAIV_0001.png,HAIVMet,positive,CoPoet\DallEMetaphors\My heart is a cage for dark angels\DALL·E 2022-10-20 17.40.17 - An illustration of a heart with a cage around it and dark angels inside the cage looking out..png,0.375,0.027,explicit_visual_uncertainty
PHL1800_HAIV_0060,F0679,PHL1800_HAIV_0060.png,HAIVMet,positive,"FLUTE:Growing up, people always thought you were like a social pariah.",0.375,0.0192,precise_count_claim
PHL1800_HAIV_0070,F1358,PHL1800_HAIV_0070.png,HAIVMet,positive,FLUTE:Time is money.,0.375,0.0226,explicit_visual_uncertainty
PHL1800_HAIV_0258,F1560,PHL1800_HAIV_0258.png,HAIVMet,positive,"FLUTE:I wanted to get money, but the ATM froze.",0.375,0.0254,explicit_visual_uncertainty
PHL1800_HAIV_0267,F1502,PHL1800_HAIV_0267.png,HAIVMet,positive,FLUTE:The book glowed like a lit coal .,0.375,0.0242,explicit_visual_uncertainty
PHL1800_HAIV_0443,F0866,PHL1800_HAIV_0443.png,HAIVMet,positive,Tsvetkov:The company is letting money walk out the door.,0.375,0.0242,specific_OCR_claim
PHL1800_HAIV_0475,F0001,PHL1800_HAIV_0475.png,HAIVMet,positive,Tsvetkov:Forced overtime burns goodwill at an extremely high rate.,0.375,0.0205,specific_OCR_claim
PHL1800_HAIV_0530,F0345,PHL1800_HAIV_0530.png,HAIVMet,positive,Advertisement:unleash the inner power,0.375,0.024,explicit_visual_uncertainty
PHL1800_HAIV_0536,F0026,PHL1800_HAIV_0536.png,HAIVMet,positive,Advertisement:One message could blow up in your face.,0.375,0.0203,specific_OCR_claim;explicit_visual_uncertainty
PHL1800_HAIV_0064,F0606,PHL1800_HAIV_0064.png,HAIVMet,positive,"FLUTE:Language is a road map of a culture. It tells you where its people come from, and where they are going.",0.4,0.0126,explicit_visual_uncertainty
PHL1800_HAIV_0071,F0813,PHL1800_HAIV_0071.png,HAIVMet,positive,FLUTE:He was a lion on the battlefield,0.4,0.0263,explicit_visual_uncertainty
PHL1800_HAIV_0138,F0052,PHL1800_HAIV_0138.png,HAIVMet,positive,"FLUTE:Next to her, xander is holding himself like a groom on a wedding cake.",0.4,0.0366,explicit_visual_uncertainty
PHL1800_HAIV_0162,F1655,PHL1800_HAIV_0162.png,HAIVMet,positive,FLUTE:She let such beautiful pearls of wisdom slip from her mouth without even knowing.,0.4,0.018,explicit_visual_uncertainty
PHL1800_HAIV_0171,F0689,PHL1800_HAIV_0171.png,HAIVMet,positive,"FLUTE:When the prophet told you that all your dreams would come true, you were like a million-dollar lottery winner.",0.4,0.0458,specific_OCR_claim;explicit_visual_uncertainty
PHL1800_HAIV_0219,F0197,PHL1800_HAIV_0219.png,HAIVMet,positive,FLUTE:Mistrust had poisoned their relationship.,0.4,0.0231,explicit_visual_uncertainty
PHL1800_HAIV_0231,F1504,PHL1800_HAIV_0231.png,HAIVMet,positive,FLUTE:Middle age dulled her appetite for travel.,0.4,0.0278,explicit_visual_uncertainty
PHL1800_HAIV_0262,F1659,PHL1800_HAIV_0262.png,HAIVMet,positive,FLUTE:The bridge towers over the river.,0.4,0.0252,explicit_visual_uncertainty
PHL1800_HAIV_0352,F0666,PHL1800_HAIV_0352.png,HAIVMet,positive,CoPoet:Love is like a dizziness,0.4,0.0305,explicit_visual_uncertainty
PHL1800_HAIV_0362,F0961,PHL1800_HAIV_0362.png,HAIVMet,positive,CoPoet:Alcohol is a friend,0.4,0.0189,explicit_visual_uncertainty
PHL1800_HAIV_0402,F0687,PHL1800_HAIV_0402.png,HAIVMet,positive,CoPoet:The sky is a mirror,0.4,0.016,explicit_visual_uncertainty
PHL1800_HAIV_0005,F0925,PHL1800_HAIV_0005.png,HAIVMet,positive,CoPoet\DallEMetaphors\Earth is a prison\DALL·E 2022-10-09 11.01.33 - An illustration of the earth with a prison cell surrounding it with bars and a lock on the door..png,0.4286,0.0234,explicit_visual_uncertainty
PHL1800_HAIV_0210,F1566,PHL1800_HAIV_0210.png,HAIVMet,positive,FLUTE:His declarations sparked a fire in the community.,0.4286,0.0214,explicit_visual_uncertainty
PHL1800_HAIV_0265,F0909,PHL1800_HAIV_0265.png,HAIVMet,positive,FLUTE:There are few things worse than being bludgeoned into reading a book you hate .,0.4286,0.0233,explicit_visual_uncertainty
PHL1800_HAIV_0332,F0895,PHL1800_HAIV_0332.png,HAIVMet,positive,CoPoet:My heart is a clock you make it go tick,0.4286,0.0261,explicit_visual_uncertainty
PHL1800_HAIV_0350,F0416,PHL1800_HAIV_0350.png,HAIVMet,positive,CoPoet:Your mind is a house for your own giant galaxy,0.4286,0.02,explicit_visual_uncertainty
PHL1800_HAIV_0395,F0640,PHL1800_HAIV_0395.png,HAIVMet,positive,CoPoet:Love is a hole in my chest,0.4286,0.0238,explicit_visual_uncertainty
PHL1800_HAIV_0541,F0529,PHL1800_HAIV_0541.png,HAIVMet,positive,Bizzoni:Time flies,0.4286,0.0214,explicit_visual_uncertainty
PHL1800_HAIV_0215,F0823,PHL1800_HAIV_0215.png,HAIVMet,positive,FLUTE:He heaped him with work.,0.4444,0.0282,explicit_visual_uncertainty
PHL1800_HAIV_0222,F1241,PHL1800_HAIV_0222.png,HAIVMet,positive,FLUTE:Your brain is a computer.,0.4444,0.0272,specific_OCR_claim;explicit_visual_uncertainty
PHL1800_HAIV_0358,F0152,PHL1800_HAIV_0358.png,HAIVMet,positive,CoPoet:Death is a hard pill to swallow,0.4444,0.0305,explicit_visual_uncertainty
PHL1800_HAIV_0363,F1524,PHL1800_HAIV_0363.png,HAIVMet,positive,CoPoet:Love is a test full of trick questions,0.4444,0.0276,explicit_visual_uncertainty
PHL1800_HAIV_0396,F0516,PHL1800_HAIV_0396.png,HAIVMet,positive,CoPoet:Love is like Jenga,0.4444,0.0265,explicit_visual_uncertainty
PHL1800_HAIV_0412,F0507,PHL1800_HAIV_0412.png,HAIVMet,positive,"CoPoet:Each face is a story, a tragedy and a doubt",0.4444,0.0238,explicit_visual_uncertainty
PHL1800_HAIV_0546,F1663,PHL1800_HAIV_0546.png,HAIVMet,positive,Bizzoni:She was lost in her thoughts and memories,0.4444,0.0325,explicit_visual_uncertainty
PHL1800_HAIV_0213,F1422,PHL1800_HAIV_0213.png,HAIVMet,positive,FLUTE:I was in a very stormy relationship.,0.4545,0.0357,explicit_visual_uncertainty
PHL1800_HAIV_0077,F1611,PHL1800_HAIV_0077.png,HAIVMet,positive,FLUTE:My memory is a little cloudy about that incident.,0.5,0.0253,explicit_visual_uncertainty
PHL1800_HAIV_0117,F1720,PHL1800_HAIV_0117.png,HAIVMet,positive,"FLUTE:That the time may  pass  more gayly ,",0.5,0.0373,explicit_visual_uncertainty
PHL1800_HAIV_0180,F1577,PHL1800_HAIV_0180.png,HAIVMet,positive,"FLUTE:Despite all the other turmoil in my life, just the thought of seeing bo made me like a caffeine junkie.",0.5,0.0305,precise_count_claim
PHL1800_HAIV_0276,F0609,PHL1800_HAIV_0276.png,HAIVMet,positive,FLUTE:I muffled my anger and kept quiet.,0.5,0.0224,explicit_visual_uncertainty
PHL1800_HAIV_0281,F1419,PHL1800_HAIV_0281.png,HAIVMet,positive,FLUTE:He worked as hard as dead slug,0.5,0.0207,explicit_visual_uncertainty
PHL1800_HAIV_0331,F0814,PHL1800_HAIV_0331.png,HAIVMet,positive,CoPoet:Her soul is like a wolf that glides,0.5,0.0318,explicit_visual_uncertainty
PHL1800_HAIV_0449,F0315,PHL1800_HAIV_0449.png,HAIVMet,positive,Tsvetkov:The police closed the investigation.,0.5,0.0256,explicit_visual_uncertainty
PHL1800_HAIV_0532,F0882,PHL1800_HAIV_0532.png,HAIVMet,positive,Advertisement:Turn back the clock,0.5,0.0165,explicit_visual_uncertainty
PHL1800_HAIV_0533,F1763,PHL1800_HAIV_0533.png,HAIVMet,positive,Advertisement:A perfect marriage between creamy and crispy,0.5,0.0423,explicit_visual_uncertainty
PHL1800_HAIV_0012,F0891,PHL1800_HAIV_0012.png,HAIVMet,positive,FigQA\DallEMetaphors\She’s a walking dictionary.\DALL·E 2022-10-25 14.47.59 - An illustration of a person that looks like a dictionary walking around with arms and legs as the pages of the book..png,0.5556,0.036,explicit_visual_uncertainty
PHL1800_HAIV_0239,F1150,PHL1800_HAIV_0239.png,HAIVMet,positive,FLUTE:Her face glowed when she came out of the sauna.,0.5556,0.0407,explicit_visual_uncertainty
PHL1800_HAIV_0121,F0418,PHL1800_HAIV_0121.png,HAIVMet,positive,FLUTE:Her relationships with family and friends are like puzzles with missing pieces.,0.5714,0.028,precise_count_claim;explicit_visual_uncertainty
PHL1800_HAIV_0168,F0281,PHL1800_HAIV_0168.png,HAIVMet,positive,FLUTE:He is drowning at work.,0.5714,0.0588,explicit_visual_uncertainty
PHL1800_HAIV_0280,F0876,PHL1800_HAIV_0280.png,HAIVMet,positive,FLUTE:The old woman had an open heart.,0.5714,0.0303,explicit_visual_uncertainty
PHL1800_HAIV_0298,F1339,PHL1800_HAIV_0298.png,HAIVMet,positive,FLUTE:My eyes welled up and I could feel my face turning red.,0.5714,0.0301,explicit_visual_uncertainty
PHL1800_HAIV_0340,F0603,PHL1800_HAIV_0340.png,HAIVMet,positive,CoPoet:Death is a good disguise,0.5833,0.0569,explicit_visual_uncertainty
PHL1800_HAIV_0377,F0991,PHL1800_HAIV_0377.png,HAIVMet,positive,CoPoet:Your face is a puzzle of a scene with few discriminate landmarks,0.6,0.0197,explicit_visual_uncertainty
PHL1800_HAIV_0400,F0943,PHL1800_HAIV_0400.png,HAIVMet,positive,CoPoet:The real poison is a broken heart,0.6,0.0522,explicit_visual_uncertainty
PHL1800_HAIV_0107,F0685,PHL1800_HAIV_0107.png,HAIVMet,positive,FLUTE:We are all shadows on the wall of time,0.625,0.0312,explicit_visual_uncertainty
PHL1800_HAIV_0066,F1726,PHL1800_HAIV_0066.png,HAIVMet,positive,FLUTE:And the face of the waters that spread away Was as gray as the face of the dead,0.6667,0.0414,explicit_visual_uncertainty
PHL1800_HAIV_0326,F0342,PHL1800_HAIV_0326.png,HAIVMet,positive,FLUTE:My alarm roared at me this morning.,0.7143,0.0397,explicit_visual_uncertainty
PHL1800_HAIV_0161,F1583,PHL1800_HAIV_0161.png,HAIVMet,positive,FLUTE:I wrestled with this decision for years.,0.75,0.0288,explicit_visual_uncertainty
PHL1800_HAIV_0072,F1017,PHL1800_HAIV_0072.png,HAIVMet,positive,FLUTE:The warrior was a lion on the battlefield.,0.8,0.0305,explicit_visual_uncertainty
PHL1800_HAIV_0035,F1344,PHL1800_HAIV_0035.png,HAIVMet,positive,FLUTE:Books are the mirror to the soul,0.8333,0.0394,precise_count_claim
PHL1800_HAIV_0111,F1277,PHL1800_HAIV_0111.png,HAIVMet,positive,FLUTE:Time flies when you're having fun.,0.8571,0.0438,explicit_visual_uncertainty
PHL1800_HAIV_0371,F1304,PHL1800_HAIV_0371.png,HAIVMet,positive,CoPoet:Our love is a board game,0.875,0.0543,explicit_visual_uncertainty
PHL1800_IRFL_0001,F1395,PHL1800_IRFL_0001.jpg,IRFL,positive,23119294989186883498258623870288667589242154745875687877134966366545282512128,0.0,0.0,low_overlap_with_IRFL_phrase_definition
PHL1800_IRFL_0003,F0291,PHL1800_IRFL_0003.jpg,IRFL,positive,43511348005208911378635007912470143997219203195481465421395763233690463399195,0.0,0.0,low_overlap_with_IRFL_phrase_definition;explicit_visual_uncertainty
PHL1800_IRFL_0004,F0663,PHL1800_IRFL_0004.jpg,IRFL,positive,98019635417437152972100234588565282963070384745401118492782328663911789838584,0.0,0.0,low_overlap_with_IRFL_phrase_definition
PHL1800_IRFL_0006,F1269,PHL1800_IRFL_0006.jpg,IRFL,positive,82082422825018323740605340712981204742098336080145688365825526724548741868875,0.0,0.0,low_overlap_with_IRFL_phrase_definition
PHL1800_IRFL_0008,F1133,PHL1800_IRFL_0008.jpg,IRFL,positive,14782209603278644263886889951673403204108567003442274187896212141612496954649,0.0,0.0,low_overlap_with_IRFL_phrase_definition
PHL1800_IRFL_0009,F0883,PHL1800_IRFL_0009.jpg,IRFL,positive,26371262721536446261897842563558271558017661155237742023678789860651836728746,0.0,0.0,low_overlap_with_IRFL_phrase_definition;specific_OCR_claim;explicit_visual_uncertainty
PHL1800_IRFL_0010,F0533,PHL1800_IRFL_0010.jpg,IRFL,positive,97984418358847828624869265619280095886912833239662184079043028315409839655479,0.0,0.0,low_overlap_with_IRFL_phrase_definition;explicit_visual_uncertainty
PHL1800_IRFL_0012,F0142,PHL1800_IRFL_0012.jpg,IRFL,positive,14803639404217698739166408223708757546392468903673009627156169501842213795771,0.0,0.0,low_overlap_with_IRFL_phrase_definition
PHL1800_IRFL_0013,F0711,PHL1800_IRFL_0013.jpg,IRFL,positive,112454203887231824970871638473172724554341700061644229084245780742218799562330,0.0,0.0,low_overlap_with_IRFL_phrase_definition
PHL1800_IRFL_0014,F0708,PHL1800_IRFL_0014.jpg,IRFL,positive,101596285714782584353000238915998635055430936158320888630120209562591800080863,0.0,0.0,low_overlap_with_IRFL_phrase_definition
PHL1800_IRFL_0015,F1642,PHL1800_IRFL_0015.jpg,IRFL,positive,103715899672737791453271506661767427027046431807350948097883751158008930241885,0.0,0.0,low_overlap_with_IRFL_phrase_definition
PHL1800_IRFL_0016,F1506,PHL1800_IRFL_0016.jpg,IRFL,positive,109923828922951646157198817897048034363001202725392998711569829164953165328200,0.0,0.0,low_overlap_with_IRFL_phrase_definition;explicit_visual_uncertainty
PHL1800_IRFL_0018,F0065,PHL1800_IRFL_0018.jpg,IRFL,positive,12341624611343741657579178544392918996354603755416433288547851350256521164852,0.0,0.0,low_overlap_with_IRFL_phrase_definition;explicit_visual_uncertainty
PHL1800_IRFL_0019,F1487,PHL1800_IRFL_0019.jpg,IRFL,positive,16007551376766790462924651314626335052958105935396119937306245916184299396895,0.0,0.0,low_overlap_with_IRFL_phrase_definition
PHL1800_IRFL_0020,F0931,PHL1800_IRFL_0020.jpg,IRFL,positive,22471999530246942312522501132561051158005807447449530871730705836395718858716,0.0,0.0,low_overlap_with_IRFL_phrase_definition;explicit_visual_uncertainty
PHL1800_IRFL_0021,F0869,PHL1800_IRFL_0021.jpg,IRFL,positive,32102284607347277244325095781101170832077680354979184133764083778152886104184,0.0,0.0,low_overlap_with_IRFL_phrase_definition;explicit_visual_uncertainty
PHL1800_IRFL_0023,F0655,PHL1800_IRFL_0023.jpg,IRFL,positive,33105060355728869032781750289821666110508927805529615719835509638061008109752,0.0,0.0,low_overlap_with_IRFL_phrase_definition;explicit_visual_uncertainty
PHL1800_IRFL_0026,F1609,PHL1800_IRFL_0026.jpg,IRFL,positive,10557057910291091201472369731472348310557763433786293121868556016755827993653,0.0,0.0,low_overlap_with_IRFL_phrase_definition
PHL1800_IRFL_0027,F1497,PHL1800_IRFL_0027.jpg,IRFL,positive,21711557131326626247420669944999092567608352472391736595826116183146409021787,0.0,0.0,low_overlap_with_IRFL_phrase_definition;explicit_visual_uncertainty
PHL1800_IRFL_0029,F0517,PHL1800_IRFL_0029.jpg,IRFL,positive,69393539289511853745653304671287258190055208371260965517429832264074698703582,0.0,0.0,low_overlap_with_IRFL_phrase_definition;explicit_visual_uncertainty
PHL1800_IRFL_0031,F1450,PHL1800_IRFL_0031.jpg,IRFL,positive,96478407680082716153811427965855344010512742942250462527721591977908199586886,0.0,0.0,low_overlap_with_IRFL_phrase_definition
PHL1800_IRFL_0032,F1188,PHL1800_IRFL_0032.jpg,IRFL,positive,7579006656876134052215336299310577389421738859422327768651780712217512194892,0.0,0.0,low_overlap_with_IRFL_phrase_definition
PHL1800_IRFL_0034,F0359,PHL1800_IRFL_0034.jpg,IRFL,positive,109273068089309769795917930131446975916445444848762134580774145952721511550626,0.0,0.0,low_overlap_with_IRFL_phrase_definition
PHL1800_IRFL_0038,F0403,PHL1800_IRFL_0038.jpg,IRFL,positive,1358878889229847126629256563088521306285760610777139905577385503112419991482,0.0,0.0,low_overlap_with_IRFL_phrase_definition
PHL1800_IRFL_0039,F0804,PHL1800_IRFL_0039.jpg,IRFL,positive,88505654164913603460485375756434554321658245874031937865996343118015992292156,0.0,0.0,low_overlap_with_IRFL_phrase_definition;specific_OCR_claim;explicit_visual_uncertainty
PHL1800_IRFL_0040,F0255,PHL1800_IRFL_0040.jpg,IRFL,positive,78285504346781563077485205798411768464420305309702009491391712185063995417214,0.0,0.0,low_overlap_with_IRFL_phrase_definition
PHL1800_IRFL_0041,F1695,PHL1800_IRFL_0041.jpg,IRFL,positive,70965768148691899841028505822044877628605780285459868767620902584353124490667,0.0,0.0,low_overlap_with_IRFL_phrase_definition;explicit_visual_uncertainty
PHL1800_IRFL_0042,F0406,PHL1800_IRFL_0042.jpg,IRFL,positive,34408883494509270766229549833934330809332746781860485954736964016509585739385,0.0,0.0,low_overlap_with_IRFL_phrase_definition
PHL1800_IRFL_0044,F1180,PHL1800_IRFL_0044.jpg,IRFL,positive,68506279055744287955133605364855185126469943338401327106761723936753519329054,0.0,0.0,low_overlap_with_IRFL_phrase_definition;explicit_visual_uncertainty
PHL1800_IRFL_0045,F1673,PHL1800_IRFL_0045.jpg,IRFL,positive,46372902164183629219596841981996518506501773742794895615866782797969996905990,0.0,0.0,low_overlap_with_IRFL_phrase_definition;explicit_visual_uncertainty
PHL1800_IRFL_0047,F1199,PHL1800_IRFL_0047.jpg,IRFL,positive,49741164304458367182804639626208018802894266608533133112017267836162001178557,0.0,0.0,low_overlap_with_IRFL_phrase_definition
PHL1800_IRFL_0049,F1072,PHL1800_IRFL_0049.jpg,IRFL,positive,36381596639387287161446847298408408174934033235859379408242288520736528544943,0.0,0.0,low_overlap_with_IRFL_phrase_definition
PHL1800_IRFL_0050,F0239,PHL1800_IRFL_0050.jpg,IRFL,positive,60694866425722079297224565860216202133723762941132502351655259822849581053282,0.0,0.0,low_overlap_with_IRFL_phrase_definition;explicit_visual_uncertainty
PHL1800_IRFL_0052,F0678,PHL1800_IRFL_0052.jpg,IRFL,positive,29246781621136203366421170231690794794157513724117181407700962859948245041361,0.0,0.0,low_overlap_with_IRFL_phrase_definition
PHL1800_IRFL_0054,F0504,PHL1800_IRFL_0054.jpg,IRFL,positive,96568982537946380890656018028861489197201639519140645812849904110578652601564,0.0,0.0,low_overlap_with_IRFL_phrase_definition;explicit_visual_uncertainty
PHL1800_IRFL_0055,F1401,PHL1800_IRFL_0055.jpg,IRFL,positive,95655016631440404595003066046977471807743642769888231776586139144583752507165,0.0,0.0,low_overlap_with_IRFL_phrase_definition;explicit_visual_uncertainty
PHL1800_IRFL_0057,F1222,PHL1800_IRFL_0057.jpg,IRFL,positive,87484660818799119859427752349154973739128254149660662956973843673558409959339,0.0,0.0,low_overlap_with_IRFL_phrase_definition;explicit_visual_uncertainty
PHL1800_IRFL_0059,F1519,PHL1800_IRFL_0059.jpg,IRFL,positive,110197257879753962193045621982411828643596768781927603553473603959265853402437,0.0,0.0,low_overlap_with_IRFL_phrase_definition
PHL1800_IRFL_0060,F0913,PHL1800_IRFL_0060.jpg,IRFL,positive,83735150521298555057312649348439978442181835891756779388481611413718181292352,0.0,0.0,low_overlap_with_IRFL_phrase_definition;explicit_visual_uncertainty
PHL1800_IRFL_0061,F1674,PHL1800_IRFL_0061.jpg,IRFL,positive,70851934700551993050799909980463024282400246730042953782675520247587334290860,0.0,0.0,low_overlap_with_IRFL_phrase_definition;explicit_visual_uncertainty
PHL1800_IRFL_0064,F0290,PHL1800_IRFL_0064.jpg,IRFL,positive,83926708919346949890705555480801102024457409694115282932132203779268111625654,0.0,0.0,low_overlap_with_IRFL_phrase_definition
PHL1800_IRFL_0067,F0442,PHL1800_IRFL_0067.jpg,IRFL,positive,38796120316290063231716717188108419609690684332461056365067895623014798137303,0.0,0.0,low_overlap_with_IRFL_phrase_definition
PHL1800_IRFL_0069,F0464,PHL1800_IRFL_0069.jpg,IRFL,positive,89800220322010001384531284287471894867980095965665404818587806725210697487604,0.0,0.0,low_overlap_with_IRFL_phrase_definition;explicit_visual_uncertainty
PHL1800_IRFL_0072,F0200,PHL1800_IRFL_0072.jpg,IRFL,positive,6856541514648105320616865382652921884825909551400500605009562158802849031731,0.0,0.0,low_overlap_with_IRFL_phrase_definition
PHL1800_IRFL_0075,F1032,PHL1800_IRFL_0075.jpg,IRFL,positive,98494585900788265492936132558741950838310514782934292957078867889217899400838,0.0,0.0,low_overlap_with_IRFL_phrase_definition
PHL1800_IRFL_0076,F0429,PHL1800_IRFL_0076.jpg,IRFL,positive,60183812086249653057982820569726325606670492079919867777868508281909306672622,0.0,0.0,low_overlap_with_IRFL_phrase_definition
PHL1800_IRFL_0077,F0501,PHL1800_IRFL_0077.jpg,IRFL,positive,72374791255228107340409843751827098319498456052963103669990562024904449723290,0.0,0.0,low_overlap_with_IRFL_phrase_definition;explicit_visual_uncertainty
PHL1800_IRFL_0081,F1270,PHL1800_IRFL_0081.jpg,IRFL,positive,82015787105329744914325636577350592350097197002432056525604649752661553036633,0.0,0.0,low_overlap_with_IRFL_phrase_definition;explicit_visual_uncertainty
PHL1800_IRFL_0084,F0492,PHL1800_IRFL_0084.jpg,IRFL,positive,63970176627557018667216441320376484314524421479241432397396795697450164404154,0.0,0.0,low_overlap_with_IRFL_phrase_definition
PHL1800_IRFL_0091,F1352,PHL1800_IRFL_0091.webp,IRFL,positive,78763220495696392418226422218509685256521791538727066281412589450814996675098,0.0,0.0,low_overlap_with_IRFL_phrase_definition
PHL1800_IRFL_0095,F1107,PHL1800_IRFL_0095.jpg,IRFL,positive,51988741138940056487231177561662973078350306225442212398302028294365267467710,0.0,0.0,low_overlap_with_IRFL_phrase_definition
PHL1800_IRFL_0098,F0618,PHL1800_IRFL_0098.jpg,IRFL,positive,81956545665615380952804939347049485720009237252040882558009446349146704456185,0.0,0.0,low_overlap_with_IRFL_phrase_definition
PHL1800_IRFL_0099,F1714,PHL1800_IRFL_0099.webp,IRFL,positive,51456111441525348904077499131527909798655834916316749897600104607460848058106,0.0,0.0,low_overlap_with_IRFL_phrase_definition;explicit_visual_uncertainty
PHL1800_IRFL_0100,F0246,PHL1800_IRFL_0100.jpg,IRFL,positive,56063374351716082621621118060770683466696760494783438084307899910920722860970,0.0,0.0,low_overlap_with_IRFL_phrase_definition
PHL1800_IRFL_0101,F0114,PHL1800_IRFL_0101.jpg,IRFL,positive,65073104740312306876455150098722902864754928090444990115487441952620455905457,0.0,0.0,low_overlap_with_IRFL_phrase_definition
PHL1800_IRFL_0102,F0360,PHL1800_IRFL_0102.jpg,IRFL,positive,10321989923545341971983546897286055471657233948138747521291947294080266089425,0.0,0.0,low_overlap_with_IRFL_phrase_definition
PHL1800_IRFL_0103,F1141,PHL1800_IRFL_0103.jpg,IRFL,positive,7587954197841006214498729537052041599868207600977662262434057834325525566643,0.0,0.0,low_overlap_with_IRFL_phrase_definition;specific_OCR_claim
PHL1800_IRFL_0108,F0582,PHL1800_IRFL_0108.jpg,IRFL,positive,112379336654158084161080298035900875812517907673555087910483427231544271969759,0.0,0.0,low_overlap_with_IRFL_phrase_definition
PHL1800_IRFL_0110,F1247,PHL1800_IRFL_0110.jpg,IRFL,positive,16061689046826207171525754224105253127025872960834208219361103111080191129910,0.0,0.0,low_overlap_with_IRFL_phrase_definition;explicit_visual_uncertainty
PHL1800_IRFL_0114,F1689,PHL1800_IRFL_0114.jpg,IRFL,positive,42851714504834473511296260309809328721060788545393549848029579995506799351951,0.0,0.0,low_overlap_with_IRFL_phrase_definition
PHL1800_IRFL_0116,F1268,PHL1800_IRFL_0116.jpg,IRFL,positive,37673931982386376072172733843065562797968171194408907912871698892767156859978,0.0,0.0,low_overlap_with_IRFL_phrase_definition
PHL1800_IRFL_0117,F0356,PHL1800_IRFL_0117.jpg,IRFL,positive,28621636784818740186879803230273086748480581713049020592277204202204581226271,0.0,0.0,low_overlap_with_IRFL_phrase_definition
PHL1800_IRFL_0118,F0337,PHL1800_IRFL_0118.jpg,IRFL,positive,91221027330278950539526331451007442948919985192789109509224850962736172932620,0.0,0.0,low_overlap_with_IRFL_phrase_definition
PHL1800_IRFL_0119,F1101,PHL1800_IRFL_0119.jpg,IRFL,positive,23905752722416850874533969352469678731256099797470548354980448861870399792131,0.0,0.0,low_overlap_with_IRFL_phrase_definition
PHL1800_IRFL_0124,F0983,PHL1800_IRFL_0124.jpg,IRFL,positive,65528283400355396363070151272648711273814552518539535594065473083590708999848,0.0,0.0,low_overlap_with_IRFL_phrase_definition;specific_OCR_claim
PHL1800_IRFL_0126,F0413,PHL1800_IRFL_0126.jpg,IRFL,positive,111909177272730559793830111866536979747203536044569978451839904509876233397030,0.0,0.0,low_overlap_with_IRFL_phrase_definition
PHL1800_IRFL_0129,F1712,PHL1800_IRFL_0129.jpg,IRFL,positive,107877264404988056935873418292843949573086017424922324594135076472826895394342,0.0,0.0,low_overlap_with_IRFL_phrase_definition
PHL1800_IRFL_0131,F1349,PHL1800_IRFL_0131.jpg,IRFL,positive,109899940575303892212107630683649100811684228841739023450339058605806222118440,0.0,0.0,low_overlap_with_IRFL_phrase_definition;explicit_visual_uncertainty
PHL1800_IRFL_0133,F0670,PHL1800_IRFL_0133.jpg,IRFL,positive,2917724552702499202012941903641271474699417671650067217217292736253747270197,0.0,0.0,low_overlap_with_IRFL_phrase_definition;explicit_visual_uncertainty
PHL1800_IRFL_0134,F1376,PHL1800_IRFL_0134.jpg,IRFL,positive,87436741909172786612544212078563097733565606705322346497136774542318722604455,0.0,0.0,low_overlap_with_IRFL_phrase_definition
PHL1800_IRFL_0135,F0628,PHL1800_IRFL_0135.jpg,IRFL,positive,37207241712931061066838222965268335936705607713732839697443880719920448536228,0.0,0.0,low_overlap_with_IRFL_phrase_definition
PHL1800_IRFL_0136,F1378,PHL1800_IRFL_0136.jpg,IRFL,positive,92825591746115532127387559156470092660667691592359601091518055085300096164,0.0,0.0,low_overlap_with_IRFL_phrase_definition
PHL1800_IRFL_0138,F0880,PHL1800_IRFL_0138.webp,IRFL,positive,14466059710957635187069378252307652539455713145007065650682396960122081511354,0.0,0.0,low_overlap_with_IRFL_phrase_definition;explicit_visual_uncertainty
PHL1800_IRFL_0139,F0849,PHL1800_IRFL_0139.jpg,IRFL,positive,62374784812813667509116333217950025703988383282499471369283685608783216574358,0.0,0.0,low_overlap_with_IRFL_phrase_definition;explicit_visual_uncertainty
PHL1800_IRFL_0141,F0730,PHL1800_IRFL_0141.jpg,IRFL,positive,28023745948004742378213004299242680274356586033252564652822679038792780819548,0.0,0.0,low_overlap_with_IRFL_phrase_definition
PHL1800_IRFL_0142,F0611,PHL1800_IRFL_0142.jpg,IRFL,positive,15377966460455149522821468866827037793891299769786570306044303656555713749151,0.0,0.0,low_overlap_with_IRFL_phrase_definition;specific_OCR_claim
PHL1800_IRFL_0143,F1580,PHL1800_IRFL_0143.jpg,IRFL,positive,40335098825963418640850374046232904079169820769851668354545622727418719591773,0.0,0.0,low_overlap_with_IRFL_phrase_definition;explicit_visual_uncertainty
PHL1800_IRFL_0144,F1382,PHL1800_IRFL_0144.jpg,IRFL,positive,95489381891769360827993005394323087859117286694411598336857253263993601597076,0.0,0.0,low_overlap_with_IRFL_phrase_definition;explicit_visual_uncertainty
PHL1800_IRFL_0145,F0293,PHL1800_IRFL_0145.jpg,IRFL,positive,113615449829030722270803077751529376819286822655937720986064877389678272790095,0.0,0.0,low_overlap_with_IRFL_phrase_definition
PHL1800_IRFL_0146,F1106,PHL1800_IRFL_0146.jpg,IRFL,positive,114336533196272617787212875223904982066644714863944027194064805905418056086695,0.0,0.0,low_overlap_with_IRFL_phrase_definition;explicit_visual_uncertainty
PHL1800_IRFL_0152,F1406,PHL1800_IRFL_0152.jpg,IRFL,positive,80470321032377144037423876525168296892650364814152343975152277709838251932121,0.0,0.0,low_overlap_with_IRFL_phrase_definition
PHL1800_IRFL_0153,F1769,PHL1800_IRFL_0153.jpg,IRFL,positive,18978937820115502547771994393116757908244413417969503613590153197533751093839,0.0,0.0,low_overlap_with_IRFL_phrase_definition
PHL1800_IRFL_0154,F1556,PHL1800_IRFL_0154.jpg,IRFL,positive,59884452758924596207572701060686793560604687393593971154994916278710266493129,0.0,0.0,low_overlap_with_IRFL_phrase_definition;explicit_visual_uncertainty
PHL1800_IRFL_0155,F0890,PHL1800_IRFL_0155.jpg,IRFL,positive,7972539561021335173929240810801975025894671144895408599363654339388278699329,0.0,0.0,low_overlap_with_IRFL_phrase_definition
PHL1800_IRFL_0156,F0518,PHL1800_IRFL_0156.jpg,IRFL,positive,35164873201932924270250182354524244909762543323313577434602515547033778138894,0.0,0.0,low_overlap_with_IRFL_phrase_definition
PHL1800_IRFL_0157,F1366,PHL1800_IRFL_0157.jpg,IRFL,positive,5464298421039141539462565209538818806318779505734051140494540324349542237183,0.0,0.0,low_overlap_with_IRFL_phrase_definition
PHL1800_IRFL_0159,F0095,PHL1800_IRFL_0159.jpg,IRFL,positive,94769063609166089576600557642049301906792386618781142429896939900540269314858,0.0,0.0,low_overlap_with_IRFL_phrase_definition;specific_OCR_claim
PHL1800_IRFL_0162,F0795,PHL1800_IRFL_0162.jpg,IRFL,positive,71642090383204301250517088283878045806629413444856054654445670876219251071168,0.0,0.0,low_overlap_with_IRFL_phrase_definition;explicit_visual_uncertainty
PHL1800_IRFL_0165,F0304,PHL1800_IRFL_0165.jpg,IRFL,positive,105283728976941541874798225099805273599666993567205811808471193900338053624516,0.0,0.0,low_overlap_with_IRFL_phrase_definition
PHL1800_IRFL_0166,F0151,PHL1800_IRFL_0166.jpg,IRFL,positive,23822053817080379667334386171123876368138984619284157798306683085207032936135,0.0,0.0,low_overlap_with_IRFL_phrase_definition
PHL1800_IRFL_0168,F1075,PHL1800_IRFL_0168.jpg,IRFL,positive,57640710011024733747061491942398836899707222664540519156369422432345735737650,0.0,0.0,low_overlap_with_IRFL_phrase_definition;explicit_visual_uncertainty
PHL1800_IRFL_0169,F0683,PHL1800_IRFL_0169.jpg,IRFL,positive,17980902805652694410385326737809856379965090889058008149772830908309653626377,0.0,0.0,low_overlap_with_IRFL_phrase_definition
PHL1800_IRFL_0170,F0234,PHL1800_IRFL_0170.jpg,IRFL,positive,59148844238856417616532531599786268447196050322020067207993171107832737097695,0.0,0.0,low_overlap_with_IRFL_phrase_definition
PHL1800_IRFL_0171,F0296,PHL1800_IRFL_0171.jpg,IRFL,positive,35169380266987657923102906231565828104580397964248170693810025000460540868296,0.0,0.0,low_overlap_with_IRFL_phrase_definition
PHL1800_IRFL_0172,F0074,PHL1800_IRFL_0172.jpg,IRFL,positive,69544356791727495678594910786441376820500500101371081042340824172375199182896,0.0,0.0,low_overlap_with_IRFL_phrase_definition;explicit_visual_uncertainty
PHL1800_IRFL_0176,F1746,PHL1800_IRFL_0176.jpg,IRFL,positive,107087530657129697844614955480962178710689040026512617608086601928072170884569,0.0,0.0,low_overlap_with_IRFL_phrase_definition;explicit_visual_uncertainty
PHL1800_IRFL_0179,F1440,PHL1800_IRFL_0179.jpg,IRFL,positive,61967970827205753223124628505739797162615260497649170141604597922543150536529,0.0,0.0,low_overlap_with_IRFL_phrase_definition
PHL1800_IRFL_0182,F1173,PHL1800_IRFL_0182.jpg,IRFL,positive,68494178264593523420787646769546096948764173752768404342157634655084249132668,0.0,0.0,low_overlap_with_IRFL_phrase_definition
PHL1800_IRFL_0184,F1530,PHL1800_IRFL_0184.jpg,IRFL,positive,104143966994365430706746535608142363435137568062459379370043991597253655748035,0.0,0.0,low_overlap_with_IRFL_phrase_definition;explicit_visual_uncertainty
PHL1800_IRFL_0191,F1249,PHL1800_IRFL_0191.jpg,IRFL,positive,27213917154439711064135407723232736927175020977516046272222421598764357859735,0.0,0.0,low_overlap_with_IRFL_phrase_definition
PHL1800_IRFL_0192,F1315,PHL1800_IRFL_0192.jpg,IRFL,positive,92658927179881355112172901736133940593687003456174166226510465299364656459835,0.0,0.0,low_overlap_with_IRFL_phrase_definition
PHL1800_IRFL_0194,F1208,PHL1800_IRFL_0194.jpg,IRFL,positive,55416152811714667931872486034340798427904846872015920490202405788918777313412,0.0,0.0,low_overlap_with_IRFL_phrase_definition
PHL1800_IRFL_0195,F0910,PHL1800_IRFL_0195.jpg,IRFL,positive,37598251352337148380367984715342165582604400384958047261061432788606803774317,0.0,0.0,low_overlap_with_IRFL_phrase_definition
PHL1800_IRFL_0196,F0062,PHL1800_IRFL_0196.jpg,IRFL,positive,21918241575110599787902975577288160691925846488258964301518467191482732332389,0.0,0.0,low_overlap_with_IRFL_phrase_definition
PHL1800_IRFL_0197,F1252,PHL1800_IRFL_0197.jpg,IRFL,positive,22105630172323167323774978019540833153196953305384094482766768710121418183641,0.0,0.0,low_overlap_with_IRFL_phrase_definition;explicit_visual_uncertainty
PHL1800_IRFL_0198,F1426,PHL1800_IRFL_0198.jpg,IRFL,positive,93455519359340450631141154790307438647086910650748050983865158714496180056765,0.0,0.0,low_overlap_with_IRFL_phrase_definition
PHL1800_IRFL_0200,F0810,PHL1800_IRFL_0200.jpg,IRFL,positive,17326020832684995813518032591351935571717306758298581750927515956366210590673,0.0,0.0,low_overlap_with_IRFL_phrase_definition
PHL1800_IRFL_0202,F0222,PHL1800_IRFL_0202.jpg,IRFL,positive,65153002453260638715268656654039475130484354888341347451674625813811485017298,0.0,0.0,low_overlap_with_IRFL_phrase_definition;explicit_visual_uncertainty
PHL1800_IRFL_0204,F0282,PHL1800_IRFL_0204.jpg,IRFL,positive,92783082695823866355412227801109609437163167172657947516657679758750488258035,0.0,0.0,low_overlap_with_IRFL_phrase_definition
PHL1800_IRFL_0205,F0210,PHL1800_IRFL_0205.jpg,IRFL,positive,69138252583595368179880561003097590174961044266604224628835853183336147953230,0.0,0.0,low_overlap_with_IRFL_phrase_definition
PHL1800_IRFL_0206,F1290,PHL1800_IRFL_0206.jpg,IRFL,positive,55563973625512599571962384262034764697109877084155043757478834018667972437460,0.0,0.0,low_overlap_with_IRFL_phrase_definition
PHL1800_IRFL_0207,F0144,PHL1800_IRFL_0207.jpg,IRFL,positive,62744212804982803963844144315095513905604392114661266091082925464649395978175,0.0,0.0,low_overlap_with_IRFL_phrase_definition;specific_OCR_claim
PHL1800_IRFL_0208,F0721,PHL1800_IRFL_0208.jpg,IRFL,positive,28279420718938385928938305079391349095295655521629849315829727527727261320125,0.0,0.0,low_overlap_with_IRFL_phrase_definition;explicit_visual_uncertainty
PHL1800_IRFL_0209,F1051,PHL1800_IRFL_0209.jpg,IRFL,positive,2170677903133944441505767168166354604805514458367712108390651354192174645517,0.0,0.0,low_overlap_with_IRFL_phrase_definition
PHL1800_IRFL_0211,F0364,PHL1800_IRFL_0211.jpg,IRFL,positive,6123147688278863362743715321746319994206950832588144287398779781995002708436,0.0,0.0,low_overlap_with_IRFL_phrase_definition;explicit_visual_uncertainty
PHL1800_IRFL_0212,F1721,PHL1800_IRFL_0212.jpg,IRFL,positive,8097522184991372993985515385366025805053937677752761760171634064487426736457,0.0,0.0,low_overlap_with_IRFL_phrase_definition;explicit_visual_uncertainty
PHL1800_IRFL_0214,F0421,PHL1800_IRFL_0214.jpg,IRFL,positive,9193698332988634567461965071079222551474995666205922535890699177269417598998,0.0,0.0,low_overlap_with_IRFL_phrase_definition
PHL1800_IRFL_0216,F1099,PHL1800_IRFL_0216.jpg,IRFL,positive,10634299665958584178541702948041800707372544389109999158284908345638006407989,0.0,0.0,low_overlap_with_IRFL_phrase_definition
PHL1800_IRFL_0217,F0672,PHL1800_IRFL_0217.jpg,IRFL,positive,77520441405404872358896881813560372405324018627574750373727791952653116058772,0.0,0.0,low_overlap_with_IRFL_phrase_definition;explicit_visual_uncertainty
PHL1800_IRFL_0218,F0669,PHL1800_IRFL_0218.jpg,IRFL,positive,1830986346687271781350480400380437428652542531148336756953311550234589720734,0.0,0.0,low_overlap_with_IRFL_phrase_definition;specific_OCR_claim
PHL1800_IRFL_0220,F0596,PHL1800_IRFL_0220.jpg,IRFL,positive,84015456841506028192211702114661191542648700774682249901339134007087736928761,0.0,0.0,low_overlap_with_IRFL_phrase_definition;explicit_visual_uncertainty
PHL1800_IRFL_0222,F1264,PHL1800_IRFL_0222.jpg,IRFL,positive,28629246240678324896064924406418020594508247223518285259945601680040806853999,0.0,0.0,low_overlap_with_IRFL_phrase_definition;specific_OCR_claim
PHL1800_IRFL_0223,F1629,PHL1800_IRFL_0223.jpg,IRFL,positive,80921678482403128675065388288020759382220883896857815570364317695034165748298,0.0,0.0,low_overlap_with_IRFL_phrase_definition
PHL1800_IRFL_0224,F0348,PHL1800_IRFL_0224.jpg,IRFL,positive,50286956320829852185581747725632355617929432158770865816298549294413553021674,0.0,0.0,low_overlap_with_IRFL_phrase_definition
PHL1800_IRFL_0229,F0776,PHL1800_IRFL_0229.jpg,IRFL,positive,114101992842348850917000354338700250726293830999040526432903947036781231504246,0.0,0.0,low_overlap_with_IRFL_phrase_definition
PHL1800_IRFL_0230,F0709,PHL1800_IRFL_0230.jpg,IRFL,positive,38910544190394906136328284395683454219776872570518051506684478119125338763797,0.0,0.0,low_overlap_with_IRFL_phrase_definition
PHL1800_IRFL_0233,F1747,PHL1800_IRFL_0233.jpg,IRFL,positive,45949288081047053315442436201375011497733358336313467817674154090093418458635,0.0,0.0,low_overlap_with_IRFL_phrase_definition
PHL1800_IRFL_0234,F0121,PHL1800_IRFL_0234.jpg,IRFL,positive,46701467410305719276720522814122058606553257645392514101705864459032770189113,0.0,0.0,low_overlap_with_IRFL_phrase_definition;explicit_visual_uncertainty
PHL1800_IRFL_0235,F0484,PHL1800_IRFL_0235.jpg,IRFL,positive,95057962184684468717423544308319496163166389292261960273047335126704478764755,0.0,0.0,low_overlap_with_IRFL_phrase_definition;explicit_visual_uncertainty
PHL1800_IRFL_0237,F0590,PHL1800_IRFL_0237.jpg,IRFL,positive,106197685513036279854131920953439382317864121432293281608154065955319373274916,0.0,0.0,low_overlap_with_IRFL_phrase_definition;specific_OCR_claim
PHL1800_IRFL_0238,F0495,PHL1800_IRFL_0238.jpg,IRFL,positive,10071623539502995827455994593366253760594549379878904017072521641671835092777,0.0,0.0,low_overlap_with_IRFL_phrase_definition
PHL1800_IRFL_0240,F1022,PHL1800_IRFL_0240.jpg,IRFL,positive,1199939428848300986011819263822829977554557360310328500054085041970826031667,0.0,0.0,low_overlap_with_IRFL_phrase_definition
PHL1800_IRFL_0245,F1418,PHL1800_IRFL_0245.jpg,IRFL,positive,82770501490455239893575548390806070457309846418719028143788244578284617284192,0.0,0.0,low_overlap_with_IRFL_phrase_definition;explicit_visual_uncertainty
PHL1800_IRFL_0246,F0329,PHL1800_IRFL_0246.jpg,IRFL,positive,76814824014364944474101523431459544585575046340521949319817619816207892541512,0.0,0.0,low_overlap_with_IRFL_phrase_definition;explicit_visual_uncertainty
PHL1800_IRFL_0247,F1391,PHL1800_IRFL_0247.jpg,IRFL,positive,107021780743387204384580620777070410358022276240045608988579074748476944951423,0.0,0.0,low_overlap_with_IRFL_phrase_definition;explicit_visual_uncertainty
PHL1800_IRFL_0255,F1384,PHL1800_IRFL_0255.jpg,IRFL,positive,50144587788149749465150223260584915474837147697666371412373156466187739270443,0.0,0.0,low_overlap_with_IRFL_phrase_definition;explicit_visual_uncertainty
PHL1800_IRFL_0259,F0921,PHL1800_IRFL_0259.jpg,IRFL,positive,21534252276242223743253015519615114018275593367464761794052372250042237676312,0.0,0.0,low_overlap_with_IRFL_phrase_definition
PHL1800_IRFL_0265,F1430,PHL1800_IRFL_0265.jpg,IRFL,positive,44322243617544066887492541174020471881106761158198850925678351378821294529692,0.0,0.0,low_overlap_with_IRFL_phrase_definition
PHL1800_IRFL_0267,F1755,PHL1800_IRFL_0267.jpg,IRFL,positive,30609551471132537850669133382914072271794776771150547331285274616842883491092,0.0,0.0,low_overlap_with_IRFL_phrase_definition
PHL1800_IRFL_0268,F0018,PHL1800_IRFL_0268.jpg,IRFL,positive,43738367705721005299779092030527755046583719988991049222758118043393923886490,0.0,0.0,low_overlap_with_IRFL_phrase_definition
PHL1800_IRFL_0269,F0203,PHL1800_IRFL_0269.jpg,IRFL,positive,50244161803818960363975350535110303548977610230853766071295766672164542777222,0.0,0.0,low_overlap_with_IRFL_phrase_definition
PHL1800_IRFL_0270,F0901,PHL1800_IRFL_0270.jpg,IRFL,positive,2251175294547479980711071854219412774114132738866841735695821384368276696866,0.0,0.0,low_overlap_with_IRFL_phrase_definition;explicit_visual_uncertainty
PHL1800_IRFL_0271,F1601,PHL1800_IRFL_0271.jpg,IRFL,positive,81587228404032774271648782130657817840618488475888455986325589088973203096734,0.0,0.0,low_overlap_with_IRFL_phrase_definition
PHL1800_IRFL_0272,F0718,PHL1800_IRFL_0272.jpg,IRFL,positive,66411581415476020681037759459564492523222784222612607022250902149020421946550,0.0,0.0,low_overlap_with_IRFL_phrase_definition
PHL1800_IRFL_0273,F1211,PHL1800_IRFL_0273.jpg,IRFL,positive,11101588871181472604621836823365488979290034477853733342733483379352446075370,0.0,0.0,low_overlap_with_IRFL_phrase_definition
PHL1800_IRFL_0274,F1383,PHL1800_IRFL_0274.jpg,IRFL,positive,79979135629819078620316727785324332305897034244281697731588117999368116638084,0.0,0.0,low_overlap_with_IRFL_phrase_definition;explicit_visual_uncertainty
PHL1800_IRFL_0275,F1463,PHL1800_IRFL_0275.jpg,IRFL,positive,36342265267414253392446615340110764413904565195106492921887220103305153948718,0.0,0.0,low_overlap_with_IRFL_phrase_definition;explicit_visual_uncertainty
PHL1800_IRFL_0276,F1688,PHL1800_IRFL_0276.jpg,IRFL,positive,71261799909120577205815081311742886902243558886428226185473523655322541985411,0.0,0.0,low_overlap_with_IRFL_phrase_definition;specific_OCR_claim
PHL1800_IRFL_0277,F0185,PHL1800_IRFL_0277.jpg,IRFL,positive,58569566379075660689088139350201777742481575750541866999933117536627924863341,0.0,0.0,low_overlap_with_IRFL_phrase_definition
PHL1800_IRFL_0278,F1159,PHL1800_IRFL_0278.jpg,IRFL,positive,52288967107188279750550127343755254242956664383648015428849282822431101617588,0.0,0.0,low_overlap_with_IRFL_phrase_definition;explicit_visual_uncertainty
PHL1800_IRFL_0279,F0331,PHL1800_IRFL_0279.jpg,IRFL,positive,1831053478749893288334958081744120837403923959830441068207801056904440799298,0.0,0.0,low_overlap_with_IRFL_phrase_definition
PHL1800_IRFL_0281,F0705,PHL1800_IRFL_0281.jpg,IRFL,positive,68933033239260013313622953388143771589236461673471914718767732178064823952402,0.0,0.0,low_overlap_with_IRFL_phrase_definition
PHL1800_IRFL_0282,F0722,PHL1800_IRFL_0282.jpg,IRFL,positive,51177230338183536658960728784238406141098969964221719435153481823297872065427,0.0,0.0,low_overlap_with_IRFL_phrase_definition
PHL1800_IRFL_0283,F1033,PHL1800_IRFL_0283.jpg,IRFL,positive,95360603051342409301078499622905557612714764508418098000568192401833601649053,0.0,0.0,low_overlap_with_IRFL_phrase_definition;specific_OCR_claim;precise_count_claim
PHL1800_IRFL_0284,F0407,PHL1800_IRFL_0284.jpg,IRFL,positive,99962765767395859792000295149276886260524313883599166702210744299477202548981,0.0,0.0,low_overlap_with_IRFL_phrase_definition;explicit_visual_uncertainty
PHL1800_IRFL_0285,F1681,PHL1800_IRFL_0285.jpg,IRFL,positive,75650630639345615668474197715741982251567517430403732136703446276794508922158,0.0,0.0,low_overlap_with_IRFL_phrase_definition
PHL1800_IRFL_0286,F1564,PHL1800_IRFL_0286.jpg,IRFL,positive,104280731282703095037783025720467297411999548766849776182918393405191955290967,0.0,0.0,low_overlap_with_IRFL_phrase_definition
PHL1800_IRFL_0287,F0598,PHL1800_IRFL_0287.jpg,IRFL,positive,15859242387825437615031141820590385723943163876468758536021742534842807549639,0.0,0.0,low_overlap_with_IRFL_phrase_definition
PHL1800_IRFL_0288,F0493,PHL1800_IRFL_0288.jpg,IRFL,positive,114173157532703952187977675051289461816510780254680464812724531367138280340097,0.0,0.0,low_overlap_with_IRFL_phrase_definition
PHL1800_IRFL_0290,F0612,PHL1800_IRFL_0290.jpg,IRFL,positive,104402260001058217202917018183070384724354038859471753847920550191004076422004,0.0,0.0,low_overlap_with_IRFL_phrase_definition;explicit_visual_uncertainty
PHL1800_IRFL_0291,F0332,PHL1800_IRFL_0291.jpg,IRFL,positive,88808641485704974035959054842794773805257359021571550340237395827187815733500,0.0,0.0,low_overlap_with_IRFL_phrase_definition
PHL1800_IRFL_0292,F1627,PHL1800_IRFL_0292.jpg,IRFL,positive,111714784897189347477699753181651812636075555440846456414833328460772654090106,0.0,0.0,low_overlap_with_IRFL_phrase_definition
PHL1800_IRFL_0293,F0396,PHL1800_IRFL_0293.jpg,IRFL,positive,31658877545210228019209016470193414373504143986254494921978151709785771694419,0.0,0.0,low_overlap_with_IRFL_phrase_definition;explicit_visual_uncertainty
PHL1800_IRFL_0294,F1132,PHL1800_IRFL_0294.jpg,IRFL,positive,83126709458060854598347006469572709210236035509205750600549550459767588810430,0.0,0.0,low_overlap_with_IRFL_phrase_definition
PHL1800_IRFL_0295,F0796,PHL1800_IRFL_0295.jpg,IRFL,positive,108540126671664578595206332739563157138646414867635230264169784580334261040473,0.0,0.0,low_overlap_with_IRFL_phrase_definition
PHL1800_IRFL_0297,F1116,PHL1800_IRFL_0297.jpg,IRFL,positive,101566902056140246945460502698757624918910137292161744307044344547933317805832,0.0,0.0,low_overlap_with_IRFL_phrase_definition;specific_OCR_claim
PHL1800_IRFL_0300,F1741,PHL1800_IRFL_0300.jpg,IRFL,positive,74164229703721563254293438628901661037130872222078952704850407071083055956674,0.0,0.0,low_overlap_with_IRFL_phrase_definition
PHL1800_IRFL_0301,F1455,PHL1800_IRFL_0301.jpg,IRFL,positive,91656703821037976499082926395036037427072456588230832271195640351824006386162,0.0,0.0,low_overlap_with_IRFL_phrase_definition;explicit_visual_uncertainty
PHL1800_IRFL_0305,F0856,PHL1800_IRFL_0305.jpg,IRFL,positive,103093879308651342635100225685624711289967899085856371336099497299690312838894,0.0,0.0,low_overlap_with_IRFL_phrase_definition;explicit_visual_uncertainty
PHL1800_IRFL_0308,F0397,PHL1800_IRFL_0308.jpg,IRFL,positive,42057234619795867488711092603016330595308708906912409066335668159127653633440,0.0,0.0,low_overlap_with_IRFL_phrase_definition
PHL1800_IRFL_0309,F0063,PHL1800_IRFL_0309.jpg,IRFL,positive,7799649619165945859212638617712743465997462735048848402836535225082878115650,0.0,0.0,low_overlap_with_IRFL_phrase_definition
PHL1800_IRFL_0311,F1420,PHL1800_IRFL_0311.jpg,IRFL,positive,20027624539947543544146997552597496916503077969546221849629016818931069190426,0.0,0.0,low_overlap_with_IRFL_phrase_definition;precise_count_claim;explicit_visual_uncertainty
PHL1800_IRFL_0312,F1381,PHL1800_IRFL_0312.jpg,IRFL,positive,64514208270864753930355190352886280962900530025696513603679688783375243978410,0.0,0.0,low_overlap_with_IRFL_phrase_definition;specific_OCR_claim;precise_count_claim
PHL1800_IRFL_0314,F1610,PHL1800_IRFL_0314.jpg,IRFL,positive,60359693255998860020288513392209715898417069242532914598273663905749185944250,0.0,0.0,low_overlap_with_IRFL_phrase_definition
PHL1800_IRFL_0315,F0625,PHL1800_IRFL_0315.jpg,IRFL,positive,46711182434155846242590115164844612543079624369041843231899629049859681383434,0.0,0.0,low_overlap_with_IRFL_phrase_definition;explicit_visual_uncertainty
PHL1800_IRFL_0317,F0976,PHL1800_IRFL_0317.jpg,IRFL,positive,79428286951963267387468761442603885470368984128668228369372422778209769628904,0.0,0.0,low_overlap_with_IRFL_phrase_definition;explicit_visual_uncertainty
PHL1800_IRFL_0318,F0167,PHL1800_IRFL_0318.jpg,IRFL,positive,63180612573331476153277712668569326176339335299774121950840291576145183315750,0.0,0.0,low_overlap_with_IRFL_phrase_definition
PHL1800_IRFL_0320,F1510,PHL1800_IRFL_0320.jpg,IRFL,positive,25422910418945691754951497489462690492950401088715714169322585314908160644540,0.0,0.0,low_overlap_with_IRFL_phrase_definition;explicit_visual_uncertainty
PHL1800_IRFL_0321,F0572,PHL1800_IRFL_0321.jpg,IRFL,positive,16635570730877685610787902741407387618286873929482200517251408538104500554876,0.0,0.0,low_overlap_with_IRFL_phrase_definition
PHL1800_IRFL_0322,F1397,PHL1800_IRFL_0322.jpg,IRFL,positive,18811040376869179761243877253087032844467827644564668149502895448800157052542,0.0,0.0,low_overlap_with_IRFL_phrase_definition;explicit_visual_uncertainty
PHL1800_IRFL_0323,F0934,PHL1800_IRFL_0323.jpg,IRFL,positive,73757361889998208435770487394239067953356666709680129168290508976874501419180,0.0,0.0,low_overlap_with_IRFL_phrase_definition;explicit_visual_uncertainty
PHL1800_IRFL_0327,F0286,PHL1800_IRFL_0327.jpg,IRFL,positive,71908614084745208111863024377628915832253139698454001171860105670438740562099,0.0,0.0,low_overlap_with_IRFL_phrase_definition
PHL1800_IRFL_0328,F0444,PHL1800_IRFL_0328.jpg,IRFL,positive,81312987938875450951300435449120479458659675264026187343778494564491344311693,0.0,0.0,low_overlap_with_IRFL_phrase_definition
PHL1800_IRFL_0330,F0335,PHL1800_IRFL_0330.jpg,IRFL,positive,30953313270761213394590159818887283344179422417615931577879110045032863743675,0.0,0.0,low_overlap_with_IRFL_phrase_definition
PHL1800_IRFL_0331,F0996,PHL1800_IRFL_0331.jpg,IRFL,positive,10414730273046156622819413072313589743997744862562564484327261036598145208910,0.0,0.0,low_overlap_with_IRFL_phrase_definition;explicit_visual_uncertainty
PHL1800_IRFL_0332,F0550,PHL1800_IRFL_0332.jpg,IRFL,positive,26630692632383987294329808469758209936018264144889910177907128714071110879140,0.0,0.0,low_overlap_with_IRFL_phrase_definition;explicit_visual_uncertainty
PHL1800_IRFL_0333,F0046,PHL1800_IRFL_0333.jpg,IRFL,positive,10659763402615636563080667135942986263256390965050793176536592833061187219161,0.0,0.0,low_overlap_with_IRFL_phrase_definition
PHL1800_IRFL_0334,F1485,PHL1800_IRFL_0334.jpg,IRFL,positive,79214633983392980874873284098662517473406147858514596128517054330863603152642,0.0,0.0,low_overlap_with_IRFL_phrase_definition;explicit_visual_uncertainty
PHL1800_IRFL_0335,F0918,PHL1800_IRFL_0335.jpg,IRFL,positive,75214236292530633726904214888429594426162751852767788686108189438042867935821,0.0,0.0,low_overlap_with_IRFL_phrase_definition;explicit_visual_uncertainty
PHL1800_IRFL_0336,F0917,PHL1800_IRFL_0336.jpg,IRFL,positive,89008132343017175303547230953712486967916055399033524324324216387688259459426,0.0,0.0,low_overlap_with_IRFL_phrase_definition
PHL1800_IRFL_0339,F0289,PHL1800_IRFL_0339.jpg,IRFL,positive,44192492258844283821803622558895907251526123110282061135160114627324254200813,0.0,0.0,low_overlap_with_IRFL_phrase_definition;explicit_visual_uncertainty
PHL1800_IRFL_0341,F1286,PHL1800_IRFL_0341.jpg,IRFL,positive,7593138287936219621206186823483650796020314642090338792509206453637156988967,0.0,0.0,low_overlap_with_IRFL_phrase_definition
PHL1800_IRFL_0342,F0091,PHL1800_IRFL_0342.jpg,IRFL,positive,69772408299904730288166498847848561003349805772289697919583417612264502765020,0.0,0.0,low_overlap_with_IRFL_phrase_definition
PHL1800_IRFL_0343,F0085,PHL1800_IRFL_0343.jpg,IRFL,positive,1845081877422655936415674500230028165311199740507954939334548201121626846751,0.0,0.0,low_overlap_with_IRFL_phrase_definition;explicit_visual_uncertainty
PHL1800_IRFL_0344,F0112,PHL1800_IRFL_0344.jpg,IRFL,positive,98076840554892126751160240863614651539619585269623062169227053049251794515069,0.0,0.0,low_overlap_with_IRFL_phrase_definition;explicit_visual_uncertainty
PHL1800_IRFL_0353,F1684,PHL1800_IRFL_0353.jpg,IRFL,positive,73833370406208965165939103428834283948469490859728636931549268507449909261789,0.0,0.0,low_overlap_with_IRFL_phrase_definition;specific_OCR_claim
PHL1800_IRFL_0354,F1407,PHL1800_IRFL_0354.jpg,IRFL,positive,97881158449470120444797568783983797367748610997853903807452976181198436080325,0.0,0.0,low_overlap_with_IRFL_phrase_definition;explicit_visual_uncertainty
PHL1800_IRFL_0355,F1572,PHL1800_IRFL_0355.jpg,IRFL,positive,80848554985562757678956449541049404635181066085414081862095405826424950511640,0.0,0.0,low_overlap_with_IRFL_phrase_definition
PHL1800_IRFL_0358,F0984,PHL1800_IRFL_0358.jpg,IRFL,positive,101974349160903878650507960925853549535219147492938532923029305127639607867450,0.0,0.0,low_overlap_with_IRFL_phrase_definition
PHL1800_IRFL_0362,F0051,PHL1800_IRFL_0362.jpg,IRFL,positive,94622930726510274638769844023907529169103915336726388636530921831209783831125,0.0,0.0,low_overlap_with_IRFL_phrase_definition
PHL1800_IRFL_0366,F1690,PHL1800_IRFL_0366.jpg,IRFL,positive,106696269361893426297100125381910073799682997881800955453987166776054889599662,0.0,0.0,low_overlap_with_IRFL_phrase_definition
PHL1800_IRFL_0371,F1584,PHL1800_IRFL_0371.jpg,IRFL,positive,97592433713515893863471118422673233466913095061105651410211697938356328598878,0.0,0.0,low_overlap_with_IRFL_phrase_definition;explicit_visual_uncertainty
PHL1800_IRFL_0372,F0727,PHL1800_IRFL_0372.jpg,IRFL,positive,55830305560455191193856464474967322093815463774646931445881266231618468593294,0.0,0.0,low_overlap_with_IRFL_phrase_definition
PHL1800_IRFL_0374,F1014,PHL1800_IRFL_0374.jpg,IRFL,positive,48931604276871754711211504232328292181585407940707607684133051322399567407305,0.0,0.0,low_overlap_with_IRFL_phrase_definition
PHL1800_IRFL_0376,F1139,PHL1800_IRFL_0376.jpg,IRFL,positive,28488195563161803365641883973935514671169333943310409021776373511586972883926,0.0,0.0,low_overlap_with_IRFL_phrase_definition;explicit_visual_uncertainty
PHL1800_IRFL_0378,F1246,PHL1800_IRFL_0378.jpg,IRFL,positive,64295689931800466090694140333210157747600979555876196622824023650275767311199,0.0,0.0,low_overlap_with_IRFL_phrase_definition
PHL1800_IRFL_0381,F1452,PHL1800_IRFL_0381.jpg,IRFL,positive,77291662143744308215588235481191235092809317330028674637694233579454688989975,0.0,0.0,low_overlap_with_IRFL_phrase_definition;explicit_visual_uncertainty
PHL1800_IRFL_0387,F0698,PHL1800_IRFL_0387.jpg,IRFL,positive,102545466918383036506563978614585091553959299465903878504046542612809630920098,0.0,0.0,low_overlap_with_IRFL_phrase_definition
PHL1800_IRFL_0388,F0053,PHL1800_IRFL_0388.jpg,IRFL,positive,60631314113374328534280673104569035910488355224483416553880986980982181474507,0.0,0.0,low_overlap_with_IRFL_phrase_definition
PHL1800_IRFL_0393,F1668,PHL1800_IRFL_0393.jpg,IRFL,positive,12965381321004467278383859721859092071983502809589304526127465410496761997125,0.0,0.0,low_overlap_with_IRFL_phrase_definition;explicit_visual_uncertainty
PHL1800_IRFL_0396,F1396,PHL1800_IRFL_0396.jpg,IRFL,positive,75997073658088534259770975252850353458433875490180363679612679488274114957318,0.0,0.0,low_overlap_with_IRFL_phrase_definition;explicit_visual_uncertainty
PHL1800_IRFL_0403,F0172,PHL1800_IRFL_0403.jpg,IRFL,positive,64386465513708717448566628546521551475526504304772852140249936930394175350312,0.0,0.0,low_overlap_with_IRFL_phrase_definition;specific_OCR_claim
PHL1800_IRFL_0408,F0426,PHL1800_IRFL_0408.jpg,IRFL,positive,115609351662286797160729344648976377324964598604823893749719254111184075047370,0.0,0.0,low_overlap_with_IRFL_phrase_definition;explicit_visual_uncertainty
PHL1800_IRFL_0411,F1129,PHL1800_IRFL_0411.jpg,IRFL,positive,80377508160717445089336882662224374771991563238698476778159011330201754842589,0.0,0.0,low_overlap_with_IRFL_phrase_definition
PHL1800_IRFL_0412,F0054,PHL1800_IRFL_0412.jpg,IRFL,positive,45698418370662122110656503675961019050059774179389488380649623824664380160429,0.0,0.0,low_overlap_with_IRFL_phrase_definition;explicit_visual_uncertainty
PHL1800_IRFL_0419,F1011,PHL1800_IRFL_0419.jpg,IRFL,positive,106774661071718088255222543125600480897991528333134261738772165193051453541059,0.0,0.0,low_overlap_with_IRFL_phrase_definition
PHL1800_IRFL_0420,F0805,PHL1800_IRFL_0420.jpg,IRFL,positive,32791012281879259777350589400399741529968414984768179526821555979702986833613,0.0,0.0,low_overlap_with_IRFL_phrase_definition
PHL1800_IRFL_0421,F1361,PHL1800_IRFL_0421.jpg,IRFL,boundary,35146005023398018061449474214706024137394304761602020800103362813039326904037,0.0,0.0,low_overlap_with_IRFL_phrase_definition
PHL1800_IRFL_0427,F0424,PHL1800_IRFL_0427.jpg,IRFL,boundary,1501820526663872275106897044812451929512248310442641153262081747538153151254,0.0,0.0,low_overlap_with_IRFL_phrase_definition
PHL1800_IRFL_0429,F0662,PHL1800_IRFL_0429.jpg,IRFL,boundary,7807388579865048223069637548143204227049144077141558844004988678550606283727,0.0,0.0,low_overlap_with_IRFL_phrase_definition;explicit_visual_uncertainty
PHL1800_IRFL_0431,F1403,PHL1800_IRFL_0431.jpg,IRFL,boundary,36372808008575423475369019495180467379105297737807915508412271388449052226627,0.0,0.0,low_overlap_with_IRFL_phrase_definition
PHL1800_IRFL_0436,F0488,PHL1800_IRFL_0436.jpg,IRFL,boundary,81819906224146728479240770982456114354646431995057840080918359874975041214268,0.0,0.0,low_overlap_with_IRFL_phrase_definition
PHL1800_IRFL_0440,F1692,PHL1800_IRFL_0440.jpg,IRFL,boundary,106350750949885508990937757188082360971039443219881033256508954718619466950626,0.0,0.0,low_overlap_with_IRFL_phrase_definition;explicit_visual_uncertainty
PHL1800_IRFL_0441,F0029,PHL1800_IRFL_0441.jpg,IRFL,boundary,85068984273036547278568126146082977463793120183836575553846111822575412850611,0.0,0.0,low_overlap_with_IRFL_phrase_definition;explicit_visual_uncertainty
PHL1800_IRFL_0445,F1108,PHL1800_IRFL_0445.jpg,IRFL,boundary,58454424123244225653741151055539517838963504008254396879280923471580267878170,0.0,0.0,low_overlap_with_IRFL_phrase_definition;explicit_visual_uncertainty
PHL1800_IRFL_0446,F1531,PHL1800_IRFL_0446.jpg,IRFL,boundary,2814310401995084684289732051115744329887736928035231272936953096608743661319,0.0,0.0,low_overlap_with_IRFL_phrase_definition;explicit_visual_uncertainty
PHL1800_IRFL_0448,F0747,PHL1800_IRFL_0448.jpg,IRFL,boundary,14572213099784950390352528588559784922514449510794232260312334610123120559873,0.0,0.0,low_overlap_with_IRFL_phrase_definition;explicit_visual_uncertainty
PHL1800_IRFL_0449,F1509,PHL1800_IRFL_0449.jpg,IRFL,boundary,87315768726816295775476393768963223969076155950539843720443530424667080341855,0.0,0.0,low_overlap_with_IRFL_phrase_definition
PHL1800_IRFL_0450,F0030,PHL1800_IRFL_0450.jpg,IRFL,boundary,72594127067671239692102533689636928472324177426588899779434550209020681149881,0.0,0.0,low_overlap_with_IRFL_phrase_definition
PHL1800_IRFL_0451,F1240,PHL1800_IRFL_0451.jpg,IRFL,boundary,96443808699309240710624064904151491954659398531729342681699646214644746011596,0.0,0.0,low_overlap_with_IRFL_phrase_definition
PHL1800_IRFL_0454,F1233,PHL1800_IRFL_0454.jpg,IRFL,boundary,15889727828793404040701259582985417768911456431565155384645658679483106129876,0.0,0.0,low_overlap_with_IRFL_phrase_definition
PHL1800_IRFL_0456,F0245,PHL1800_IRFL_0456.jpg,IRFL,boundary,43738784390974823172935931545923041275348970342470560805047376584945812688345,0.0,0.0,low_overlap_with_IRFL_phrase_definition;explicit_visual_uncertainty
PHL1800_IRFL_0459,F1525,PHL1800_IRFL_0459.jpg,IRFL,boundary,104058925393371502818409035809485149595940401651452236091604482022031687124510,0.0,0.0,low_overlap_with_IRFL_phrase_definition
PHL1800_IRFL_0461,F0575,PHL1800_IRFL_0461.jpg,IRFL,boundary,79080829693698643716761152026185062655874223842656763182764499631430941583973,0.0,0.0,low_overlap_with_IRFL_phrase_definition
PHL1800_IRFL_0463,F1056,PHL1800_IRFL_0463.jpg,IRFL,boundary,10986185818181936833533268282303375390416323928493234684856146460597798383280,0.0,0.0,low_overlap_with_IRFL_phrase_definition
PHL1800_IRFL_0466,F0803,PHL1800_IRFL_0466.jpg,IRFL,boundary,48790319926547811340858581491802249195503427750264637981974287041452841763487,0.0,0.0,low_overlap_with_IRFL_phrase_definition;explicit_visual_uncertainty
PHL1800_IRFL_0469,F1706,PHL1800_IRFL_0469.jpg,IRFL,boundary,115064475178321521556989020458089339035264722265166003961253395125825132206510,0.0,0.0,low_overlap_with_IRFL_phrase_definition
PHL1800_IRFL_0470,F1302,PHL1800_IRFL_0470.jpg,IRFL,boundary,77816828788428740414953416450789235399500683386295600274550550122713219861115,0.0,0.0,low_overlap_with_IRFL_phrase_definition
PHL1800_IRFL_0472,F1699,PHL1800_IRFL_0472.jpg,IRFL,boundary,13517102101652890917952750085592945876427639562914679230528255684413458586072,0.0,0.0,low_overlap_with_IRFL_phrase_definition
PHL1800_IRFL_0473,F0778,PHL1800_IRFL_0473.jpg,IRFL,boundary,102044233029125437227190930393723901703767010667802289981457048367668150994421,0.0,0.0,low_overlap_with_IRFL_phrase_definition
PHL1800_IRFL_0476,F0966,PHL1800_IRFL_0476.jpg,IRFL,boundary,13052974051198314295944648084916285738144321257760837637195085166677959937948,0.0,0.0,low_overlap_with_IRFL_phrase_definition
PHL1800_IRFL_0478,F0375,PHL1800_IRFL_0478.jpg,IRFL,boundary,38165591875754063394129948314001025675426929851325459526079939286028486570071,0.0,0.0,low_overlap_with_IRFL_phrase_definition
PHL1800_IRFL_0479,F1029,PHL1800_IRFL_0479.jpg,IRFL,boundary,22680710949386604081583450560971320968241445450818102508047108701353454272316,0.0,0.0,low_overlap_with_IRFL_phrase_definition
PHL1800_IRFL_0480,F1190,PHL1800_IRFL_0480.jpg,IRFL,boundary,110008477903804297361033011848242670042852854468513084989502395650072372041766,0.0,0.0,low_overlap_with_IRFL_phrase_definition;explicit_visual_uncertainty
PHL1800_IRFL_0481,F1332,PHL1800_IRFL_0481.jpg,IRFL,boundary,68843983729058068491552979233573967193500383924633750474705378025339464371139,0.0,0.0,low_overlap_with_IRFL_phrase_definition
PHL1800_IRFL_0483,F0206,PHL1800_IRFL_0483.jpg,IRFL,boundary,39110965441176153351367541997467340078423623237273293775000569392218563424282,0.0,0.0,low_overlap_with_IRFL_phrase_definition
PHL1800_IRFL_0485,F0659,PHL1800_IRFL_0485.jpg,IRFL,boundary,42863299491525861507102963700408982760349383218810515405391539177276838399835,0.0,0.0,low_overlap_with_IRFL_phrase_definition
PHL1800_IRFL_0486,F0055,PHL1800_IRFL_0486.jpg,IRFL,boundary,57272713574154159437960250678368279795483183789849548951946408924957829433701,0.0,0.0,low_overlap_with_IRFL_phrase_definition;explicit_visual_uncertainty
PHL1800_IRFL_0487,F1417,PHL1800_IRFL_0487.jpg,IRFL,boundary,87756109254205539704407311192403986828564480420701357203503321609178029598898,0.0,0.0,low_overlap_with_IRFL_phrase_definition
PHL1800_IRFL_0492,F0341,PHL1800_IRFL_0492.jpg,IRFL,boundary,109591185145444547410819753516468874522690182715936428531221717070588477988523,0.0,0.0,low_overlap_with_IRFL_phrase_definition
PHL1800_IRFL_0494,F0750,PHL1800_IRFL_0494.jpg,IRFL,boundary,115427964304381332155812098789171138124267610441455600102649896549732450586942,0.0,0.0,low_overlap_with_IRFL_phrase_definition;explicit_visual_uncertainty
PHL1800_IRFL_0496,F0565,PHL1800_IRFL_0496.jpg,IRFL,boundary,102234630247665978751962886032119627464760427480227177900412441009584195748863,0.0,0.0,low_overlap_with_IRFL_phrase_definition
PHL1800_IRFL_0500,F1064,PHL1800_IRFL_0500.jpg,IRFL,boundary,14827880909478061496872150808031253865433234639490427155071001652548949127307,0.0,0.0,low_overlap_with_IRFL_phrase_definition
PHL1800_IRFL_0125,F0080,PHL1800_IRFL_0125.jpg,IRFL,positive,18363220365782231226677319665659178474870878185732142654960764437347257010831,0.0435,0.0055,low_overlap_with_IRFL_phrase_definition;explicit_visual_uncertainty
PHL1800_IRFL_0264,F1156,PHL1800_IRFL_0264.jpg,IRFL,positive,115640322155701770122679312051034424359229383835999306468861832304604834110343,0.0435,0.0064,low_overlap_with_IRFL_phrase_definition
PHL1800_IRFL_0033,F1039,PHL1800_IRFL_0033.jpg,IRFL,positive,115025515121278613910921678240151593585216725239359467727034279885642566387647,0.05,0.0068,low_overlap_with_IRFL_phrase_definition
PHL1800_IRFL_0035,F0562,PHL1800_IRFL_0035.jpg,IRFL,positive,59263216281742410857954498473220618010482153144473347458055945685280577039425,0.0526,0.0076,low_overlap_with_IRFL_phrase_definition
PHL1800_IRFL_0140,F1752,PHL1800_IRFL_0140.jpg,IRFL,positive,77191424977468741087953905292101403262272993403723913210532132432393014691269,0.0588,0.0069,low_overlap_with_IRFL_phrase_definition
PHL1800_IRFL_0160,F1540,PHL1800_IRFL_0160.jpg,IRFL,positive,15368299126618645699154147210020040910973493443422745622352378111758934247320,0.0588,0.0072,low_overlap_with_IRFL_phrase_definition
PHL1800_IRFL_0161,F0060,PHL1800_IRFL_0161.jpg,IRFL,positive,23092944721344478530870404298109133946961568046641884003648623727909789045408,0.0588,0.0059,low_overlap_with_IRFL_phrase_definition;explicit_visual_uncertainty
PHL1800_IRFL_0239,F1472,PHL1800_IRFL_0239.jpg,IRFL,positive,112427060859294027091313210322762347644961957186448215541009704999924392526042,0.0588,0.0066,low_overlap_with_IRFL_phrase_definition;explicit_visual_uncertainty
PHL1800_IRFL_0053,F0120,PHL1800_IRFL_0053.jpg,IRFL,positive,1602335409944832622923712701941750966437780381825627647541851541562352152171,0.0625,0.0063,low_overlap_with_IRFL_phrase_definition;specific_OCR_claim
PHL1800_IRFL_0430,F1620,PHL1800_IRFL_0430.jpg,IRFL,boundary,57834981038408230712755654829686159211486100604919006264661587859743235957422,0.0625,0.0071,low_overlap_with_IRFL_phrase_definition;explicit_visual_uncertainty
PHL1800_IRFL_0458,F1567,PHL1800_IRFL_0458.jpg,IRFL,boundary,80231727797595809632235784648676157128554253374138572694891675468294877623323,0.0625,0.0057,low_overlap_with_IRFL_phrase_definition
PHL1800_IRFL_0460,F1534,PHL1800_IRFL_0460.jpg,IRFL,boundary,71006634959846505994560083555170981162415705699444144338046065879207197552057,0.0625,0.0072,low_overlap_with_IRFL_phrase_definition
PHL1800_IRFL_0424,F0631,PHL1800_IRFL_0424.jpg,IRFL,boundary,112806843954008203531296964170451850696735910064312752919870034183621395183348,0.0667,0.0082,low_overlap_with_IRFL_phrase_definition;explicit_visual_uncertainty
PHL1800_IRFL_0121,F0490,PHL1800_IRFL_0121.jpg,IRFL,positive,66081008414335466618261471237189604060445878384512715965937799500051359452538,0.0714,0.0071,low_overlap_with_IRFL_phrase_definition
PHL1800_IRFL_0123,F1004,PHL1800_IRFL_0123.jpg,IRFL,positive,1902488508268789677588659064717262585031143950259522457684989588381631247978,0.0714,0.0083,low_overlap_with_IRFL_phrase_definition
PHL1800_IRFL_0253,F0538,PHL1800_IRFL_0253.jpg,IRFL,positive,17279501300591267148727542027803754380721587928617211830066883834570555772544,0.0714,0.0063,low_overlap_with_IRFL_phrase_definition;explicit_visual_uncertainty
PHL1800_IRFL_0438,F1466,PHL1800_IRFL_0438.jpg,IRFL,boundary,98532620050721230188736457030865464703566367109262720503802716438095858643443,0.0714,0.009,low_overlap_with_IRFL_phrase_definition
PHL1800_IRFL_0086,F0369,PHL1800_IRFL_0086.jpg,IRFL,positive,4760273821933850370436945283822086090119997845076169392256513997234552564936,0.0769,0.0063,low_overlap_with_IRFL_phrase_definition;explicit_visual_uncertainty
PHL1800_IRFL_0087,F1778,PHL1800_IRFL_0087.jpg,IRFL,positive,887957272213666958467925143629646200370042826935905440376283819953346655523,0.0769,0.0068,low_overlap_with_IRFL_phrase_definition
PHL1800_IRFL_0096,F1243,PHL1800_IRFL_0096.jpg,IRFL,positive,64572491474851189761174643825914238214892677290310047790773010209101526460643,0.0769,0.0072,low_overlap_with_IRFL_phrase_definition
PHL1800_IRFL_0252,F1568,PHL1800_IRFL_0252.jpg,IRFL,positive,113082481131019418781166089964979278586314948249401363290031799705705185564294,0.0769,0.006,low_overlap_with_IRFL_phrase_definition
PHL1800_IRFL_0257,F1047,PHL1800_IRFL_0257.jpg,IRFL,positive,79196135092321519920128330033702338791941323708408912849972402763563276497250,0.0769,0.0075,low_overlap_with_IRFL_phrase_definition
PHL1800_IRFL_0452,F0445,PHL1800_IRFL_0452.jpg,IRFL,boundary,98808800205447462757515762992200945580160608416841234685288463454271596857490,0.0769,0.0063,low_overlap_with_IRFL_phrase_definition
PHL1800_IRFL_0219,F0599,PHL1800_IRFL_0219.jpg,IRFL,positive,98232615658323415280163396634836178964131825596284081261085737481583292148893,0.0833,0.0063,explicit_visual_uncertainty
PHL1800_IRFL_0178,F0571,PHL1800_IRFL_0178.jpg,IRFL,positive,100609450448300177665761896146004257961986189086215899108596976333233212369340,0.0909,0.0085,explicit_visual_uncertainty
PHL1800_IRFL_0181,F0867,PHL1800_IRFL_0181.jpg,IRFL,positive,43926429809651758815504694395230984474788100618449905458492415298325713347748,0.0909,0.0074,explicit_visual_uncertainty
PHL1800_IRFL_0073,F1337,PHL1800_IRFL_0073.jpg,IRFL,positive,69835807654473984686147852561851229216269211190731159433796739336883728733540,0.1,0.0065,explicit_visual_uncertainty
PHL1800_IRFL_0089,F0737,PHL1800_IRFL_0089.jpg,IRFL,positive,8415951124722630516415650948417144849825174747504917222772716225498877755287,0.1,0.0068,explicit_visual_uncertainty
PHL1800_IRFL_0113,F0468,PHL1800_IRFL_0113.jpg,IRFL,positive,111283958015031036792222154514062493105818928538419039325320789015851909322346,0.1,0.0065,explicit_visual_uncertainty
PHL1800_IRFL_0120,F0772,PHL1800_IRFL_0120.jpg,IRFL,positive,87685994892296357765617285135565410993207103176560812025241799751643146315440,0.1,0.0078,explicit_visual_uncertainty
PHL1800_IRFL_0122,F0382,PHL1800_IRFL_0122.jpg,IRFL,positive,87551430554787724615303836161407194341530048608190414453222686389038114044230,0.1,0.0068,explicit_visual_uncertainty
PHL1800_IRFL_0151,F1113,PHL1800_IRFL_0151.jpg,IRFL,positive,21681916417988176237053211453437907585655510882778517483443147235839438846814,0.1,0.0063,explicit_visual_uncertainty
PHL1800_IRFL_0188,F1146,PHL1800_IRFL_0188.jpg,IRFL,positive,91297384485673383353635796870987358334186311161590559476287260524344941966396,0.1,0.0081,explicit_visual_uncertainty
PHL1800_IRFL_0037,F1009,PHL1800_IRFL_0037.jpg,IRFL,positive,91166799690582116531172541905274795320052972452022968123411905279847470167001,0.1053,0.0154,explicit_visual_uncertainty
PHL1800_IRFL_0005,F1127,PHL1800_IRFL_0005.jpg,IRFL,positive,41552271055463092023423122747801892182971741539417151723807613985493338901000,0.1111,0.0065,explicit_visual_uncertainty
PHL1800_IRFL_0232,F0822,PHL1800_IRFL_0232.jpg,IRFL,positive,59149616072620954332646656983222910701658336516703646761720220523990408882548,0.1111,0.0093,explicit_visual_uncertainty
PHL1800_IRFL_0434,F1737,PHL1800_IRFL_0434.jpg,IRFL,boundary,70527971733917910932794842750485439987636282620890906447831476505787079165658,0.1111,0.0074,explicit_visual_uncertainty
PHL1800_IRFL_0036,F1288,PHL1800_IRFL_0036.jpg,IRFL,positive,114002626070632105479069519106310016056375262631022440546039470093367108480237,0.125,0.0077,explicit_visual_uncertainty
PHL1800_IRFL_0078,F0691,PHL1800_IRFL_0078.jpg,IRFL,positive,109713743655961430699380053575877652608337415415936917514686717979433340113206,0.125,0.0074,explicit_visual_uncertainty
PHL1800_IRFL_0228,F1203,PHL1800_IRFL_0228.jpg,IRFL,positive,24209302566418787943854088764824847569511259600002200128921861095808078538112,0.125,0.0076,specific_OCR_claim
PHL1800_IRFL_0254,F1112,PHL1800_IRFL_0254.jpg,IRFL,positive,53144793700179041615360163164477912507369955995759978104805685627033121666127,0.125,0.0074,specific_OCR_claim
PHL1800_IRFL_0227,F1434,PHL1800_IRFL_0227.jpg,IRFL,positive,70473385106108092516105530494791913432265477161369928792112733867730268133706,0.1333,0.0141,specific_OCR_claim
PHL1800_IRFL_0094,F0857,PHL1800_IRFL_0094.jpg,IRFL,positive,106050943380893094111418145453388979157388375064714061041849677957794449843973,0.1429,0.0073,explicit_visual_uncertainty
PHL1800_IRFL_0213,F0338,PHL1800_IRFL_0213.jpg,IRFL,positive,105120915463394804998699284124203899924465801445722971941596818915290297044660,0.1429,0.0074,explicit_visual_uncertainty
PHL1800_IRFL_0248,F1526,PHL1800_IRFL_0248.jpg,IRFL,positive,26812363729719894135000986175739860440503110569193821302185546120957157828184,0.1429,0.0078,explicit_visual_uncertainty
PHL1800_IRFL_0260,F1138,PHL1800_IRFL_0260.jpg,IRFL,positive,46876271582079196681488770843172100630446521701662720577597314291904863367033,0.1429,0.0053,specific_OCR_claim;precise_count_claim;explicit_visual_uncertainty
PHL1800_IRFL_0263,F0675,PHL1800_IRFL_0263.jpg,IRFL,positive,51101000745228436314531471905525648488252083549065894696813147107505814353201,0.1429,0.006,specific_OCR_claim;precise_count_claim
PHL1800_IRFL_0423,F1307,PHL1800_IRFL_0423.jpg,IRFL,boundary,15693001555422851573533053266890343218641402705934362145380036376123699923354,0.1429,0.0066,explicit_visual_uncertainty
PHL1800_IRFL_0447,F1098,PHL1800_IRFL_0447.jpg,IRFL,boundary,49437109032794062572127775560966195231582498750511635734801318386923884516042,0.1429,0.0085,explicit_visual_uncertainty
PHL1800_IRFL_0149,F1323,PHL1800_IRFL_0149.jpg,IRFL,positive,64612988276442166471111273553228492368464564149512030827603110913971516128449,0.1538,0.0122,specific_OCR_claim
PHL1800_IRFL_0199,F1649,PHL1800_IRFL_0199.jpg,IRFL,positive,93471701580865827901102422140889905497585033862736731098140087284152590012915,0.1538,0.0148,precise_count_claim
PHL1800_IRFL_0104,F0389,PHL1800_IRFL_0104.jpg,IRFL,positive,23671399455448973596548783550705533718080580071745863224510509451054839685279,0.1667,0.0085,explicit_visual_uncertainty
PHL1800_IRFL_0444,F1287,PHL1800_IRFL_0444.jpg,IRFL,boundary,14342778644658901602823973466959647541148866807417105373857966381045685937578,0.1667,0.0074,explicit_visual_uncertainty
PHL1800_IRFL_0071,F1451,PHL1800_IRFL_0071.jpg,IRFL,positive,35099368011831603594475155607567535939665833938843724888260425392662513303670,0.1818,0.0134,explicit_visual_uncertainty
PHL1800_IRFL_0243,F0334,PHL1800_IRFL_0243.jpg,IRFL,positive,55163449488837758362152272357558880113189737058407916742378450100933659150266,0.1818,0.0139,explicit_visual_uncertainty
PHL1800_IRFL_0092,F1496,PHL1800_IRFL_0092.jpg,IRFL,positive,24032510278621718999820483660632713111909383056226092004921864105911810908940,0.2,0.007,explicit_visual_uncertainty
PHL1800_IRFL_0111,F1469,PHL1800_IRFL_0111.jpg,IRFL,positive,4732716824137399455034208268555715727900975385308201485718890974637591297061,0.2,0.014,specific_OCR_claim
PHL1800_IRFL_0432,F0180,PHL1800_IRFL_0432.jpg,IRFL,boundary,26409949091958782745630943582496735005094664920442961466342763863548802080793,0.2,0.009,explicit_visual_uncertainty
PHL1800_IRFL_0426,F0259,PHL1800_IRFL_0426.jpg,IRFL,boundary,57102960189371935875530812772059223204198786659798165118616218014559945412575,0.25,0.0312,explicit_visual_uncertainty
PHL1800_IRFL_0443,F0333,PHL1800_IRFL_0443.jpg,IRFL,boundary,88134475509065721542395031001696938879951812031048560112220363779289954092083,0.25,0.02,explicit_visual_uncertainty
PHL1800_IRFL_0241,F0574,PHL1800_IRFL_0241.jpg,IRFL,positive,41718077649207763575247448682116003585618179867012745147890013372593899962839,0.2857,0.0116,precise_count_claim
PHL1800_IRFL_0266,F1089,PHL1800_IRFL_0266.jpg,IRFL,positive,4025488446885014009453849041716107552676100320076011349557075021091327798721,0.2857,0.0116,precise_count_claim;explicit_visual_uncertainty
PHL1800_IRFL_0025,F1719,PHL1800_IRFL_0025.jpg,IRFL,positive,100704556733538079220816476288795225472379602252677783993192922994970699463483,0.3333,0.0076,explicit_visual_uncertainty
PHL1800_IRFL_0028,F1373,PHL1800_IRFL_0028.jpg,IRFL,positive,51391840742624607444428230990753594436646259145101024539361903860981410954339,0.3333,0.0084,explicit_visual_uncertainty
PHL1800_IRFL_0105,F0470,PHL1800_IRFL_0105.jpg,IRFL,positive,25750583463466896330001524552080522153538049787318503556946886405225652111496,0.3333,0.0147,explicit_visual_uncertainty
PHL1800_IRFL_0107,F0171,PHL1800_IRFL_0107.jpg,IRFL,positive,89726157136769698976205389916133755571074642061342096380366301292260846106680,0.3333,0.0087,explicit_visual_uncertainty
PHL1800_IRFL_0109,F0713,PHL1800_IRFL_0109.jpg,IRFL,positive,68167751797075659232427062262882045323716487434860044372302709895410135591833,0.3333,0.0074,explicit_visual_uncertainty
PHL1800_IRFL_0289,F1788,PHL1800_IRFL_0289.jpg,IRFL,positive,97236153008807712130826361495465530317313117651109409081836200580625592278414,0.3333,0.0061,explicit_visual_uncertainty
PHL1800_IRFL_0350,F1255,PHL1800_IRFL_0350.jpg,IRFL,positive,46312650813101219324985968856531084062012422518988915518408962065665248529919,0.3333,0.0085,explicit_visual_uncertainty
PHL1800_IRFL_0360,F0090,PHL1800_IRFL_0360.jpg,IRFL,positive,87925328526433560980507553782574243798498650057105551526941783971699835100058,0.3333,0.0061,explicit_visual_uncertainty
PHL1800_IRFL_0364,F1555,PHL1800_IRFL_0364.jpg,IRFL,positive,93038576622695556365957607079519182458147447655214194080084540417459187008763,0.3333,0.0074,explicit_visual_uncertainty
PHL1800_IRFL_0368,F0945,PHL1800_IRFL_0368.jpg,IRFL,positive,46582895568644731093560026204214509993440554949247084738662401516732321558127,0.3333,0.0079,explicit_visual_uncertainty
PHL1800_IRFL_0377,F0919,PHL1800_IRFL_0377.jpg,IRFL,positive,36201612225195257031841091672935254301585934682870674193100186472403298984832,0.3333,0.007,explicit_visual_uncertainty
PHL1800_IRFL_0380,F0567,PHL1800_IRFL_0380.jpg,IRFL,positive,91441244466594252713641756970588409231758971702317595825228704421949857831625,0.3333,0.0083,explicit_visual_uncertainty
PHL1800_IRFL_0389,F1537,PHL1800_IRFL_0389.jpg,IRFL,positive,35436444124472480570154380234741955439112641788959544903301853981776605878176,0.3333,0.0067,explicit_visual_uncertainty
PHL1800_IRFL_0395,F1040,PHL1800_IRFL_0395.jpg,IRFL,positive,50908992185868015316444626655269453254203882525322095047452018408706843159715,0.3333,0.0086,explicit_visual_uncertainty
PHL1800_IRFL_0399,F1742,PHL1800_IRFL_0399.jpg,IRFL,positive,43150804168616952620630157677326809783666105284585545764692685504023177800466,0.3333,0.0083,explicit_visual_uncertainty
PHL1800_IRFL_0402,F0399,PHL1800_IRFL_0402.jpg,IRFL,positive,8987047560125416804072845244319537418679611010297981135490993160382052208357,0.3333,0.008,explicit_visual_uncertainty
PHL1800_IRFL_0407,F0178,PHL1800_IRFL_0407.jpg,IRFL,positive,87061148448070119789093374034050190201318580072320089637214096952195107999214,0.3333,0.0067,explicit_visual_uncertainty
PHL1800_IRFL_0410,F0475,PHL1800_IRFL_0410.jpg,IRFL,positive,115009869749392238764302535013104649930512747065244352698914977670667420135309,0.3333,0.0088,explicit_visual_uncertainty
PHL1800_IRFL_0413,F0980,PHL1800_IRFL_0413.jpg,IRFL,positive,1334037745851395418521278742076148602408191864468835679380615246551023508733,0.3333,0.0075,explicit_visual_uncertainty
PHL1800_IRFL_0418,F0907,PHL1800_IRFL_0418.jpg,IRFL,positive,60630931039507635587558631328117256163588535509938016167406775037133719772794,0.3333,0.0059,explicit_visual_uncertainty
PHL1800_IRFL_0493,F1070,PHL1800_IRFL_0493.jpg,IRFL,boundary,20608123415858306708398233600696261995897716225696370915566559989850019300554,0.3333,0.0071,explicit_visual_uncertainty
PHL1800_IRFL_0497,F1145,PHL1800_IRFL_0497.jpg,IRFL,boundary,5922875665634037808640539064896215513304462124347574413452322931297082139616,0.3333,0.0062,explicit_visual_uncertainty
PHL1800_IRFL_0499,F0092,PHL1800_IRFL_0499.jpg,IRFL,boundary,36097819966393927462083922240697487546283617523155350708897839991151000311673,0.3333,0.0081,explicit_visual_uncertainty
PHL1800_IRFL_0425,F0707,PHL1800_IRFL_0425.jpg,IRFL,boundary,66425500508508452872845032393321357625033548483457200101863125985470948326470,0.3571,0.0338,precise_count_claim
PHL1800_IRFL_0296,F1441,PHL1800_IRFL_0296.jpg,IRFL,positive,100834770897103369990402436338634823733438282112244321076212058481129185072828,0.5,0.0068,explicit_visual_uncertainty
PHL1800_IRFL_0306,F0045,PHL1800_IRFL_0306.jpg,IRFL,positive,86373838632770495663781863925471719591699064136715395433880007042026939819185,0.5,0.0075,explicit_visual_uncertainty
PHL1800_IRFL_0307,F1394,PHL1800_IRFL_0307.jpg,IRFL,positive,22875362801759621975076939042957490750716890178053628608143446049628645679990,0.5,0.0067,precise_count_claim
PHL1800_IRFL_0324,F0491,PHL1800_IRFL_0324.jpg,IRFL,positive,33433552651616547261835577750015251258745381331346103289689923246669339523251,0.5,0.0055,precise_count_claim;explicit_visual_uncertainty
PHL1800_IRFL_0326,F0297,PHL1800_IRFL_0326.jpg,IRFL,positive,15411859617439564347585453937499825216509447067234005581070164940210865522225,0.5,0.0061,explicit_visual_uncertainty
PHL1800_IRFL_0490,F1561,PHL1800_IRFL_0490.jpg,IRFL,boundary,48990007571312491964794298087867110699518548376233104981635955132744372279700,0.5,0.0063,explicit_visual_uncertainty
PHL1800_IRFL_0491,F0140,PHL1800_IRFL_0491.jpg,IRFL,boundary,70449200055904060056716689334358873087429419043821264475710242770595840712959,0.5,0.0071,explicit_visual_uncertainty
PHL1800_IRFL_0495,F1217,PHL1800_IRFL_0495.jpg,IRFL,boundary,27695729941013889099198285699267766236416809112931603037597160954993587146598,0.5,0.0076,explicit_visual_uncertainty
PHL1800_IRFL_0369,F0886,PHL1800_IRFL_0369.jpg,IRFL,positive,8173596240098609835390703864341543541362162998882705314590283154583197548865,0.6667,0.0134,explicit_visual_uncertainty
PHL1800_IRFL_0373,F1340,PHL1800_IRFL_0373.jpg,IRFL,positive,89350207084845531392097516918573253515121312028412877661990559287666149698341,0.6667,0.0113,explicit_visual_uncertainty
PHL1800_IRFL_0409,F1489,PHL1800_IRFL_0409.jpg,IRFL,positive,85228755018973519573604077356213175135419594786182238477539375221385483592666,0.6667,0.013,explicit_visual_uncertainty
PHL1800_IRFL_0351,F0158,PHL1800_IRFL_0351.jpg,IRFL,positive,60448038267659386386158403808475429793282459919049947575318932233505798907486,1.0,0.0154,explicit_visual_uncertainty
PHL1800_IRFL_0488,F0025,PHL1800_IRFL_0488.jpg,IRFL,boundary,86985435786841977930426314690731992515783329691419154503264761371254429565853,1.0,0.0163,explicit_visual_uncertainty
PHL1800_MM_0003,F1086,PHL1800_MM_0003.jpg,MM-MoralBench,positive,209,,,explicit_visual_uncertainty;action_contains_intent_inference
PHL1800_MM_0007,F1453,PHL1800_MM_0007.jpg,MM-MoralBench,positive,2123,,,explicit_visual_uncertainty
PHL1800_MM_0013,F0831,PHL1800_MM_0013.jpg,MM-MoralBench,positive,1329,,,explicit_visual_uncertainty
PHL1800_MM_0016,F0775,PHL1800_MM_0016.jpg,MM-MoralBench,positive,1390,,,explicit_visual_uncertainty
PHL1800_MM_0018,F1480,PHL1800_MM_0018.jpg,MM-MoralBench,positive,1568,,,explicit_visual_uncertainty
PHL1800_MM_0020,F0839,PHL1800_MM_0020.jpg,MM-MoralBench,positive,1440,,,explicit_visual_uncertainty
PHL1800_MM_0022,F1163,PHL1800_MM_0022.jpg,MM-MoralBench,positive,1428,,,specific_OCR_claim;explicit_visual_uncertainty
PHL1800_MM_0023,F0840,PHL1800_MM_0023.jpg,MM-MoralBench,positive,1499,,,explicit_visual_uncertainty
PHL1800_MM_0026,F0809,PHL1800_MM_0026.jpg,MM-MoralBench,positive,1386,,,specific_OCR_claim
PHL1800_MM_0027,F0797,PHL1800_MM_0027.jpg,MM-MoralBench,positive,1361,,,explicit_visual_uncertainty
PHL1800_MM_0028,F1799,PHL1800_MM_0028.jpg,MM-MoralBench,positive,1418,,,explicit_visual_uncertainty
PHL1800_MM_0029,F0561,PHL1800_MM_0029.jpg,MM-MoralBench,positive,1583,,,explicit_visual_uncertainty
PHL1800_MM_0030,F0284,PHL1800_MM_0030.jpg,MM-MoralBench,positive,1466,,,explicit_visual_uncertainty
PHL1800_MM_0031,F1058,PHL1800_MM_0031.jpg,MM-MoralBench,positive,1555,,,explicit_visual_uncertainty
PHL1800_MM_0032,F1733,PHL1800_MM_0032.jpg,MM-MoralBench,positive,1350,,,explicit_visual_uncertainty
PHL1800_MM_0034,F0897,PHL1800_MM_0034.jpg,MM-MoralBench,positive,1348,,,explicit_visual_uncertainty
PHL1800_MM_0039,F0615,PHL1800_MM_0039.jpg,MM-MoralBench,positive,189,,,explicit_visual_uncertainty
PHL1800_MM_0040,F1152,PHL1800_MM_0040.jpg,MM-MoralBench,positive,548,,,explicit_visual_uncertainty
PHL1800_MM_0041,F0133,PHL1800_MM_0041.jpg,MM-MoralBench,positive,67,,,specific_OCR_claim;explicit_visual_uncertainty
PHL1800_MM_0045,F0438,PHL1800_MM_0045.jpg,MM-MoralBench,positive,467,,,explicit_visual_uncertainty
PHL1800_MM_0046,F0319,PHL1800_MM_0046.jpg,MM-MoralBench,positive,172,,,explicit_visual_uncertainty
PHL1800_MM_0048,F0838,PHL1800_MM_0048.jpg,MM-MoralBench,positive,117,,,explicit_visual_uncertainty
PHL1800_MM_0049,F0412,PHL1800_MM_0049.jpg,MM-MoralBench,positive,411,,,explicit_visual_uncertainty
PHL1800_MM_0051,F1416,PHL1800_MM_0051.jpg,MM-MoralBench,positive,9,,,explicit_visual_uncertainty
PHL1800_MM_0052,F0069,PHL1800_MM_0052.jpg,MM-MoralBench,positive,300,,,explicit_visual_uncertainty
PHL1800_MM_0053,F0340,PHL1800_MM_0053.jpg,MM-MoralBench,positive,475,,,explicit_visual_uncertainty
PHL1800_MM_0055,F1044,PHL1800_MM_0055.jpg,MM-MoralBench,positive,479,,,explicit_visual_uncertainty
PHL1800_MM_0056,F1569,PHL1800_MM_0056.jpg,MM-MoralBench,positive,164,,,explicit_visual_uncertainty
PHL1800_MM_0058,F1226,PHL1800_MM_0058.jpg,MM-MoralBench,positive,796,,,explicit_visual_uncertainty
PHL1800_MM_0059,F0754,PHL1800_MM_0059.jpg,MM-MoralBench,positive,943,,,explicit_visual_uncertainty
PHL1800_MM_0060,F0022,PHL1800_MM_0060.jpg,MM-MoralBench,positive,834,,,explicit_visual_uncertainty
PHL1800_MM_0061,F1476,PHL1800_MM_0061.jpg,MM-MoralBench,positive,865,,,explicit_visual_uncertainty
PHL1800_MM_0063,F0888,PHL1800_MM_0063.jpg,MM-MoralBench,positive,947,,,explicit_visual_uncertainty
PHL1800_MM_0064,F0937,PHL1800_MM_0064.jpg,MM-MoralBench,positive,777,,,specific_OCR_claim
PHL1800_MM_0065,F0537,PHL1800_MM_0065.jpg,MM-MoralBench,positive,650,,,explicit_visual_uncertainty
PHL1800_MM_0066,F1280,PHL1800_MM_0066.jpg,MM-MoralBench,positive,751,,,explicit_visual_uncertainty
PHL1800_MM_0068,F1096,PHL1800_MM_0068.jpg,MM-MoralBench,positive,747,,,explicit_visual_uncertainty
PHL1800_MM_0069,F1617,PHL1800_MM_0069.jpg,MM-MoralBench,positive,764,,,explicit_visual_uncertainty
PHL1800_MM_0071,F1079,PHL1800_MM_0071.jpg,MM-MoralBench,positive,736,,,explicit_visual_uncertainty
PHL1800_MM_0075,F1164,PHL1800_MM_0075.jpg,MM-MoralBench,positive,875,,,explicit_visual_uncertainty
PHL1800_MM_0079,F1513,PHL1800_MM_0079.jpg,MM-MoralBench,positive,734,,,explicit_visual_uncertainty
PHL1800_MM_0082,F0799,PHL1800_MM_0082.jpg,MM-MoralBench,positive,2251,,,explicit_visual_uncertainty
PHL1800_MM_0083,F0885,PHL1800_MM_0083.jpg,MM-MoralBench,positive,2158,,,explicit_visual_uncertainty
PHL1800_MM_0087,F0816,PHL1800_MM_0087.jpg,MM-MoralBench,positive,2274,,,explicit_visual_uncertainty
PHL1800_MM_0089,F0219,PHL1800_MM_0089.jpg,MM-MoralBench,positive,2020,,,explicit_visual_uncertainty
PHL1800_MM_0094,F1178,PHL1800_MM_0094.jpg,MM-MoralBench,positive,2001,,,explicit_visual_uncertainty
PHL1800_MM_0096,F1587,PHL1800_MM_0096.jpg,MM-MoralBench,positive,2096,,,explicit_visual_uncertainty
PHL1800_MM_0097,F0588,PHL1800_MM_0097.jpg,MM-MoralBench,positive,2269,,,specific_OCR_claim;explicit_visual_uncertainty
PHL1800_MM_0098,F0967,PHL1800_MM_0098.jpg,MM-MoralBench,positive,2224,,,explicit_visual_uncertainty
PHL1800_MM_0101,F0128,PHL1800_MM_0101.jpg,MM-MoralBench,positive,2069,,,explicit_visual_uncertainty
PHL1800_MM_0102,F1109,PHL1800_MM_0102.jpg,MM-MoralBench,positive,2132,,,explicit_visual_uncertainty
PHL1800_MM_0103,F1678,PHL1800_MM_0103.jpg,MM-MoralBench,positive,1041,,,precise_count_claim;explicit_visual_uncertainty
PHL1800_MM_0106,F1088,PHL1800_MM_0106.jpg,MM-MoralBench,positive,986,,,explicit_visual_uncertainty
PHL1800_MM_0108,F0557,PHL1800_MM_0108.jpg,MM-MoralBench,positive,1044,,,explicit_visual_uncertainty
PHL1800_MM_0110,F1757,PHL1800_MM_0110.jpg,MM-MoralBench,positive,1296,,,explicit_visual_uncertainty
PHL1800_MM_0114,F1186,PHL1800_MM_0114.jpg,MM-MoralBench,positive,1124,,,specific_OCR_claim;explicit_visual_uncertainty
PHL1800_MM_0115,F1630,PHL1800_MM_0115.jpg,MM-MoralBench,positive,1085,,,explicit_visual_uncertainty
PHL1800_MM_0120,F1544,PHL1800_MM_0120.jpg,MM-MoralBench,positive,1170,,,specific_OCR_claim
PHL1800_MM_0121,F1433,PHL1800_MM_0121.jpg,MM-MoralBench,positive,1203,,,explicit_visual_uncertainty
PHL1800_MM_0122,F0494,PHL1800_MM_0122.jpg,MM-MoralBench,positive,1210,,,specific_OCR_claim
PHL1800_MM_0125,F0083,PHL1800_MM_0125.jpg,MM-MoralBench,positive,1135,,,explicit_visual_uncertainty
PHL1800_MM_0129,F1369,PHL1800_MM_0129.jpg,MM-MoralBench,positive,1663,,,precise_count_claim
PHL1800_MM_0130,F1045,PHL1800_MM_0130.jpg,MM-MoralBench,positive,1754,,,explicit_visual_uncertainty
PHL1800_MM_0132,F1155,PHL1800_MM_0132.jpg,MM-MoralBench,positive,1956,,,explicit_visual_uncertainty
PHL1800_MM_0133,F1209,PHL1800_MM_0133.jpg,MM-MoralBench,positive,1725,,,explicit_visual_uncertainty
PHL1800_MM_0134,F0846,PHL1800_MM_0134.jpg,MM-MoralBench,positive,1964,,,explicit_visual_uncertainty
PHL1800_MM_0136,F0800,PHL1800_MM_0136.jpg,MM-MoralBench,positive,1758,,,explicit_visual_uncertainty
PHL1800_MM_0139,F1310,PHL1800_MM_0139.jpg,MM-MoralBench,positive,1845,,,explicit_visual_uncertainty
PHL1800_MM_0140,F0163,PHL1800_MM_0140.jpg,MM-MoralBench,positive,1943,,,explicit_visual_uncertainty
PHL1800_MM_0141,F0723,PHL1800_MM_0141.jpg,MM-MoralBench,positive,1698,,,explicit_visual_uncertainty
PHL1800_MM_0145,F1632,PHL1800_MM_0145.jpg,MM-MoralBench,positive,1666,,,precise_count_claim
PHL1800_MM_0146,F0125,PHL1800_MM_0146.jpg,MM-MoralBench,positive,1879,,,precise_count_claim
PHL1800_MM_0149,F0896,PHL1800_MM_0149.jpg,MM-MoralBench,positive,1770,,,explicit_visual_uncertainty
