Concept ID,Macro Dimension,Subdomain,Tradition / School,Philosophical Concept,Symbolic Keywords,Visual Evidence Patterns,Visual Inferability,Temporal Requirement,Grounding Rule,Maslow Relevance (Auxiliary),SEP Relationship,SEP Entry,SEP URL,Source Accessed,Ontology Status
PHC-001,Ontology,Being & Existence,Arabic Philosophy,Essence and Existence (Avicenna / Ibn Sīnā),Existence precedes essence (in a sense); necessary vs contingent,Blueprint and building; script and performed play; seed and grown tree; design and object,symbol_mediated,snapshot,Treat the anchor as a culturally contingent cue and state the anchor-to-symbol rationale.,not_applicable,related,Stanford Encyclopedia of Philosophy: Ibn Sina: metaphysics,https://plato.stanford.edu/entries/ibn-sina-metaphysics/,2026-09-09,candidate
PHC-002,Ontology,Being & Existence,Buddhist Philosophy,Dependent Origination / Pratītyasamutpāda (Buddha),Conditioned co-arising; mutual dependence; non-independence,Domino chain; spiderweb nodes; gear linkage; inter-knotted rope,symbol_mediated,snapshot,Treat the anchor as a culturally contingent cue and state the anchor-to-symbol rationale.,not_applicable,thinker_or_tradition,Stanford Encyclopedia of Philosophy: Buddha,https://plato.stanford.edu/entries/buddha/,2026-09-09,ontology_only
PHC-003,Ontology,Being & Existence,Buddhist Philosophy,Emptiness / Śūnyatā (Nāgārjuna),No self-nature; dependent origination; non-substantiality,Rainbow's illusory colour; mirror-flower-moon; bursting bubble; shadow without substance,symbol_mediated,snapshot,Treat the anchor as a culturally contingent cue and state the anchor-to-symbol rationale.,not_applicable,related,Stanford Encyclopedia of Philosophy: Nāgārjuna,https://plato.stanford.edu/entries/nagarjuna/,2026-09-09,candidate
PHC-004,Ontology,Being & Existence,Buddhist Philosophy,Nirvāṇa (Buddha),Extinction; transcendence of saṃsāra; ultimate peace,Extinguished candle; still lake-surface; dispersed mist; silent bell-tone,symbol_mediated,snapshot,Treat the anchor as a culturally contingent cue and state the anchor-to-symbol rationale.,not_applicable,thinker_or_tradition,Stanford Encyclopedia of Philosophy: Buddha,https://plato.stanford.edu/entries/buddha/,2026-09-09,ontology_only
PHC-005,Ontology,Being & Existence,Buddhist Philosophy,Saṃsāra (Buddha),Cyclic wandering; birth-death cycle; karmic driving,Turning wheel; seasonal cycle; evaporation-rain cycle; meshed gear-loop,symbol_mediated,snapshot,Treat the anchor as a culturally contingent cue and state the anchor-to-symbol rationale.,not_applicable,thinker_or_tradition,Stanford Encyclopedia of Philosophy: Buddha,https://plato.stanford.edu/entries/buddha/,2026-09-09,ontology_only
PHC-006,Ontology,Being & Existence,Chinese Philosophy,Dao / Way (Laozi),Formless source; self-so; ineffable,Ink-washed blank space; formless wind; water flowing around stone; mist-veiled valley,symbol_mediated,snapshot,Treat the anchor as a culturally contingent cue and state the anchor-to-symbol rationale.,not_applicable,related,Stanford Encyclopedia of Philosophy: Laozi,https://plato.stanford.edu/entries/laozi/,2026-09-09,candidate
PHC-007,Ontology,Being & Existence,Chinese Philosophy,Non-being / Wu (Laozi),Void; formless-nameless; origin of myriad things,Blank canvas; unpainted rice-paper; silent darkness; empty vessel,symbol_mediated,snapshot,Treat the anchor as a culturally contingent cue and state the anchor-to-symbol rationale.,not_applicable,related,Stanford Encyclopedia of Philosophy: metaphysics,https://plato.stanford.edu/entries/chinese-metaphysics/,2026-09-09,candidate
PHC-008,Ontology,Being & Existence,Existentialism,Existence Precedes Essence (Sartre),Existing before defining; no preset nature,Wrinkled newborn; formless clay; blank CV; empty script page; opened notebook,symbol_mediated,snapshot,Treat the anchor as a culturally contingent cue and state the anchor-to-symbol rationale.,not_applicable,related,"Stanford Encyclopedia of Philosophy: Sartre, Jean-Paul",https://plato.stanford.edu/entries/sartre/,2026-09-09,candidate
PHC-009,Ontology,Being & Existence,Phenomenology,"Being (Parmenides, Heidegger)",Presence; truth; ground; ultimate reality,Inextinguishable flame; constant starry sky; unchangeable horizon; solid bedrock,symbol_mediated,snapshot,Treat the anchor as a culturally contingent cue and state the anchor-to-symbol rationale.,not_applicable,related,Stanford Encyclopedia of Philosophy: existence,https://plato.stanford.edu/entries/existence/,2026-09-09,candidate
PHC-010,Ontology,Being & Existence,Phenomenology,Being-in-the-World (Heidegger),Thrownness; situatedness; entangled with world,Chess piece on board; pedestrian in rain; traveller in fog; thread in fabric,symbol_mediated,snapshot,Treat the anchor as a culturally contingent cue and state the anchor-to-symbol rationale.,not_applicable,related,"Stanford Encyclopedia of Philosophy: Heidegger, Martin",https://plato.stanford.edu/entries/heidegger/,2026-09-09,candidate
PHC-011,Ontology,Being & Existence,Phenomenology,Ekstasis (Heidegger),Beyond-itself; outward projection; leaving enclosure,Flame spreading outward; light piercing dark; seed bursting shell; vine out the window,symbol_mediated,snapshot,Treat the anchor as a culturally contingent cue and state the anchor-to-symbol rationale.,not_applicable,thinker_or_tradition,"Stanford Encyclopedia of Philosophy: Heidegger, Martin",https://plato.stanford.edu/entries/heidegger/,2026-09-09,ontology_only
PHC-012,Ontology,Being & Existence,Phenomenology,Readiness-to-Hand (Heidegger),Serviceable; tool-like; background-embedded,Well-fitted hammer; familiar doorknob; habitual keyboard; fitting shoes,symbol_mediated,snapshot,Treat the anchor as a culturally contingent cue and state the anchor-to-symbol rationale.,not_applicable,related,"Stanford Encyclopedia of Philosophy: Heidegger, Martin",https://plato.stanford.edu/entries/heidegger/,2026-09-09,candidate
PHC-013,Ontology,"Objects, Properties & Categories",Analytic Philosophy,Abstract Objects (Frege),Non-spatiotemporal; logical reality; mind-independent,Floating number-symbols; pure geometric figures; formula-projections in air; intangible logical grid,symbol_mediated,snapshot,Treat the anchor as a culturally contingent cue and state the anchor-to-symbol rationale.,not_applicable,direct,Stanford Encyclopedia of Philosophy: abstract objects,https://plato.stanford.edu/entries/abstract-objects/,2026-09-09,candidate
PHC-014,Ontology,"Objects, Properties & Categories",Analytic Philosophy,Artefacts (Simon),Human design; function-ascription,Factory-line products; hand-made tools; architectural plans realised; compiled software,symbol_mediated,snapshot,Treat the anchor as a culturally contingent cue and state the anchor-to-symbol rationale.,self_actualization,direct,Stanford Encyclopedia of Philosophy: artifact,https://plato.stanford.edu/entries/artifact/,2026-09-09,candidate
PHC-015,Ontology,"Objects, Properties & Categories",Analytic Philosophy,Category Mistake (Ryle),Category-confusion; misplaced classification,Calling colour a weight; measuring temperature with a ruler; mistaking university for one building; mis-labelling,symbol_mediated,snapshot,Treat the anchor as a culturally contingent cue and state the anchor-to-symbol rationale.,not_applicable,direct,Stanford Encyclopedia of Philosophy: category mistakes,https://plato.stanford.edu/entries/category-mistakes/,2026-09-09,candidate
PHC-016,Ontology,"Objects, Properties & Categories",Analytic Philosophy,Colour (Locke),Perceptual quality; subjective appearance,Rainbow spectrum; palette pigments; dye-shades; neon-light colours,symbol_mediated,snapshot,Treat the anchor as a culturally contingent cue and state the anchor-to-symbol rationale.,not_applicable,direct,Stanford Encyclopedia of Philosophy: color,https://plato.stanford.edu/entries/color/,2026-09-09,candidate
PHC-017,Ontology,"Objects, Properties & Categories",Analytic Philosophy,Concepts (Frege),Abstract grasp; units of thought,Classification labels; mind-map nodes; dictionary entries; pattern-diagrams,symbol_mediated,snapshot,Treat the anchor as a culturally contingent cue and state the anchor-to-symbol rationale.,not_applicable,direct,Stanford Encyclopedia of Philosophy: concepts,https://plato.stanford.edu/entries/concepts/,2026-09-09,candidate
PHC-018,Ontology,"Objects, Properties & Categories",Analytic Philosophy,Determinables and Determinates,Determinate and determinable; range and instance,Colour-class and specific red; shape-class and specific circle; species and individual; template and fill-in,symbol_mediated,snapshot,Treat the anchor as a culturally contingent cue and state the anchor-to-symbol rationale.,not_applicable,related,Stanford Encyclopedia of Philosophy: determinates and determinables,https://plato.stanford.edu/entries/determinate-determinables/,2026-09-09,candidate
PHC-019,Ontology,"Objects, Properties & Categories",Analytic Philosophy,Facts (Wittgenstein),Established states; world-constituents; truth-bearers,Already-placed puzzle piece; frozen snapshot; signed document; settled scene,symbol_mediated,snapshot,Treat the anchor as a culturally contingent cue and state the anchor-to-symbol rationale.,not_applicable,direct,Stanford Encyclopedia of Philosophy: facts,https://plato.stanford.edu/entries/facts/,2026-09-09,candidate
PHC-020,Ontology,"Objects, Properties & Categories",Analytic Philosophy,Fictional Entities,Imaginative products; artistic fictions,Novel-character portraits; film-creature effects; stage-set illusions; animation characters,symbol_mediated,snapshot,Treat the anchor as a culturally contingent cue and state the anchor-to-symbol rationale.,not_applicable,direct,Stanford Encyclopedia of Philosophy: fictional entities,https://plato.stanford.edu/entries/fictional-entities/,2026-09-09,candidate
PHC-021,Ontology,"Objects, Properties & Categories",Analytic Philosophy,Holes,Absence; negative space; non-being-as-being,Doughnut's hole; hole in clothing; missing puzzle-piece; cheese-hole,symbol_mediated,snapshot,Treat the anchor as a culturally contingent cue and state the anchor-to-symbol rationale.,not_applicable,direct,Stanford Encyclopedia of Philosophy: holes,https://plato.stanford.edu/entries/holes/,2026-09-09,candidate
PHC-022,Ontology,"Objects, Properties & Categories",Analytic Philosophy,Intrinsic vs Extrinsic Properties (Descartes),Inner essence vs relational attribute,Apple's sweetness vs its placement; person's character vs environment; metal density vs shape; water formula vs container-shape,symbol_mediated,snapshot,Treat the anchor as a culturally contingent cue and state the anchor-to-symbol rationale.,not_applicable,direct,Stanford Encyclopedia of Philosophy: intrinsic vs. extrinsic properties,https://plato.stanford.edu/entries/intrinsic-extrinsic/,2026-09-09,candidate
PHC-023,Ontology,"Objects, Properties & Categories",Analytic Philosophy,Location and Mereology (Newton),Spatial occupation; parts and positions,Parking spaces; books on shelves; chess pieces on board; puzzle-piece placement,symbol_mediated,snapshot,Treat the anchor as a culturally contingent cue and state the anchor-to-symbol rationale.,not_applicable,direct,Stanford Encyclopedia of Philosophy: mereology,https://plato.stanford.edu/entries/mereology/,2026-09-09,candidate
PHC-024,Ontology,"Objects, Properties & Categories",Analytic Philosophy,Material Constitution (Locke),Material composition; material identity,Dough into bread; wood into table; wool into sweater; clay into pottery,symbol_mediated,snapshot,Treat the anchor as a culturally contingent cue and state the anchor-to-symbol rationale.,not_applicable,direct,Stanford Encyclopedia of Philosophy: material constitution,https://plato.stanford.edu/entries/material-constitution/,2026-09-09,candidate
PHC-025,Ontology,"Objects, Properties & Categories",Analytic Philosophy,Mereology (Leibniz),Part-whole relations; compositional structure,Puzzle pieces; Lego modular assembly; machine parts; bodily organs,symbol_mediated,snapshot,Treat the anchor as a culturally contingent cue and state the anchor-to-symbol rationale.,not_applicable,direct,Stanford Encyclopedia of Philosophy: mereology,https://plato.stanford.edu/entries/mereology/,2026-09-09,candidate
PHC-026,Ontology,"Objects, Properties & Categories",Analytic Philosophy,Natural Kinds (Locke),Natural categories; intrinsic commonality,Same mineral crystals; same plant leaves; same animal skeletal structure; periodic-table families,symbol_mediated,snapshot,Treat the anchor as a culturally contingent cue and state the anchor-to-symbol rationale.,not_applicable,direct,Stanford Encyclopedia of Philosophy: natural kinds,https://plato.stanford.edu/entries/natural-kinds/,2026-09-09,candidate
PHC-027,Ontology,"Objects, Properties & Categories",Analytic Philosophy,Natural Properties (Hume),Empirical properties; observable features,Colour shades; texture coarseness; pitch; scent intensity,symbol_mediated,snapshot,Treat the anchor as a culturally contingent cue and state the anchor-to-symbol rationale.,not_applicable,direct,Stanford Encyclopedia of Philosophy: natural,https://plato.stanford.edu/entries/natural-properties/,2026-09-09,candidate
PHC-028,Ontology,"Objects, Properties & Categories",Analytic Philosophy,Non-existent Objects (Meinong),Fictional beings; reference without object,Unicorn in fairy-tale; phoenix legend; dream-scenes; city in novel,symbol_mediated,snapshot,Treat the anchor as a culturally contingent cue and state the anchor-to-symbol rationale.,not_applicable,related,Stanford Encyclopedia of Philosophy: nonexistent objects,https://plato.stanford.edu/entries/nonexistent-objects/,2026-09-09,candidate
PHC-029,Ontology,"Objects, Properties & Categories",Analytic Philosophy,Objects (Wittgenstein),Units of reference; logical atoms; independent elements,Scattered Lego bricks; periodic-table cells; alphabet letters; single puzzle-piece,symbol_mediated,snapshot,Treat the anchor as a culturally contingent cue and state the anchor-to-symbol rationale.,not_applicable,thinker_or_tradition,"Stanford Encyclopedia of Philosophy: Wittgenstein, Ludwig",https://plato.stanford.edu/entries/wittgenstein/,2026-09-09,ontology_only
PHC-030,Ontology,"Objects, Properties & Categories",Analytic Philosophy,Ordinary Objects (Austin),Common-sense objects; everyday experiential items,Cup on table; roadside stone; keys in hand; flowerpot on sill,symbol_mediated,snapshot,Treat the anchor as a culturally contingent cue and state the anchor-to-symbol rationale.,not_applicable,direct,Stanford Encyclopedia of Philosophy: ordinary objects,https://plato.stanford.edu/entries/ordinary-objects/,2026-09-09,candidate
PHC-031,Ontology,"Objects, Properties & Categories",Analytic Philosophy,Particulars (Ockham),Individual; single instance; non-universal,Unique snowflake; specific coin; concrete person; particular stone,symbol_mediated,snapshot,Treat the anchor as a culturally contingent cue and state the anchor-to-symbol rationale.,self_actualization,contextual,Stanford Encyclopedia of Philosophy: metaphysics,https://plato.stanford.edu/entries/metaphysics/,2026-09-09,ontology_only
PHC-032,Ontology,"Objects, Properties & Categories",Analytic Philosophy,Possible Objects (Meinong),Potential existents; not-yet-realised,Undrawn sketch; unbuilt blueprint-model; unhatched egg; unopened seed,symbol_mediated,snapshot,Treat the anchor as a culturally contingent cue and state the anchor-to-symbol rationale.,not_applicable,related,Stanford Encyclopedia of Philosophy: nonexistent objects,https://plato.stanford.edu/entries/nonexistent-objects/,2026-09-09,candidate
PHC-033,Ontology,"Objects, Properties & Categories",Analytic Philosophy,Sortal Terms (Aristotle),Category labels; classifying vocabulary,Animal-classification names; botanical-name tags; mineral-cards; dictionary part-of-speech labels,symbol_mediated,snapshot,Treat the anchor as a culturally contingent cue and state the anchor-to-symbol rationale.,not_applicable,thinker_or_tradition,Stanford Encyclopedia of Philosophy: Aristotle,https://plato.stanford.edu/entries/aristotle/,2026-09-09,ontology_only
PHC-034,Ontology,"Objects, Properties & Categories",Analytic Philosophy,Sounds,Vibratory propagation; auditory phenomenon,Tuning-fork vibration; speaker-membrane; valley-echo; ripple-like sound-waves,symbol_mediated,snapshot,Treat the anchor as a culturally contingent cue and state the anchor-to-symbol rationale.,not_applicable,direct,Stanford Encyclopedia of Philosophy: sounds,https://plato.stanford.edu/entries/sounds/,2026-09-09,candidate
PHC-035,Ontology,"Objects, Properties & Categories",Analytic Philosophy,States of Affairs (Wittgenstein),Possible configurations; skeleton of facts; points in logical space,Possible block arrangements; point on coordinate system; Lego-step; chemical structure formula,symbol_mediated,snapshot,Treat the anchor as a culturally contingent cue and state the anchor-to-symbol rationale.,not_applicable,direct,Stanford Encyclopedia of Philosophy: states of affairs,https://plato.stanford.edu/entries/states-of-affairs/,2026-09-09,candidate
PHC-036,Ontology,"Objects, Properties & Categories",Analytic Philosophy,Truth-makers (Armstrong),Entities that make propositions true; grounds of truth,Key material evidence; scale-weights; scene behind photo; signature-owner,symbol_mediated,snapshot,Treat the anchor as a culturally contingent cue and state the anchor-to-symbol rationale.,not_applicable,direct,Stanford Encyclopedia of Philosophy: truthmakers,https://plato.stanford.edu/entries/truthmakers/,2026-09-09,candidate
PHC-037,Ontology,"Objects, Properties & Categories",Analytic Philosophy,Truth-value (Frege),Correspondence with fact; propositional truth/falsity,Tick and cross; balance-point; verification-pass; mirror showing actual,not_image_decidable,snapshot,"Do not assign from a single image without decisive text, provenance, or task context.",not_applicable,thinker_or_tradition,"Stanford Encyclopedia of Philosophy: Frege, Gottlob",https://plato.stanford.edu/entries/frege/,2026-09-09,ontology_only
PHC-038,Ontology,"Objects, Properties & Categories",Analytic Philosophy,Type and Token (Peirce),Type vs instance; template vs print,Font-matrix vs printed letters; score vs each performance; mould vs cast product; original vs copy,symbol_mediated,snapshot,Treat the anchor as a culturally contingent cue and state the anchor-to-symbol rationale.,not_applicable,direct,Stanford Encyclopedia of Philosophy: types and tokens,https://plato.stanford.edu/entries/types-tokens/,2026-09-09,candidate
PHC-039,Ontology,"Objects, Properties & Categories",Ancient Greek Philosophy,Abstract Objects (Plato),Forms; archetypes; non-material; eternal models,Cave paintings; floating mathematical formulae; geometric projections; intangible outlines,symbol_mediated,snapshot,Treat the anchor as a culturally contingent cue and state the anchor-to-symbol rationale.,not_applicable,direct,Stanford Encyclopedia of Philosophy: abstract objects,https://plato.stanford.edu/entries/abstract-objects/,2026-09-09,candidate
PHC-040,Ontology,"Objects, Properties & Categories",Ancient Greek Philosophy,Ancient Atomism (Democritus),Smallest units; indivisibility; void and plenum,Scattered sand grains; floating particles; puzzle pieces; microscope-visible granules,symbol_mediated,snapshot,Treat the anchor as a culturally contingent cue and state the anchor-to-symbol rationale.,not_applicable,direct,Stanford Encyclopedia of Philosophy: ancient,https://plato.stanford.edu/entries/atomism-ancient/,2026-09-09,candidate
PHC-041,Ontology,"Objects, Properties & Categories",Ancient Greek Philosophy,Essential vs Accidental Properties (Aristotle),Essence vs accident; necessary attributes; core vs surface,Apple's redness and sweetness; statue's material and posture; tree rings and bark; facial bone structure vs expression,symbol_mediated,snapshot,Treat the anchor as a culturally contingent cue and state the anchor-to-symbol rationale.,not_applicable,direct,Stanford Encyclopedia of Philosophy: essential vs. accidental properties,https://plato.stanford.edu/entries/essential-accidental/,2026-09-09,candidate
PHC-042,Ontology,"Objects, Properties & Categories",Ancient Greek Philosophy,Form and Matter (Aristotle),Matter receiving form; shaping and being shaped,Clay and potter's wheel; marble and chisel; dough and mould; bronze and cast,symbol_mediated,snapshot,Treat the anchor as a culturally contingent cue and state the anchor-to-symbol rationale.,not_applicable,direct,Stanford Encyclopedia of Philosophy: form vs. matter,https://plato.stanford.edu/entries/form-matter/,2026-09-09,candidate
PHC-043,Ontology,"Objects, Properties & Categories",Ancient Greek Philosophy,Substance (Aristotle),Independent existence; ground; bearer of properties,Load-bearing pillar; trunk supporting crown; ship's keel; foundation and building,symbol_mediated,snapshot,Treat the anchor as a culturally contingent cue and state the anchor-to-symbol rationale.,not_applicable,direct,Stanford Encyclopedia of Philosophy: substance,https://plato.stanford.edu/entries/substance/,2026-09-09,candidate
PHC-044,Ontology,"Objects, Properties & Categories",Medieval Philosophy,Conceptualism (Abelard),Mental image; conception; tacit grasp,Red imagined with eyes closed; inner silent speech; blurred dream face; solitary inner monologue; imagined city,symbol_mediated,snapshot,Treat the anchor as a culturally contingent cue and state the anchor-to-symbol rationale.,not_applicable,related,Stanford Encyclopedia of Philosophy: the medieval problem of,https://plato.stanford.edu/entries/universals-medieval/,2026-09-09,candidate
PHC-045,Ontology,"Objects, Properties & Categories",Medieval Philosophy,Extreme Realism (Anselm),Archetype; prototype; pre-existing form,Blueprint before building; mould shaping clay; seal on wax; root to branch; master copy to duplicates,symbol_mediated,snapshot,Treat the anchor as a culturally contingent cue and state the anchor-to-symbol rationale.,not_applicable,related,Stanford Encyclopedia of Philosophy: the medieval problem of,https://plato.stanford.edu/entries/universals-medieval/,2026-09-09,candidate
PHC-046,Ontology,"Objects, Properties & Categories",Medieval Philosophy,Moderate Realism (Aquinas),Immanent; embodied; co-existing,Skeleton with different garments; fishbone with flesh; branches with leaves; bones in flesh; grammar in language,symbol_mediated,snapshot,Treat the anchor as a culturally contingent cue and state the anchor-to-symbol rationale.,not_applicable,related,Stanford Encyclopedia of Philosophy: the medieval problem of,https://plato.stanford.edu/entries/universals-medieval/,2026-09-09,candidate
PHC-047,Ontology,"Objects, Properties & Categories",Medieval Philosophy,"Nominalism (Roscelin, Ockham)",Empty name; mere label; no reality,Paper scraps blown in wind; moving lips without sound; empty envelope; nameplate with no sitter; label on empty can,symbol_mediated,snapshot,Treat the anchor as a culturally contingent cue and state the anchor-to-symbol rationale.,not_applicable,related,Stanford Encyclopedia of Philosophy: in metaphysics,https://plato.stanford.edu/entries/nominalism-metaphysics/,2026-09-09,candidate
PHC-048,Ontology,"Objects, Properties & Categories",Medieval Philosophy,Problem of Universals (Porphyry),Commonality; abstract common names; individuals and kinds,Uniform-clad crowd; cookie-cutter biscuits; same-blueprint houses; duplicated stamps,symbol_mediated,snapshot,Treat the anchor as a culturally contingent cue and state the anchor-to-symbol rationale.,not_applicable,related,Stanford Encyclopedia of Philosophy: the medieval problem of,https://plato.stanford.edu/entries/universals-medieval/,2026-09-09,candidate
PHC-049,Ontology,"Objects, Properties & Categories",Medieval Philosophy,Theory of Categories (Boethius),Classificatory framework; basic kinds; orderly arrangement,Library classification labels; biological taxonomy; filing-cabinet drawers; colour-chart sections,symbol_mediated,snapshot,Treat the anchor as a culturally contingent cue and state the anchor-to-symbol rationale.,not_applicable,related,Stanford Encyclopedia of Philosophy: categories,https://plato.stanford.edu/entries/categories/,2026-09-09,candidate
PHC-050,Ontology,"Objects, Properties & Categories",Medieval Philosophy,Theory of Relations (Aquinas),Ties; bonds; interdependence,Gear interlocking; rope knotting; vine twining; circuit wiring,symbol_mediated,snapshot,Treat the anchor as a culturally contingent cue and state the anchor-to-symbol rationale.,not_applicable,thinker_or_tradition,"Stanford Encyclopedia of Philosophy: Aquinas, Thomas",https://plato.stanford.edu/entries/aquinas/,2026-09-09,ontology_only
PHC-051,Ontology,"Objects, Properties & Categories",Modern Philosophy,Attributes (Spinoza),Attached properties; modes of manifestation; essential expression,Colours refracted from light; tone colour; fragrance; tactile texture,symbol_mediated,snapshot,Treat the anchor as a culturally contingent cue and state the anchor-to-symbol rationale.,not_applicable,thinker_or_tradition,"Stanford Encyclopedia of Philosophy: Spinoza, Baruch",https://plato.stanford.edu/entries/spinoza/,2026-09-09,ontology_only
PHC-052,Ontology,"Objects, Properties & Categories",Modern Philosophy,Monad (Leibniz),Indivisible point; inner world; windowless enclosure,Crystal-ball interior; honeycomb cell; floating bubble; seed's embryo,symbol_mediated,snapshot,Treat the anchor as a culturally contingent cue and state the anchor-to-symbol rationale.,not_applicable,thinker_or_tradition,"Stanford Encyclopedia of Philosophy: Leibniz, Gottfried Wilhelm",https://plato.stanford.edu/entries/leibniz/,2026-09-09,ontology_only
PHC-053,Ontology,"Objects, Properties & Categories",Modern Philosophy,Substance (Spinoza),Self-cause; independent self-existence; ground of all,Self-luminous sun; source-spring; bedrock under foundation; deep roots,symbol_mediated,snapshot,Treat the anchor as a culturally contingent cue and state the anchor-to-symbol rationale.,not_applicable,direct,Stanford Encyclopedia of Philosophy: substance,https://plato.stanford.edu/entries/substance/,2026-09-09,candidate
PHC-054,Ontology,Identity & Persistence,Analytic Philosophy,Animalism (theory of personal identity),person as human animal; organismic continuity; biological persistence,the same living organism tracked across changes of role or appearance; a continuity record linking one human animal across time; bodily persistence contrasted with a change of memories or social identity,context_heavy,longitudinal,"Require corroborating text, provenance, sequence, or multiple independent visual anchors.",not_applicable,direct,Stanford Encyclopedia of Philosophy: animalism,https://plato.stanford.edu/entries/animalism/,2026-09-09,candidate
PHC-055,Ontology,Identity & Persistence,Analytic Philosophy,Death (Plato),Termination; boundary; limit of life,Extinguished candle; sunset's last moment; closing book; flatlining ECG,symbol_mediated,snapshot,Treat the anchor as a culturally contingent cue and state the anchor-to-symbol rationale.,physiological,direct,Stanford Encyclopedia of Philosophy: death,https://plato.stanford.edu/entries/death/,2026-09-09,candidate
PHC-056,Ontology,Identity & Persistence,Analytic Philosophy,Definition of Death (medical philosophy),Criteria for death; life-death demarcation,Medical monitor zero; legislative threshold; legal signing moment; boundary-stone,symbol_mediated,snapshot,Treat the anchor as a culturally contingent cue and state the anchor-to-symbol rationale.,physiological,direct,Stanford Encyclopedia of Philosophy: death: definition of,https://plato.stanford.edu/entries/death-definition/,2026-09-09,candidate
PHC-057,Ontology,Identity & Persistence,Analytic Philosophy,Diachronic Identity (Hume),Persistence over time; change-within-stability,Same river over time; old tree's continuous growth; city's continuity; family lineage,context_heavy,longitudinal,"Require corroborating text, provenance, sequence, or multiple independent visual anchors.",esteem,related,Stanford Encyclopedia of Philosophy: personal identity,https://plato.stanford.edu/entries/identity-personal/,2026-09-09,candidate
PHC-058,Ontology,Identity & Persistence,Analytic Philosophy,Identity (Frege),Sameness; identity-criteria; identification marks,Mirror reflection; twin comparison; fingerprint matching; barcode scan,context_heavy,longitudinal,"Require corroborating text, provenance, sequence, or multiple independent visual anchors.",esteem,direct,Stanford Encyclopedia of Philosophy: identity,https://plato.stanford.edu/entries/identity/,2026-09-09,candidate
PHC-059,Ontology,Identity & Persistence,Analytic Philosophy,Identity of Indiscernibles (Leibniz),Indiscernible = identical; fully coincident properties,Two identical drops of water; copy-pasted file; same-batch posters; cloned cells,context_heavy,longitudinal,"Require corroborating text, provenance, sequence, or multiple independent visual anchors.",esteem,direct,Stanford Encyclopedia of Philosophy: of indiscernibles,https://plato.stanford.edu/entries/identity-indiscernible/,2026-09-09,candidate
PHC-060,Ontology,Identity & Persistence,Analytic Philosophy,Personal Identity (Locke),Continuous self; memory-chain; diachronic unity,String of pearls; successive footprints; continuous diary pages; same river-system,context_heavy,longitudinal,"Require corroborating text, provenance, sequence, or multiple independent visual anchors.",esteem,related,Stanford Encyclopedia of Philosophy: personal identity,https://plato.stanford.edu/entries/identity-personal/,2026-09-09,candidate
PHC-061,Ontology,Identity & Persistence,Analytic Philosophy,Relative Identity,Relative criterion; category-dependent sameness,Same style in different sizes; same piece in different arrangements; same image in different resolutions; same software in different versions,context_heavy,longitudinal,"Require corroborating text, provenance, sequence, or multiple independent visual anchors.",esteem,related,Stanford Encyclopedia of Philosophy: relative,https://plato.stanford.edu/entries/identity-relative/,2026-09-09,candidate
PHC-062,Ontology,Identity & Persistence,Analytic Philosophy,Temporal Parts,Stage-segments; diachronic slices,Cross-section of sausage; tree-ring slices; single film-frame; sliced rice-cake segment,symbol_mediated,longitudinal,Treat the anchor as a culturally contingent cue and state the anchor-to-symbol rationale.,self_actualization,direct,Stanford Encyclopedia of Philosophy: temporal parts,https://plato.stanford.edu/entries/temporal-parts/,2026-09-09,candidate
PHC-063,Ontology,Identity & Persistence,Analytic Philosophy,Transworld Identity (Kripke),Identity across possible worlds; essential stability,Same character in different stills; same product in different batches; same constellation across sky; same person at different ages,context_heavy,longitudinal,"Require corroborating text, provenance, sequence, or multiple independent visual anchors.",esteem,related,Stanford Encyclopedia of Philosophy: transworld,https://plato.stanford.edu/entries/identity-transworld/,2026-09-09,candidate
PHC-064,Ontology,Identity & Persistence,Contemporary Metaphysics,Haecceitism (modal thesis),non-qualitative difference; individual identities across possibilities; haecceitistic world difference,paired possible-world diagrams holding qualitative facts fixed while individual identities are swapped; explicit cross-world identity labels or links; a captioned modal comparison rather than an ordinary image of a unique object,not_image_decidable,snapshot,"Do not assign from a single image without decisive text, provenance, or task context.",not_applicable,direct,Stanford Encyclopedia of Philosophy: haecceitism,https://plato.stanford.edu/entries/haecceitism/,2026-09-09,ontology_only
PHC-065,Ontology,Identity & Persistence,Medieval Scholastic Metaphysics,Haecceity / Thisness (principle of individuation),non-qualitative thisness; individual identity; principle of individuation,a scholastic diagram or text explicitly identifying a thisness or principle of individuation; two qualitatively indiscernible individuals distinguished only by identity labels; no fingerprint; DNA; or generic uniqueness shorthand,not_image_decidable,snapshot,"Do not assign from a single image without decisive text, provenance, or task context.",not_applicable,direct,Stanford Encyclopedia of Philosophy: haecceitism,https://plato.stanford.edu/entries/haecceitism/,2026-09-09,ontology_only
PHC-066,Ontology,Identity & Persistence,Phenomenology,Being-toward-Death (Heidegger),Existing toward end; awakening to finitude,Sandglass running out; sunset afterglow; candle burning low; countdown clock,symbol_mediated,snapshot,Treat the anchor as a culturally contingent cue and state the anchor-to-symbol rationale.,physiological; safety,related,"Stanford Encyclopedia of Philosophy: Heidegger, Martin",https://plato.stanford.edu/entries/heidegger/,2026-09-09,candidate
PHC-067,Ontology,"Modality, Chance & Possible Worlds",Analytic Philosophy,Impossible Worlds,Logically contradictory worlds; impossible scenarios,Square circle; cat both dead and alive; taller than oneself; Escher staircase,not_image_decidable,snapshot,"Do not assign from a single image without decisive text, provenance, or task context.",not_applicable,direct,Stanford Encyclopedia of Philosophy: impossible worlds,https://plato.stanford.edu/entries/impossible-worlds/,2026-09-09,ontology_only
PHC-068,Ontology,"Modality, Chance & Possible Worlds",Analytic Philosophy,Modal Metaphysics,Interweaving possible and necessary; modal judgment,Dice outcomes; possible tilt of scales; fork-choice; unopened blind box,not_image_decidable,snapshot,"Do not assign from a single image without decisive text, provenance, or task context.",not_applicable,direct,Stanford Encyclopedia of Philosophy: modal metaphysics,https://plato.stanford.edu/entries/descartes-modal/,2026-09-09,ontology_only
PHC-069,Ontology,"Modality, Chance & Possible Worlds",Analytic Philosophy,Modal Variation (David Lewis),Variation across possibilities; transworld change,Telescope focusing; gradient colour-scale; sliding control; volume-slider,symbol_mediated,snapshot,Treat the anchor as a culturally contingent cue and state the anchor-to-symbol rationale.,not_applicable,thinker_or_tradition,"Stanford Encyclopedia of Philosophy: Lewis, David",https://plato.stanford.edu/entries/david-lewis/,2026-09-09,ontology_only
PHC-070,Ontology,"Modality, Chance & Possible Worlds",Analytic Philosophy,Possibilism vs Actualism (Lewis),Debate over reality of possible vs actual; abstract vs concrete,Hologram vs physical object; blueprint vs built building; script vs real event; sketch vs finished work,symbol_mediated,snapshot,Treat the anchor as a culturally contingent cue and state the anchor-to-symbol rationale.,not_applicable,related,Stanford Encyclopedia of Philosophy: possibilism-actualism debate,https://plato.stanford.edu/entries/possibilism-actualism/,2026-09-09,candidate
PHC-071,Ontology,"Modality, Chance & Possible Worlds",Analytic Philosophy,Possible Worlds (David Lewis),Parallel realities; hypothetical branches; modal space,Multiple parallel tracks; branching timelines; mirror-room; forked paths,not_image_decidable,snapshot,"Do not assign from a single image without decisive text, provenance, or task context.",not_applicable,direct,Stanford Encyclopedia of Philosophy: possible worlds,https://plato.stanford.edu/entries/possible-worlds/,2026-09-09,ontology_only
PHC-072,Ontology,"Modality, Chance & Possible Worlds",Analytic Philosophy,Rigid Designators (Kripke),Constant reference; locking across worlds,GPS coordinates; unique ID card; anchored marker; fixed-frequency signal,symbol_mediated,snapshot,Treat the anchor as a culturally contingent cue and state the anchor-to-symbol rationale.,not_applicable,direct,Stanford Encyclopedia of Philosophy: rigid designators,https://plato.stanford.edu/entries/rigid-designators/,2026-09-09,candidate
PHC-073,Ontology,"Modality, Chance & Possible Worlds",Ancient Greek Philosophy,Aristotelian Modality,Possible vs destined; openness vs closure,Forking road; dice-throw instant; balanced scales; unopened envelope,symbol_mediated,snapshot,Treat the anchor as a culturally contingent cue and state the anchor-to-symbol rationale.,not_applicable,thinker_or_tradition,Stanford Encyclopedia of Philosophy: Aristotle,https://plato.stanford.edu/entries/aristotle/,2026-09-09,ontology_only
PHC-074,Ontology,"Modality, Chance & Possible Worlds",Metaphysics and Philosophy of Probability,Chance versus Randomness,objective chance; unpredictability; absence of a relevant pattern,dice or a lottery mechanism; repeated outcomes displayed without an evident pattern; a randomized allocation device,symbol_mediated,process,Treat the anchor as a culturally contingent cue and state the anchor-to-symbol rationale.,not_applicable,direct,Stanford Encyclopedia of Philosophy: versus randomness,https://plato.stanford.edu/entries/chance-randomness/,2026-09-09,candidate
PHC-075,Ontology,"Time, Space & Change",Analytic Philosophy,Eternalism,Four-dimensional spread; time-panorama; co-existing moments,Uncut film-reel; expanded timeline; geological strata; complete musical score,symbol_mediated,snapshot,Treat the anchor as a culturally contingent cue and state the anchor-to-symbol rationale.,not_applicable,related,Stanford Encyclopedia of Philosophy: time,https://plato.stanford.edu/entries/time/,2026-09-09,candidate
PHC-076,Ontology,"Time, Space & Change",Analytic Philosophy,Metaphysics of Change,State-transition; from-one-to-another,Ice to water; seedling to tree; dough rising; metal deforming under heat,symbol_mediated,process,Treat the anchor as a culturally contingent cue and state the anchor-to-symbol rationale.,not_applicable,thinker_or_tradition,Stanford Encyclopedia of Philosophy: Aristotle,https://plato.stanford.edu/entries/aristotle/,2026-09-09,ontology_only
PHC-077,Ontology,"Time, Space & Change",Analytic Philosophy,Presentism,Only the present; instantaneous reality; perishing past/future,Spotlight on stage; frozen shutter-frame; burning match; striking bell,symbol_mediated,snapshot,Treat the anchor as a culturally contingent cue and state the anchor-to-symbol rationale.,not_applicable,direct,Stanford Encyclopedia of Philosophy: presentism,https://plato.stanford.edu/entries/presentism/,2026-09-09,candidate
PHC-078,Ontology,"Time, Space & Change",Ancient Greek Philosophy,Aristotelian Change,Flux; transformation; from-state-to-state,Ice melting into water; caterpillar to butterfly; sunrise to sunset; seasonal turnover,symbol_mediated,process,Treat the anchor as a culturally contingent cue and state the anchor-to-symbol rationale.,not_applicable,related,Stanford Encyclopedia of Philosophy: metaphysics,https://plato.stanford.edu/entries/aristotle-metaphysics/,2026-09-09,candidate
PHC-079,Ontology,"Time, Space & Change",Ancient Greek Philosophy,Space (Aristotle),Container; extension; locational relations,Boundless plain; room's four walls; map coordinates; star-chart grid,symbol_mediated,snapshot,Treat the anchor as a culturally contingent cue and state the anchor-to-symbol rationale.,not_applicable,thinker_or_tradition,Stanford Encyclopedia of Philosophy: Aristotle,https://plato.stanford.edu/entries/aristotle/,2026-09-09,ontology_only
PHC-080,Ontology,"Time, Space & Change",Ancient Greek Philosophy,Time (Aristotle),Flow; sequence; irreversibility,Hourglass sand; pendulum swing; rushing river; calendar leaf turning,symbol_mediated,snapshot,Treat the anchor as a culturally contingent cue and state the anchor-to-symbol rationale.,not_applicable,direct,Stanford Encyclopedia of Philosophy: time,https://plato.stanford.edu/entries/time/,2026-09-09,candidate
PHC-081,Ontology,"Time, Space & Change",Chinese Philosophy,Change (I Ching / Yijing),Unending transformation; hexagram evolution; generative renewal,Turning hexagram lines; rotating compass; four-season cycle; winding water-course,symbol_mediated,process,Treat the anchor as a culturally contingent cue and state the anchor-to-symbol rationale.,not_applicable,direct,Stanford Encyclopedia of Philosophy: Chinese Philosophy: philosophy of change,https://plato.stanford.edu/entries/chinese-change/,2026-09-09,candidate
PHC-082,Ontology,"Time, Space & Change",German Idealism,Event (Hegel),Occurrence; rupture; turning point,Lightning splitting the sky; glass shattering; gear-shift jolt; volcanic eruption,symbol_mediated,snapshot,Treat the anchor as a culturally contingent cue and state the anchor-to-symbol rationale.,not_applicable,thinker_or_tradition,"Stanford Encyclopedia of Philosophy: Hegel, Georg Wilhelm Friedrich",https://plato.stanford.edu/entries/hegel/,2026-09-09,ontology_only
PHC-083,Ontology,"Time, Space & Change",German Idealism,Space (Kant),Form of intuition; co-existence; outer order,Unfolded map; chessboard layout; theatre stage plan; architectural blueprint,symbol_mediated,snapshot,Treat the anchor as a culturally contingent cue and state the anchor-to-symbol rationale.,not_applicable,thinker_or_tradition,"Stanford Encyclopedia of Philosophy: Kant, Immanuel",https://plato.stanford.edu/entries/kant/,2026-09-09,ontology_only
PHC-084,Ontology,"Time, Space & Change",German Idealism,Time (Kant),A priori form; perceptual framework; inner order,Tinted glasses; camera lens filter; coordinate grid; clock dial,symbol_mediated,snapshot,Treat the anchor as a culturally contingent cue and state the anchor-to-symbol rationale.,not_applicable,direct,Stanford Encyclopedia of Philosophy: time,https://plato.stanford.edu/entries/time/,2026-09-09,candidate
PHC-085,Ontology,"Time, Space & Change",Phenomenology,Temporality (Heidegger),Ecstatic; futural; finite unfolding,Arrow in flight; burning candle; growing vine; unfolding scroll,symbol_mediated,snapshot,Treat the anchor as a culturally contingent cue and state the anchor-to-symbol rationale.,not_applicable,thinker_or_tradition,"Stanford Encyclopedia of Philosophy: Heidegger, Martin",https://plato.stanford.edu/entries/heidegger/,2026-09-09,ontology_only
PHC-086,Ontology,"Time, Space & Change",Post-Structuralism,Becoming (Deleuze),Repetition with difference; non-identical generation,Kaleidoscopic pattern-changes; unique fingerprint lines; similar-yet-different leaves; spreading ripples,symbol_mediated,process,Treat the anchor as a culturally contingent cue and state the anchor-to-symbol rationale.,not_applicable,thinker_or_tradition,"Stanford Encyclopedia of Philosophy: Deleuze, Gilles",https://plato.stanford.edu/entries/deleuze/,2026-09-09,ontology_only
PHC-087,Ontology,"Time, Space & Change",Post-Structuralism,Event (Badiou),Rupture; truth-arrival; contingent emergence,Lightning striking; sudden insight; dice settling; spark ignition,symbol_mediated,snapshot,Treat the anchor as a culturally contingent cue and state the anchor-to-symbol rationale.,not_applicable,contextual,Stanford Encyclopedia of Philosophy: metaphysics,https://plato.stanford.edu/entries/metaphysics/,2026-09-09,ontology_only
PHC-088,Ontology,"Time, Space & Change",Process Philosophy,"Becoming (Heraclitus, Bergson)",Flux; perpetual renewal; irreversible flow,Ever-flowing river; never-still clouds; changing flame; spinning top,symbol_mediated,process,Treat the anchor as a culturally contingent cue and state the anchor-to-symbol rationale.,not_applicable,thinker_or_tradition,"Stanford Encyclopedia of Philosophy: Bergson, Henri",https://plato.stanford.edu/entries/bergson/,2026-09-09,ontology_only
PHC-089,Ontology,"Time, Space & Change",Process Philosophy,Becoming (Whitehead),Creation; in-process; dynamic formation,Clay on wheel; hatching egg; developing photo; crystallising substance,symbol_mediated,process,Treat the anchor as a culturally contingent cue and state the anchor-to-symbol rationale.,not_applicable,thinker_or_tradition,"Stanford Encyclopedia of Philosophy: Whitehead, Alfred North",https://plato.stanford.edu/entries/whitehead/,2026-09-09,ontology_only
PHC-090,Ontology,"Time, Space & Change",Process Philosophy,Event (Whitehead),Unit of occurrence; moment-whole; experiential fragment,Firework burst; shutter-captured instant; water-drop splash; single heartbeat,symbol_mediated,snapshot,Treat the anchor as a culturally contingent cue and state the anchor-to-symbol rationale.,not_applicable,thinker_or_tradition,"Stanford Encyclopedia of Philosophy: Whitehead, Alfred North",https://plato.stanford.edu/entries/whitehead/,2026-09-09,ontology_only
PHC-091,Ontology,"Time, Space & Change",Process Philosophy,Process (Whitehead),Duration; relational network; generative flow,Woven web; flowing water-sequence; melodic line; winding river-course,symbol_mediated,process,Treat the anchor as a culturally contingent cue and state the anchor-to-symbol rationale.,not_applicable,thinker_or_tradition,"Stanford Encyclopedia of Philosophy: Whitehead, Alfred North",https://plato.stanford.edu/entries/whitehead/,2026-09-09,ontology_only
PHC-092,Ontology,Causation & Dependence,Analytic Philosophy,Backward Causation,Time-reversal; effect before cause,Reversed videotape; river flowing upstream; countdown explosion preview; film rewind,context_heavy,process,"Require corroborating text, provenance, sequence, or multiple independent visual anchors.",safety,related,Stanford Encyclopedia of Philosophy: backward,https://plato.stanford.edu/entries/causation-backwards/,2026-09-09,candidate
PHC-093,Ontology,Causation & Dependence,Analytic Philosophy,Causation (Hume),Causal chain; event-succession,Dominoes; billiard-ball collisions; switch-to-light; fuse-to-explosion,context_heavy,process,"Require corroborating text, provenance, sequence, or multiple independent visual anchors.",not_applicable,thinker_or_tradition,"Stanford Encyclopedia of Philosophy: Hume, David",https://plato.stanford.edu/entries/hume/,2026-09-09,ontology_only
PHC-094,Ontology,Causation & Dependence,Analytic Philosophy,Counterfactual Theory of Causation (Lewis),If-not-then; counterfactual reasoning,Without rain; ground not wet; hypothetical branch; alternative plot-direction; hypothetical chain,context_heavy,process,"Require corroborating text, provenance, sequence, or multiple independent visual anchors.",not_applicable,direct,Stanford Encyclopedia of Philosophy: counterfactual theories of,https://plato.stanford.edu/entries/causation-counterfactual/,2026-09-09,candidate
PHC-095,Ontology,Causation & Dependence,Analytic Philosophy,Dispositions (Aristotle),Potential tendencies; conditional manifestation,Fragile glass; flammable paper; spring-elasticity; magnet-attraction,symbol_mediated,snapshot,Treat the anchor as a culturally contingent cue and state the anchor-to-symbol rationale.,not_applicable,direct,Stanford Encyclopedia of Philosophy: dispositions,https://plato.stanford.edu/entries/dispositions/,2026-09-09,candidate
PHC-096,Ontology,Causation & Dependence,Analytic Philosophy,Emergence (Broad),Level-transition; novel whole-properties,Wetness from H2O; ant-colony behaviour; neuronal consciousness; building-function from bricks,symbol_mediated,snapshot,Treat the anchor as a culturally contingent cue and state the anchor-to-symbol rationale.,not_applicable,contextual,Stanford Encyclopedia of Philosophy: metaphysics,https://plato.stanford.edu/entries/metaphysics/,2026-09-09,ontology_only
PHC-097,Ontology,Causation & Dependence,Analytic Philosophy,Emergent Properties (Broad),Whole greater than parts; level-transition,Ant-colony intelligence; water-molecules forming vortex; neurons composing consciousness; bricks forming arch,symbol_mediated,snapshot,Treat the anchor as a culturally contingent cue and state the anchor-to-symbol rationale.,not_applicable,direct,Stanford Encyclopedia of Philosophy: emergent properties,https://plato.stanford.edu/entries/properties-emergent/,2026-09-09,candidate
PHC-098,Ontology,Causation & Dependence,Analytic Philosophy,Mental Causation (Davidson),Mental triggering action; intention moving body,Thought moving arm; decision stepping out; emotion shaping expression; will driving act,context_heavy,process,"Require corroborating text, provenance, sequence, or multiple independent visual anchors.",not_applicable,direct,Stanford Encyclopedia of Philosophy: mental causation,https://plato.stanford.edu/entries/mental-causation/,2026-09-09,candidate
PHC-099,Ontology,Causation & Dependence,Analytic Philosophy,Metaphysical Grounding,Layered grounding; explanatory order,Foundation before floors; root before branches; source-code before program-run; score before performance,not_image_decidable,snapshot,"Do not assign from a single image without decisive text, provenance, or task context.",not_applicable,related,"Stanford Encyclopedia of Philosophy: grounding, metaphysical",https://plato.stanford.edu/entries/grounding/,2026-09-09,ontology_only
PHC-100,Ontology,Causation & Dependence,Analytic Philosophy,Metaphysics of Causation (Aristotle),Efficient and final causes; agent-product,Craftsman and product; seed and tree; designer and product; parent and offspring,context_heavy,process,"Require corroborating text, provenance, sequence, or multiple independent visual anchors.",not_applicable,thinker_or_tradition,Stanford Encyclopedia of Philosophy: Aristotle,https://plato.stanford.edu/entries/aristotle/,2026-09-09,ontology_only
PHC-101,Ontology,Causation & Dependence,Analytic Philosophy,Ontological Dependence (Aristotle),Dependence before self-standing; priority in existence,Shadow depends on light; ripple on water-surface; echo on sound-source; reflection on water-body,symbol_mediated,snapshot,Treat the anchor as a culturally contingent cue and state the anchor-to-symbol rationale.,not_applicable,direct,"Stanford Encyclopedia of Philosophy: dependence, ontological",https://plato.stanford.edu/entries/dependence-ontological/,2026-09-09,candidate
PHC-102,Ontology,Causation & Dependence,Analytic Philosophy,Probabilistic Causation (Reichenbach),Probabilistic correlation; non-necessary tendency,Dice-roll distribution; weather-probability cloud; lottery-likelihood; coin-toss curve,context_heavy,process,"Require corroborating text, provenance, sequence, or multiple independent visual anchors.",not_applicable,direct,Stanford Encyclopedia of Philosophy: probabilistic,https://plato.stanford.edu/entries/causation-probabilistic/,2026-09-09,candidate
PHC-103,Ontology,Causation & Dependence,Analytic Philosophy,Regularity Theory of Causation (Hume),Constant conjunction; empirical induction,Repeated sunrise/sunset; habitual causal association; statistical curve; repeated experimental results,context_heavy,process,"Require corroborating text, provenance, sequence, or multiple independent visual anchors.",not_applicable,thinker_or_tradition,"Stanford Encyclopedia of Philosophy: Hume, David",https://plato.stanford.edu/entries/hume/,2026-09-09,ontology_only
PHC-104,Ontology,Causation & Dependence,Analytic Philosophy,Supervenience (Davidson),Dependence; higher-level dependent on lower-level,Image depends on pixels; melody on notes; mood on brain-activity; pattern on colour-arrangement,symbol_mediated,snapshot,Treat the anchor as a culturally contingent cue and state the anchor-to-symbol rationale.,not_applicable,direct,Stanford Encyclopedia of Philosophy: supervenience,https://plato.stanford.edu/entries/supervenience/,2026-09-09,candidate
PHC-105,Ontology,Causation & Dependence,Arabic Philosophy,Causality (Avicenna),Causal chain; necessary triggering; regress of causes,Dominoes falling; billiard-ball collisions; match to fuse; gear-transmission chain,symbol_mediated,snapshot,Treat the anchor as a culturally contingent cue and state the anchor-to-symbol rationale.,not_applicable,direct,Stanford Encyclopedia of Philosophy: causality,https://plato.stanford.edu/entries/aristotle-causality/,2026-09-09,candidate
PHC-106,Ontology,Causation & Dependence,Modern Philosophy,Pre-established Harmony (Leibniz),Synchronization; parallelism; non-interactive alignment,Synchronized swinging pendulums; resonating tuning forks; mirrored dance moves; clocks striking simultaneously; parallel lines extending,symbol_mediated,snapshot,Treat the anchor as a culturally contingent cue and state the anchor-to-symbol rationale.,not_applicable,thinker_or_tradition,"Stanford Encyclopedia of Philosophy: Leibniz, Gottfried Wilhelm",https://plato.stanford.edu/entries/leibniz/,2026-09-09,ontology_only
PHC-107,Ontology,"Mind, Self & Agency",Analytic Philosophy,Anomalous Monism (Davidson),Law-elusive; unique individual connections,Unique snowflakes all melt; each heartbeat unique yet same rhythm; handwriting varied yet recognisable; clouds ever-changing,symbol_mediated,snapshot,Treat the anchor as a culturally contingent cue and state the anchor-to-symbol rationale.,not_applicable,direct,Stanford Encyclopedia of Philosophy: anomalous monism,https://plato.stanford.edu/entries/anomalous-monism/,2026-09-09,candidate
PHC-108,Ontology,"Mind, Self & Agency",Analytic Philosophy,Compatibilism (Hume),Freedom and necessity together; soft determinism,River flowing within banks; train on tracks; kite on string; fish in water,symbol_mediated,snapshot,Treat the anchor as a culturally contingent cue and state the anchor-to-symbol rationale.,not_applicable,direct,Stanford Encyclopedia of Philosophy: compatibilism,https://plato.stanford.edu/entries/compatibilism/,2026-09-09,candidate
PHC-109,Ontology,"Mind, Self & Agency",Analytic Philosophy,Consciousness (Locke),Awareness; inner experience; light of the mind,Open eye; lit bulb; waking stream-of-consciousness; focused lens,symbol_mediated,snapshot,Treat the anchor as a culturally contingent cue and state the anchor-to-symbol rationale.,not_applicable,related,Stanford Encyclopedia of Philosophy: consciousness,https://plato.stanford.edu/entries/consciousness/,2026-09-09,candidate
PHC-110,Ontology,"Mind, Self & Agency",Analytic Philosophy,Determinism (Hobbes),Necessary chain; antecedent locking consequent,Dominoes falling; gear-train inevitable motion; billiard-ball chain; program-trajectory,symbol_mediated,snapshot,Treat the anchor as a culturally contingent cue and state the anchor-to-symbol rationale.,not_applicable,related,Stanford Encyclopedia of Philosophy: free will,https://plato.stanford.edu/entries/freewill/,2026-09-09,candidate
PHC-111,Ontology,"Mind, Self & Agency",Analytic Philosophy,Eliminative Materialism (Churchland),Old concepts eliminated; paradigm-replacement,Old-style telephone replaced; geocentrism replaced by heliocentrism; carriage replaced by car; old map replaced,symbol_mediated,snapshot,Treat the anchor as a culturally contingent cue and state the anchor-to-symbol rationale.,not_applicable,direct,Stanford Encyclopedia of Philosophy: eliminative,https://plato.stanford.edu/entries/materialism-eliminative/,2026-09-09,candidate
PHC-112,Ontology,"Mind, Self & Agency",Analytic Philosophy,Epiphenomenalism (Huxley),Accompanying without effect; side-shadow,Machine-noise; shadow following body without pushing; steam accompanying train; ripples accompanying stone-drop,symbol_mediated,snapshot,Treat the anchor as a culturally contingent cue and state the anchor-to-symbol rationale.,not_applicable,direct,Stanford Encyclopedia of Philosophy: epiphenomenalism,https://plato.stanford.edu/entries/epiphenomenalism/,2026-09-09,candidate
PHC-113,Ontology,"Mind, Self & Agency",Analytic Philosophy,Externalism about the Mind (Putnam),Mind reaching outward; meaning from environment,Compass to magnetic field; thermometer to environment; mirror reflecting outside; antenna receiving signal,symbol_mediated,snapshot,Treat the anchor as a culturally contingent cue and state the anchor-to-symbol rationale.,not_applicable,direct,Stanford Encyclopedia of Philosophy: externalism about the mind,https://plato.stanford.edu/entries/content-externalism/,2026-09-09,candidate
PHC-114,Ontology,"Mind, Self & Agency",Analytic Philosophy,Free Will (Augustine),Self-determination; non-coerced will,Turning at crossroads; loosened reins; button self-pressed; freely moving brush,symbol_mediated,snapshot,Treat the anchor as a culturally contingent cue and state the anchor-to-symbol rationale.,not_applicable,related,Stanford Encyclopedia of Philosophy: free will,https://plato.stanford.edu/entries/freewill/,2026-09-09,candidate
PHC-115,Ontology,"Mind, Self & Agency",Analytic Philosophy,Functionalism (Putnam),Role defines essence; input-output relations,Black-box input/output; software not hardware; gear-function not material; switch-role,symbol_mediated,snapshot,Treat the anchor as a culturally contingent cue and state the anchor-to-symbol rationale.,not_applicable,direct,Stanford Encyclopedia of Philosophy: functionalism,https://plato.stanford.edu/entries/functionalism/,2026-09-09,candidate
PHC-116,Ontology,"Mind, Self & Agency",Analytic Philosophy,Fundamentality,Lowest-level support; no external dependence,Bedrock under foundation; pyramid base; deepest roots; load-bearing wall,not_image_decidable,snapshot,"Do not assign from a single image without decisive text, provenance, or task context.",not_applicable,direct,Stanford Encyclopedia of Philosophy: fundamentality,https://plato.stanford.edu/entries/fundamentality/,2026-09-09,ontology_only
PHC-117,Ontology,"Mind, Self & Agency",Analytic Philosophy,Incompatibilism (Kant),Freedom and determinism mutually exclusive,Scales cannot tilt both ways; switch either on/off; fork only one path; true/false cannot both hold,symbol_mediated,snapshot,Treat the anchor as a culturally contingent cue and state the anchor-to-symbol rationale.,not_applicable,related,Stanford Encyclopedia of Philosophy: free will,https://plato.stanford.edu/entries/freewill/,2026-09-09,candidate
PHC-118,Ontology,"Mind, Self & Agency",Analytic Philosophy,Multiple Realisability (Putnam),Same function; different carriers,Same software on different computers; same melody on different instruments; same story in different languages; same design in different materials,symbol_mediated,snapshot,Treat the anchor as a culturally contingent cue and state the anchor-to-symbol rationale.,not_applicable,direct,Stanford Encyclopedia of Philosophy: multiple realizability,https://plato.stanford.edu/entries/multiple-realizability/,2026-09-09,candidate
PHC-119,Ontology,"Mind, Self & Agency",Analytic Philosophy,Panpsychism (Fechner),Everything sentient; ubiquitous micro-mind,Glimmer in stone; rhythm of atomic vibration; life-undercurrent in seed; weak pulse in dust,symbol_mediated,snapshot,Treat the anchor as a culturally contingent cue and state the anchor-to-symbol rationale.,not_applicable,direct,Stanford Encyclopedia of Philosophy: panpsychism,https://plato.stanford.edu/entries/panpsychism/,2026-09-09,candidate
PHC-120,Ontology,"Mind, Self & Agency",Analytic Philosophy,Physicalism (Carnap),Everything reducible to matter; all physical process,Gear-train mechanical system; circuit-board current; chemical molecular motion; body as machine,symbol_mediated,snapshot,Treat the anchor as a culturally contingent cue and state the anchor-to-symbol rationale.,not_applicable,direct,Stanford Encyclopedia of Philosophy: physicalism,https://plato.stanford.edu/entries/physicalism/,2026-09-09,candidate
PHC-121,Ontology,"Mind, Self & Agency",Analytic Philosophy,Unity of Consciousness (Kant),Unified experience; many into one,Puzzle forming one image; tributaries into one river; orchestra into one piece; senses into one perception,symbol_mediated,snapshot,Treat the anchor as a culturally contingent cue and state the anchor-to-symbol rationale.,not_applicable,related,Stanford Encyclopedia of Philosophy: consciousness,https://plato.stanford.edu/entries/consciousness/,2026-09-09,candidate
PHC-122,Ontology,"Mind, Self & Agency",Analytic Philosophy,Zombies (Chalmers),Behaviour without inner experience; hollow replica,Unconscious robot; shadow-play; soulless reflection; empty wax-figure,symbol_mediated,snapshot,Treat the anchor as a culturally contingent cue and state the anchor-to-symbol rationale.,not_applicable,direct,Stanford Encyclopedia of Philosophy: zombies,https://plato.stanford.edu/entries/zombies/,2026-09-09,candidate
PHC-123,Ontology,"Mind, Self & Agency",Ancient Greek Philosophy,Action (Aristotle),Practice; doing; intentional execution; purposive drive,Drawing a bow; striking a nail; reaching for an object; stepping forward,symbol_mediated,process,Treat the anchor as a culturally contingent cue and state the anchor-to-symbol rationale.,not_applicable,direct,Stanford Encyclopedia of Philosophy: action,https://plato.stanford.edu/entries/action/,2026-09-09,candidate
PHC-124,Ontology,"Mind, Self & Agency",Ancient Greek Philosophy,"Soul (Plato, Aristotle)",Life-force; presence; inner surge,Luminous humanoid rising; bird breaking cage; heart-rooted tree; reflected ripples,symbol_mediated,snapshot,Treat the anchor as a culturally contingent cue and state the anchor-to-symbol rationale.,not_applicable,thinker_or_tradition,Stanford Encyclopedia of Philosophy: Plato,https://plato.stanford.edu/entries/plato/,2026-09-09,ontology_only
PHC-125,Ontology,"Mind, Self & Agency",Chinese Philosophy,Heart-mind / Xin (Mencius),Mastery; inner conscience; responsive hub,Beating heart; compass needle; bright mirror-stand; seed's embryo,symbol_mediated,snapshot,Treat the anchor as a culturally contingent cue and state the anchor-to-symbol rationale.,self_actualization,related,Stanford Encyclopedia of Philosophy: mind (heart-mind),https://plato.stanford.edu/entries/chinese-mind/,2026-09-09,candidate
PHC-126,Ontology,"Mind, Self & Agency",German Idealism,Absolute Spirit (Hegel),Self-realisation; dialectical unfolding; final unity,River into sea; puzzle completed; plot resolved; tree fully grown,not_image_decidable,snapshot,"Do not assign from a single image without decisive text, provenance, or task context.",not_applicable,thinker_or_tradition,"Stanford Encyclopedia of Philosophy: Hegel, Georg Wilhelm Friedrich",https://plato.stanford.edu/entries/hegel/,2026-09-09,ontology_only
PHC-127,Ontology,"Mind, Self & Agency",German Idealism,Will to Live (Schopenhauer),Blind impulse; survival drive; non-rational ground,Drawn bowstring; surging tide; burning flame; galloping horse,symbol_mediated,snapshot,Treat the anchor as a culturally contingent cue and state the anchor-to-symbol rationale.,not_applicable,related,"Stanford Encyclopedia of Philosophy: Schopenhauer, Arthur",https://plato.stanford.edu/entries/schopenhauer/,2026-09-09,candidate
PHC-128,Ontology,"Mind, Self & Agency",Modern Philosophy,Dualism (Descartes),Mind-body separation; two substances; parallel worlds,Mirror-self and outside-self; puppet and puppeteer; shadow and body; double-sided portrait,symbol_mediated,snapshot,Treat the anchor as a culturally contingent cue and state the anchor-to-symbol rationale.,not_applicable,direct,Stanford Encyclopedia of Philosophy: dualism,https://plato.stanford.edu/entries/dualism/,2026-09-09,candidate
PHC-129,Ontology,"Mind, Self & Agency",Phenomenology,Angst / Dread (Heidegger),Nearing of nothing; groundless unease,Footstep at cliff-edge; losing direction in fog; loosening ground; abyss gazing back,symbol_mediated,snapshot,Treat the anchor as a culturally contingent cue and state the anchor-to-symbol rationale.,not_applicable,thinker_or_tradition,"Stanford Encyclopedia of Philosophy: Heidegger, Martin",https://plato.stanford.edu/entries/heidegger/,2026-09-09,ontology_only
PHC-130,Ontology,"Mind, Self & Agency",Phenomenology,Care / Concern (Heidegger),Solicitude; preoccupation; projecting toward future,Tight reins; constantly checked clock; knitting yarn; scaffolding under construction,symbol_mediated,snapshot,Treat the anchor as a culturally contingent cue and state the anchor-to-symbol rationale.,love_belonging,thinker_or_tradition,"Stanford Encyclopedia of Philosophy: Heidegger, Martin",https://plato.stanford.edu/entries/heidegger/,2026-09-09,ontology_only
PHC-131,Ontology,"Mind, Self & Agency",Phenomenology,Resolve (Heidegger),Choice; commitment; becoming oneself,Footprints at crossroads; pen signing; first step taken; switch thrown,symbol_mediated,snapshot,Treat the anchor as a culturally contingent cue and state the anchor-to-symbol rationale.,not_applicable,thinker_or_tradition,"Stanford Encyclopedia of Philosophy: Heidegger, Martin",https://plato.stanford.edu/entries/heidegger/,2026-09-09,ontology_only
PHC-132,Ontology,"Mind, Self & Agency",Phenomenology,Solitary Individual (Kierkegaard),Isolation; inner authenticity; facing alone,Lighthouse on lonely island; one person in empty theatre; lone walker in snow; single lamp at night,symbol_mediated,snapshot,Treat the anchor as a culturally contingent cue and state the anchor-to-symbol rationale.,not_applicable,thinker_or_tradition,"Stanford Encyclopedia of Philosophy: Kierkegaard, Søren",https://plato.stanford.edu/entries/kierkegaard/,2026-09-09,ontology_only
PHC-133,Ontology,"Mind, Self & Agency",Philosophy of Action,Agency,capacity to act; intentional initiation; control,an agent visibly initiating rather than undergoing a movement; a deliberate choice followed by a matching action; a control interface operated to produce an observable effect,context_heavy,process,"Require corroborating text, provenance, sequence, or multiple independent visual anchors.",not_applicable,direct,Stanford Encyclopedia of Philosophy: agency,https://plato.stanford.edu/entries/agency/,2026-09-09,candidate
PHC-134,Ontology,Social Ontology,Analytic Philosophy,Social Ontology,Collective construction; consensus reality,Commonly signed contract; group-voting outcome; social convention; shared trust in currency,context_heavy,snapshot,"Require corroborating text, provenance, sequence, or multiple independent visual anchors.",not_applicable,direct,Stanford Encyclopedia of Philosophy: social ontology,https://plato.stanford.edu/entries/social-ontology/,2026-09-09,candidate
PHC-135,Ontology,Social Ontology,Philosophy of Action,Shared Agency,joint action organized by interlocking intentions or plans,two people coordinating a lift that neither can complete alone; complementary roles following a shared plan; mutual adjustment toward one outcome,context_heavy,process,"Require corroborating text, provenance, sequence, or multiple independent visual anchors.",love_belonging,direct,Stanford Encyclopedia of Philosophy: agency: shared,https://plato.stanford.edu/entries/shared-agency/,2026-09-09,candidate
PHC-136,Ontology,Social Ontology,Philosophy of Social Action,Collective Intentionality,we-intention; shared goal; coordinated contribution,several people following one plan; interdependent roles directed at a shared result; synchronized action with a common target,context_heavy,process,"Require corroborating text, provenance, sequence, or multiple independent visual anchors.",love_belonging,direct,Stanford Encyclopedia of Philosophy: collective,https://plato.stanford.edu/entries/collective-intentionality/,2026-09-09,candidate
PHC-137,Ontology,Social Ontology,Social and Political Philosophy,Social Institutions,"durable structures of roles, rules, norms, and practices",a courtroom with differentiated roles and procedures; a school organized by recurring roles and rules; an institution reproduced through patterned interactions,context_heavy,longitudinal,"Require corroborating text, provenance, sequence, or multiple independent visual anchors.",safety; love_belonging,direct,Stanford Encyclopedia of Philosophy: social institutions,https://plato.stanford.edu/entries/social-institutions/,2026-09-09,candidate
PHC-138,Ontology,Philosophy of Religion,Analytic Philosophy,Creation and Conservation (Augustine),Creation and sustaining; continuance of existence,First kindling; ongoing watering; engine running after start; craftsman's ongoing carving,symbol_mediated,snapshot,Treat the anchor as a culturally contingent cue and state the anchor-to-symbol rationale.,not_applicable,direct,Stanford Encyclopedia of Philosophy: creation and conservation,https://plato.stanford.edu/entries/creation-conservation/,2026-09-09,candidate
PHC-139,Ontology,Philosophy of Religion,Analytic Philosophy,God and Necessary Being (Anselm),Self-sufficient existence; independent of others,Inextinguishable light-source; self-rotating star; self-supporting keystone; flowing source-spring,not_image_decidable,snapshot,"Do not assign from a single image without decisive text, provenance, or task context.",not_applicable,related,Stanford Encyclopedia of Philosophy: and other necessary beings,https://plato.stanford.edu/entries/god-necessary-being/,2026-09-09,ontology_only
PHC-140,Ontology,Philosophy of Religion,Analytic Philosophy,Omnipotence (Aquinas),Unlimited power; all-capable,All-governing hand; mountain-moving force; infinite energy-beam; encompassing halo,not_image_decidable,snapshot,"Do not assign from a single image without decisive text, provenance, or task context.",not_applicable,direct,Stanford Encyclopedia of Philosophy: omnipotence,https://plato.stanford.edu/entries/omnipotence/,2026-09-09,ontology_only
PHC-141,Ontology,Philosophy of Religion,Analytic Philosophy,Omnipresence (Aquinas),Everywhere; pervading all,Diffuse air; all-covering network; light permeating every corner; sky surrounding all,symbol_mediated,snapshot,Treat the anchor as a culturally contingent cue and state the anchor-to-symbol rationale.,not_applicable,direct,Stanford Encyclopedia of Philosophy: omnipresence,https://plato.stanford.edu/entries/omnipresence/,2026-09-09,candidate
PHC-142,Ontology,Philosophy of Religion,Analytic Philosophy,Omniscience (Aquinas),All-knowing; fully discerning,Overlooking eye; all-seeing X-ray; comprehensive map; sharp lens,not_image_decidable,snapshot,"Do not assign from a single image without decisive text, provenance, or task context.",not_applicable,direct,Stanford Encyclopedia of Philosophy: omniscience,https://plato.stanford.edu/entries/omniscience/,2026-09-09,ontology_only
PHC-143,Ontology,Structure & Infinity,Analytic Philosophy,Boundaries (Aristotle),Limits; divisions; inside-outside,Borderlines; river-banks; walls; skin-surface,symbol_mediated,snapshot,Treat the anchor as a culturally contingent cue and state the anchor-to-symbol rationale.,not_applicable,direct,Stanford Encyclopedia of Philosophy: boundary,https://plato.stanford.edu/entries/boundary/,2026-09-09,candidate
PHC-144,Ontology,Structure & Infinity,Analytic Philosophy,Compositionality (Frege),Whole generated by parts rule-governedly; structured combination,Lego bricks assembled by rules; letters forming words/sentences; notes forming melodies; bricks laid to plan,symbol_mediated,snapshot,Treat the anchor as a culturally contingent cue and state the anchor-to-symbol rationale.,not_applicable,direct,Stanford Encyclopedia of Philosophy: compositionality,https://plato.stanford.edu/entries/compositionality/,2026-09-09,candidate
PHC-145,Ontology,Structure & Infinity,Analytic Philosophy,Continuity and Infinitesimals (Leibniz),Infinite divisibility; minimal limits,Fractal infinite subdivision; microscope magnification; dense points on number-line; nested Russian dolls,symbol_mediated,snapshot,Treat the anchor as a culturally contingent cue and state the anchor-to-symbol rationale.,not_applicable,direct,Stanford Encyclopedia of Philosophy: continuity and infinitesimals,https://plato.stanford.edu/entries/continuity/,2026-09-09,candidate
PHC-146,Ontology,Structure & Infinity,Analytic Philosophy,Contradiction (Aristotle),Opposition not co-existing; logical conflict,Scale-opposition; positive-negative charge repulsion; fire-water opposition; mirror-opposites,symbol_mediated,snapshot,Treat the anchor as a culturally contingent cue and state the anchor-to-symbol rationale.,not_applicable,direct,Stanford Encyclopedia of Philosophy: contradiction,https://plato.stanford.edu/entries/contradiction/,2026-09-09,candidate
PHC-147,Ontology,Structure & Infinity,Analytic Philosophy,Infinite Regress Argument (Aristotle),Layer-by-layer retrospection; endless chain,Dominoes extending; nested Russian dolls; infinite mirror-reflection; branching roots,symbol_mediated,snapshot,Treat the anchor as a culturally contingent cue and state the anchor-to-symbol rationale.,not_applicable,direct,Stanford Encyclopedia of Philosophy: infinite regress arguments,https://plato.stanford.edu/entries/infinite-regress/,2026-09-09,candidate
PHC-148,Ontology,Structure & Infinity,Analytic Philosophy,Philosophical Infinity,Boundless; beyond limit,Endless star-field; infinite fractal; endless corridor; perpetual pendulum,symbol_mediated,snapshot,Treat the anchor as a culturally contingent cue and state the anchor-to-symbol rationale.,not_applicable,thinker_or_tradition,Stanford Encyclopedia of Philosophy: Aristotle,https://plato.stanford.edu/entries/aristotle/,2026-09-09,ontology_only
PHC-149,Ontology,Structure & Infinity,Analytic Philosophy,Symmetry and Invariance,Constant across frames; stable across systems,Light-speed invariance; Polaris fixed; pi constant; stable centre-of-gravity,symbol_mediated,snapshot,Treat the anchor as a culturally contingent cue and state the anchor-to-symbol rationale.,not_applicable,related,Stanford Encyclopedia of Philosophy: symmetry and symmetry breaking,https://plato.stanford.edu/entries/symmetry-breaking/,2026-09-09,candidate
PHC-150,Ontology,Structure & Infinity,Analytic Philosophy,Vagueness (Frege),Blurred boundaries; gradient transition,Twilight line; misty border; dune-contour; colour-gradient,symbol_mediated,snapshot,Treat the anchor as a culturally contingent cue and state the anchor-to-symbol rationale.,not_applicable,direct,Stanford Encyclopedia of Philosophy: vagueness,https://plato.stanford.edu/entries/vagueness/,2026-09-09,candidate
PHC-151,Ontology,Structure & Infinity,Ancient Greek Philosophy,Aristotle on Infinity,Boundless; beyond limit; inexhaustible,Rails stretching to horizon; endless mirror-in-mirror; fractal patterns; corridor without end,symbol_mediated,snapshot,Treat the anchor as a culturally contingent cue and state the anchor-to-symbol rationale.,not_applicable,related,Stanford Encyclopedia of Philosophy: metaphysics,https://plato.stanford.edu/entries/aristotle-metaphysics/,2026-09-09,candidate
PHC-152,Ontology,General & Comparative Metaphysics,Analytic Philosophy,Cosmology (Aristotle),Celestial order; cosmic structure,Galaxy-spiral; planetary orbit-model; starry dome; celestial globe,symbol_mediated,snapshot,Treat the anchor as a culturally contingent cue and state the anchor-to-symbol rationale.,not_applicable,direct,"Stanford Encyclopedia of Philosophy: cosmology, philosophy of",https://plato.stanford.edu/entries/cosmology/,2026-09-09,candidate
PHC-153,Ontology,General & Comparative Metaphysics,Analytic Philosophy,Ontological Commitment (Quine),Existential commitments of theories; discourse-promises,Shopping-list items; contract clauses; blueprint-components; ledger entries,not_image_decidable,snapshot,"Do not assign from a single image without decisive text, provenance, or task context.",not_applicable,direct,Stanford Encyclopedia of Philosophy: ontological commitment,https://plato.stanford.edu/entries/ontological-commitment/,2026-09-09,ontology_only
PHC-154,Ontology,General & Comparative Metaphysics,Chinese Philosophy,Qi / Vital Energy (Zhang Zai),Pervading filling; life-energy; circulating transformation,Wreathing mist; rising cooking smoke; flowing blood; breath,symbol_mediated,snapshot,Treat the anchor as a culturally contingent cue and state the anchor-to-symbol rationale.,not_applicable,related,Stanford Encyclopedia of Philosophy: metaphysics,https://plato.stanford.edu/entries/chinese-metaphysics/,2026-09-09,candidate
PHC-155,Ontology,General & Comparative Metaphysics,Chinese Philosophy,Yin-Yang (I Ching / Yijing),Opposition-unity; complementary waxing-waning; dynamic balance,Taiji fish-shape; day-night alternation; tide-flow; scale-swaying,symbol_mediated,snapshot,Treat the anchor as a culturally contingent cue and state the anchor-to-symbol rationale.,not_applicable,related,Stanford Encyclopedia of Philosophy: metaphysics,https://plato.stanford.edu/entries/chinese-metaphysics/,2026-09-09,candidate
PHC-156,Ontology,General & Comparative Metaphysics,Medieval Philosophy,Transcendentals (Philip the Chancellor),Beyond categories; running through all; highest attributes,Sky covering all; light permeating every crack; network covering whole territory; tower overlooking all,symbol_mediated,snapshot,Treat the anchor as a culturally contingent cue and state the anchor-to-symbol rationale.,not_applicable,contextual,Stanford Encyclopedia of Philosophy: metaphysics,https://plato.stanford.edu/entries/metaphysics/,2026-09-09,ontology_only
PHC-157,Ontology,General & Comparative Metaphysics,Post-Structuralism,Nomadism (Deleuze & Guattari),Wandering; no fixed territory; lines of flight,Migratory bird routes; nomadic tents; wanderer's tracks; shifting sand-dunes,symbol_mediated,snapshot,Treat the anchor as a culturally contingent cue and state the anchor-to-symbol rationale.,not_applicable,thinker_or_tradition,"Stanford Encyclopedia of Philosophy: Deleuze, Gilles",https://plato.stanford.edu/entries/deleuze/,2026-09-09,ontology_only
PHC-158,Ontology,General & Comparative Metaphysics,Post-Structuralism,Rhizome (Deleuze & Guattari),Multi-directional connections; centre-less spreading; underground networks,Underground root-network; ant-tunnel channels; mycelial web; subway map,symbol_mediated,snapshot,Treat the anchor as a culturally contingent cue and state the anchor-to-symbol rationale.,not_applicable,thinker_or_tradition,"Stanford Encyclopedia of Philosophy: Deleuze, Gilles",https://plato.stanford.edu/entries/deleuze/,2026-09-09,ontology_only
PHC-159,Epistemology,Knowledge & Truth,Analytic Philosophy,Knowledge by Acquaintance (Russell),Direct experience; first-hand contact,Hand on rough bark; tasting sour; on-site witnessing; ice's sting; face-to-face clarity,context_heavy,snapshot,"Require corroborating text, provenance, sequence, or multiple independent visual anchors.",self_actualization,related,Stanford Encyclopedia of Philosophy: by acquaintance vs. description,https://plato.stanford.edu/entries/knowledge-acquaindescrip/,2026-09-09,candidate
PHC-160,Epistemology,Knowledge & Truth,Analytic Philosophy,Knowledge by Description (Russell),Indirect understanding; inferred knowledge,Tree on TV screen; apple in photo; hearsay account; described coldness; portrait of a face,context_heavy,snapshot,"Require corroborating text, provenance, sequence, or multiple independent visual anchors.",self_actualization,related,Stanford Encyclopedia of Philosophy: by acquaintance vs. description,https://plato.stanford.edu/entries/knowledge-acquaindescrip/,2026-09-09,candidate
PHC-161,Epistemology,Knowledge & Truth,Ancient Greek Philosophy,"Knowledge (Plato, Aristotle)",Theory & practice; know-how; craft mastery,Blueprint beside trowel; anatomy chart with scalpel; score with instrument; design with finished work; theory book next to lab bench,context_heavy,snapshot,"Require corroborating text, provenance, sequence, or multiple independent visual anchors.",self_actualization,thinker_or_tradition,Stanford Encyclopedia of Philosophy: Plato,https://plato.stanford.edu/entries/plato/,2026-09-09,ontology_only
PHC-162,Epistemology,Knowledge & Truth,Ancient Greek Philosophy,"Logos (Heraclitus, Aristotle)",Order; cosmic law; universal pattern,Planetary orbits; sundial shadow; honeycomb hexagons; ascending musical scale; concentric stone rings,symbol_mediated,snapshot,Treat the anchor as a culturally contingent cue and state the anchor-to-symbol rationale.,not_applicable,thinker_or_tradition,Stanford Encyclopedia of Philosophy: Aristotle,https://plato.stanford.edu/entries/aristotle/,2026-09-09,ontology_only
PHC-163,Epistemology,Knowledge & Truth,Ancient Greek Philosophy,Opinion (Plato),Multitude of views; prejudice; unexamined,Bustling market debate; layered sticky notes; screen-covering bullet comments; competing newspapers; conflicting arguments,symbol_mediated,snapshot,Treat the anchor as a culturally contingent cue and state the anchor-to-symbol rationale.,not_applicable,thinker_or_tradition,Stanford Encyclopedia of Philosophy: Plato,https://plato.stanford.edu/entries/plato/,2026-09-09,ontology_only
PHC-164,Epistemology,Knowledge & Truth,German Idealism,Absolute Knowledge (Hegel),Completion; self-consistency; omni-perspective,Ouroboros; aerial city view; final puzzle piece; circle closing; sphere complete from any angle,not_image_decidable,snapshot,"Do not assign from a single image without decisive text, provenance, or task context.",self_actualization,thinker_or_tradition,"Stanford Encyclopedia of Philosophy: Hegel, Georg Wilhelm Friedrich",https://plato.stanford.edu/entries/hegel/,2026-09-09,ontology_only
PHC-165,Epistemology,Knowledge & Truth,Kantian Epistemology,Antinomies (Kant),Dilemma; stalemate; thesis-antithesis conflict,Armies facing off; twilight boundary; magnet repulsion; opposing arguments; balanced scales,symbol_mediated,snapshot,Treat the anchor as a culturally contingent cue and state the anchor-to-symbol rationale.,not_applicable,related,"Stanford Encyclopedia of Philosophy: Kant, Immanuel",https://plato.stanford.edu/entries/kant/,2026-09-09,candidate
PHC-166,Epistemology,Knowledge & Truth,Kantian Epistemology,Categories (Kant),Classification; framework; conceptual grid,Twelve-compartment wooden box; library index hierarchy; colour wheel; labelled shelves; filing-cabinet tabs,symbol_mediated,snapshot,Treat the anchor as a culturally contingent cue and state the anchor-to-symbol rationale.,not_applicable,related,Stanford Encyclopedia of Philosophy: categories,https://plato.stanford.edu/entries/categories/,2026-09-09,candidate
PHC-167,Epistemology,Knowledge & Truth,Kantian Epistemology,Schema (Kant),Bridge; mediator; transformation,Staircase connecting floors; sign-language diagram; score-to-keyboard mapping; concept-to-object bridge; abstract-to-concrete channel,symbol_mediated,snapshot,Treat the anchor as a culturally contingent cue and state the anchor-to-symbol rationale.,not_applicable,direct,Stanford Encyclopedia of Philosophy: schema,https://plato.stanford.edu/entries/schema/,2026-09-09,candidate
PHC-168,Epistemology,Knowledge & Truth,Kantian Epistemology,Space & Time (Kant),Containers; frameworks; a priori conditions,Empty room to fill; infinite rails; coordinate grid on map; uniform clock dial; sundial shadow moving regularly,symbol_mediated,snapshot,Treat the anchor as a culturally contingent cue and state the anchor-to-symbol rationale.,not_applicable,thinker_or_tradition,"Stanford Encyclopedia of Philosophy: Kant, Immanuel",https://plato.stanford.edu/entries/kant/,2026-09-09,ontology_only
PHC-169,Epistemology,Knowledge & Truth,Kantian Epistemology,Synthetic A Priori Judgment (Kant),A priori validity; independent of experience,Child drawing straight line; perfect freehand circle; unshakeable Pythagorean theorem; symmetrical correspondence; shortest path between two points,symbol_mediated,snapshot,Treat the anchor as a culturally contingent cue and state the anchor-to-symbol rationale.,not_applicable,related,"Stanford Encyclopedia of Philosophy: Kant, Immanuel",https://plato.stanford.edu/entries/kant/,2026-09-09,candidate
PHC-170,Epistemology,Knowledge & Truth,Kantian Epistemology,Transcendental Deduction (Kant),Fit; correspondence; legitimate application,Key in lock; jigsaw piece fitting perfectly; mortise-tenon joint; plug into socket; gear meshing,not_image_decidable,snapshot,"Do not assign from a single image without decisive text, provenance, or task context.",not_applicable,related,"Stanford Encyclopedia of Philosophy: Kant, Immanuel",https://plato.stanford.edu/entries/kant/,2026-09-09,ontology_only
PHC-171,Epistemology,Knowledge & Truth,Kantian Epistemology,Transcendental Idealism (Kant),Cognitive framework; perspective; way of seeing,Pink lens making all pink; tailor cutting to mannequin; 3D glasses; blur-to-clear lens; filter changing everything,symbol_mediated,snapshot,Treat the anchor as a culturally contingent cue and state the anchor-to-symbol rationale.,not_applicable,direct,Stanford Encyclopedia of Philosophy: transcendental idealism,https://plato.stanford.edu/entries/kant-transcendental-idealism/,2026-09-09,candidate
PHC-172,Epistemology,Knowledge & Truth,Kantian Epistemology,Understanding (Kant),Processing; organization; judgment; conceptualization,Chisel carving wood; type-setter arranging letters; library classification; sieve sifting grain; template shaping clay,symbol_mediated,snapshot,Treat the anchor as a culturally contingent cue and state the anchor-to-symbol rationale.,not_applicable,direct,Stanford Encyclopedia of Philosophy: understanding,https://plato.stanford.edu/entries/understanding/,2026-09-09,candidate
PHC-173,Epistemology,Knowledge & Truth,Medieval Philosophy,Abstraction (Aquinas),Purification; extraction; distillation,Sieve separating chaff; ore smelting metal; carving away excess to reveal statue; filtering to pure colour; distillation process,symbol_mediated,process,Treat the anchor as a culturally contingent cue and state the anchor-to-symbol rationale.,not_applicable,thinker_or_tradition,"Stanford Encyclopedia of Philosophy: Aquinas, Thomas",https://plato.stanford.edu/entries/aquinas/,2026-09-09,ontology_only
PHC-174,Epistemology,Knowledge & Truth,Medieval Philosophy,Divine Illumination (Augustine),Grace; revelation; heavenly light,Light switched on in dark room; lighthouse through sea mist; flashlight sweeping cave; dawn on mountain peak; stage spotlight,symbol_mediated,snapshot,Treat the anchor as a culturally contingent cue and state the anchor-to-symbol rationale.,not_applicable,related,Stanford Encyclopedia of Philosophy: illumination,https://plato.stanford.edu/entries/illumination/,2026-09-09,candidate
PHC-175,Epistemology,Knowledge & Truth,Medieval Philosophy,Illumination Theory (Augustine),Clarity; awakening; insight,Stained-glass beam on open page; cave torch ignition; dawn revealing contours; candlelight on scripture; lighthouse piercing fog,symbol_mediated,snapshot,Treat the anchor as a culturally contingent cue and state the anchor-to-symbol rationale.,not_applicable,related,Stanford Encyclopedia of Philosophy: illumination,https://plato.stanford.edu/entries/illumination/,2026-09-09,candidate
PHC-176,Epistemology,Knowledge & Truth,Medieval Philosophy,Intellectual Intuition (Duns Scotus),Direct insight; penetration; immediate grasp,X-ray showing fracture; seeing figure through frosted glass; peeling to the core; unveiling statue; seeing distant peak through mist,symbol_mediated,snapshot,Treat the anchor as a culturally contingent cue and state the anchor-to-symbol rationale.,not_applicable,thinker_or_tradition,"Stanford Encyclopedia of Philosophy: Duns Scotus, John",https://plato.stanford.edu/entries/duns-scotus/,2026-09-09,ontology_only
PHC-177,Epistemology,Knowledge & Truth,Medieval Philosophy,"Intention (Aquinas, Duns Scotus)",Direction; aiming; tending toward,Gaze fixed on one in crowd; arrow on bowstring aimed; telescope on star; viewfinder framing target; searchlight sweeping,context_heavy,snapshot,"Require corroborating text, provenance, sequence, or multiple independent visual anchors.",not_applicable,direct,Stanford Encyclopedia of Philosophy: intention,https://plato.stanford.edu/entries/intention/,2026-09-09,candidate
PHC-178,Epistemology,Knowledge & Truth,Medieval Philosophy,Self-Evident Principle (Aquinas),Axiomatic; foundational; indemonstrable,First cornerstone; first domino; formula needing no proof; sunrise certainty; prime mover's self-evidence,symbol_mediated,snapshot,Treat the anchor as a culturally contingent cue and state the anchor-to-symbol rationale.,not_applicable,thinker_or_tradition,"Stanford Encyclopedia of Philosophy: Aquinas, Thomas",https://plato.stanford.edu/entries/aquinas/,2026-09-09,ontology_only
PHC-179,Epistemology,Knowledge & Truth,Modern Philosophy,Clear and Distinct (Descartes),Transparent; evident; indubitable,Flawless crystal; clearly demarcated cells; high-definition pixels; object fully lit; pure spectral prism,context_heavy,snapshot,"Require corroborating text, provenance, sequence, or multiple independent visual anchors.",not_applicable,thinker_or_tradition,"Stanford Encyclopedia of Philosophy: Descartes, René",https://plato.stanford.edu/entries/descartes/,2026-09-09,ontology_only
PHC-180,Epistemology,Knowledge & Truth,Modern Philosophy,Cogito (Descartes),Self; existence; fixed anchor,Candlelit solitary chamber; clear mirror reflection; empty room with lone chair; lighthouse on isolated island; sole flame in darkness,symbol_mediated,snapshot,Treat the anchor as a culturally contingent cue and state the anchor-to-symbol rationale.,not_applicable,related,Stanford Encyclopedia of Philosophy: epistemology,https://plato.stanford.edu/entries/descartes-epistemology/,2026-09-09,candidate
PHC-181,Epistemology,Knowledge & Truth,Modern Philosophy,Habit (Hume),Inertia; automatism; tacit knowing,Chickens fed daily stretching necks; muscle memory tying shoes; familiar path taken unthinkingly; old horse finding way home; automated daily routine,context_heavy,process,"Require corroborating text, provenance, sequence, or multiple independent visual anchors.",not_applicable,thinker_or_tradition,"Stanford Encyclopedia of Philosophy: Hume, David",https://plato.stanford.edu/entries/hume/,2026-09-09,ontology_only
PHC-182,Epistemology,Knowledge & Truth,Modern Philosophy,"Idea (Locke, Hume)",Mental image; thought; inner appearance,Red apple imagined with eyes closed; blurred dream face; inner echo; flashback; unseen landscape imagined,symbol_mediated,snapshot,Treat the anchor as a culturally contingent cue and state the anchor-to-symbol rationale.,not_applicable,thinker_or_tradition,"Stanford Encyclopedia of Philosophy: Locke, John",https://plato.stanford.edu/entries/locke/,2026-09-09,ontology_only
PHC-183,Epistemology,Knowledge & Truth,Modern Philosophy,"Innate Ideas (Descartes, Leibniz)",Inborn; a priori; instinctive,Newborn gripping finger; pup seeking milk; seed germinating; instinctive suckling; hatchling seeking food,symbol_mediated,snapshot,Treat the anchor as a culturally contingent cue and state the anchor-to-symbol rationale.,not_applicable,thinker_or_tradition,"Stanford Encyclopedia of Philosophy: Descartes, René",https://plato.stanford.edu/entries/descartes/,2026-09-09,ontology_only
PHC-184,Epistemology,Knowledge & Truth,Modern Philosophy,Real vs Nominal Essence (Locke),Substance vs naming; kernel vs label,"Rough ore vs gold bar; peeled orange vs word ""orange""; person vs photo side-by-side; object vs label",symbol_mediated,snapshot,Treat the anchor as a culturally contingent cue and state the anchor-to-symbol rationale.,not_applicable,thinker_or_tradition,"Stanford Encyclopedia of Philosophy: Locke, John",https://plato.stanford.edu/entries/locke/,2026-09-09,ontology_only
PHC-185,Epistemology,Knowledge & Truth,Modern Philosophy,Simple & Complex Ideas (Locke),Assembly; combination; part-to-whole,Scattered blocks vs castle; single notes vs symphony; letters vs poem; parts vs assembled machine; raw material vs finished product,symbol_mediated,snapshot,Treat the anchor as a culturally contingent cue and state the anchor-to-symbol rationale.,not_applicable,thinker_or_tradition,"Stanford Encyclopedia of Philosophy: Locke, John",https://plato.stanford.edu/entries/locke/,2026-09-09,ontology_only
PHC-186,Epistemology,Knowledge & Truth,Modern Philosophy,Tabula Rasa (Locke),Blank; pure; writable,Blank parchment; untrodden snow; new notebook's first page; empty canvas; clean blackboard,symbol_mediated,snapshot,Treat the anchor as a culturally contingent cue and state the anchor-to-symbol rationale.,not_applicable,thinker_or_tradition,"Stanford Encyclopedia of Philosophy: Locke, John",https://plato.stanford.edu/entries/locke/,2026-09-09,ontology_only
PHC-187,Epistemology,Knowledge & Truth,Pragmatism,Belief (Peirce),Certainty; stability; habituation,Sinking into familiar old armchair; well-trodden road; ambient temperature unnoticed; unexamined routine; eyes-closed task,context_heavy,snapshot,"Require corroborating text, provenance, sequence, or multiple independent visual anchors.",not_applicable,direct,Stanford Encyclopedia of Philosophy: belief,https://plato.stanford.edu/entries/belief/,2026-09-09,candidate
PHC-188,Epistemology,Knowledge & Truth,Pragmatism,"Effects & Consequences (James, Dewey)",Actual difference; before-and-after contrast,Before/after surgery; light switch on/off; landscape change after planting; water state change; pre/post experimental data,symbol_mediated,snapshot,Treat the anchor as a culturally contingent cue and state the anchor-to-symbol rationale.,not_applicable,thinker_or_tradition,"Stanford Encyclopedia of Philosophy: Dewey, John",https://plato.stanford.edu/entries/dewey/,2026-09-09,ontology_only
PHC-189,Epistemology,Knowledge & Truth,Pragmatism,Inquiry (Dewey),Problem-solving; questioning; active search,Detective with magnifying glass; scientist recording data; mining pick into ore; finger moving along dictionary entry; finding correct puzzle piece,symbol_mediated,process,Treat the anchor as a culturally contingent cue and state the anchor-to-symbol rationale.,self_actualization,thinker_or_tradition,"Stanford Encyclopedia of Philosophy: Dewey, John",https://plato.stanford.edu/entries/dewey/,2026-09-09,ontology_only
PHC-190,Epistemology,Knowledge & Truth,Pragmatism,Instrumentalism (Dewey),Thought as tool; problem-solving instrument,Plane smoothing wood; fingers on keyboard; knife cutting food; brush on canvas; scalpel on skin,symbol_mediated,snapshot,Treat the anchor as a culturally contingent cue and state the anchor-to-symbol rationale.,not_applicable,thinker_or_tradition,"Stanford Encyclopedia of Philosophy: Dewey, John",https://plato.stanford.edu/entries/dewey/,2026-09-09,ontology_only
PHC-191,Epistemology,Knowledge & Truth,Pragmatism,Pragmatic Maxim (Peirce),Use = meaning; practical verification,Tools each with function; indispensable recipe ingredients; key-lock correspondence; drug efficacy label; calibrated instrument,symbol_mediated,snapshot,Treat the anchor as a culturally contingent cue and state the anchor-to-symbol rationale.,not_applicable,related,Stanford Encyclopedia of Philosophy: pragmatism,https://plato.stanford.edu/entries/pragmatism/,2026-09-09,candidate
PHC-192,Epistemology,Knowledge & Truth,Pragmatism,"Truth (James, Dewey)",Consensus; convergence; ideal endpoint,Tributaries to same sea; signs pointing to same city; beams converging on one point; paths meeting at summit; opinions converging to consensus,symbol_mediated,snapshot,Treat the anchor as a culturally contingent cue and state the anchor-to-symbol rationale.,not_applicable,direct,Stanford Encyclopedia of Philosophy: truth,https://plato.stanford.edu/entries/truth/,2026-09-09,candidate
PHC-193,Epistemology,Justification & Evidence,Analytic Philosophy,Analysis of Knowledge (traditional tripartite),Decomposition; components; constituent parts,Labelled specimens on dissection table; ingredient list; recipe components; parts list; composition table,context_heavy,snapshot,"Require corroborating text, provenance, sequence, or multiple independent visual anchors.",self_actualization,related,Stanford Encyclopedia of Philosophy: analysis of,https://plato.stanford.edu/entries/knowledge-analysis/,2026-09-09,candidate
PHC-194,Epistemology,Justification & Evidence,Analytic Philosophy,"Coherentism (Bradley, Bosanquet)",Mutual support; systemic consistency,Spiderweb interwoven; leaning books; arch stones mutually pressing; fishing-net mesh; skeleton's mutual support,symbol_mediated,snapshot,Treat the anchor as a culturally contingent cue and state the anchor-to-symbol rationale.,not_applicable,related,Stanford Encyclopedia of Philosophy: analysis of,https://plato.stanford.edu/entries/knowledge-analysis/,2026-09-09,candidate
PHC-195,Epistemology,Justification & Evidence,Analytic Philosophy,"Externalism (Goldman, Lehrer)",External; non-inspectable; reliant on outside,Sealed computer case; concrete wall hiding interior; black-box operation; hidden dashboard sensors; dependence on external conditions,symbol_mediated,snapshot,Treat the anchor as a culturally contingent cue and state the anchor-to-symbol rationale.,not_applicable,contextual,Stanford Encyclopedia of Philosophy: epistemology,https://plato.stanford.edu/entries/epistemology/,2026-09-09,ontology_only
PHC-196,Epistemology,Justification & Evidence,Analytic Philosophy,"Foundationalism (Descartes, contemporary)",Ground; bedrock; self-evident,Pyramid's base stones; deep building piles; Euclidean axioms as base; first foundation stone; lowest supporting layer,symbol_mediated,snapshot,Treat the anchor as a culturally contingent cue and state the anchor-to-symbol rationale.,not_applicable,related,Stanford Encyclopedia of Philosophy: analysis of,https://plato.stanford.edu/entries/knowledge-analysis/,2026-09-09,candidate
PHC-197,Epistemology,Justification & Evidence,Analytic Philosophy,Gettier Problem (Gettier),Accident; anomaly; false appearance,Artificial turf undetected; cuckoo-clock fake bird; counterfeit bill passed by machine; mirror reflection mistaken for person; convincing replica,symbol_mediated,snapshot,Treat the anchor as a culturally contingent cue and state the anchor-to-symbol rationale.,not_applicable,related,Stanford Encyclopedia of Philosophy: analysis of,https://plato.stanford.edu/entries/knowledge-analysis/,2026-09-09,candidate
PHC-198,Epistemology,Justification & Evidence,Analytic Philosophy,"Internalism (Goldman, Lehrer)",Introspectively accessible; reflectively available,Transparent watch case; glass room fully visible; aquarium clarity; inner monologue inspectable; open diary,symbol_mediated,snapshot,Treat the anchor as a culturally contingent cue and state the anchor-to-symbol rationale.,not_applicable,contextual,Stanford Encyclopedia of Philosophy: epistemology,https://plato.stanford.edu/entries/epistemology/,2026-09-09,ontology_only
PHC-199,Epistemology,Justification & Evidence,Analytic Philosophy,Justification (Goldman),Support; reason; evidential chain,Diagonal brace; lawyer presenting evidence; experimental data logs; supporting pillars; scaffolding layers,context_heavy,snapshot,"Require corroborating text, provenance, sequence, or multiple independent visual anchors.",not_applicable,related,Stanford Encyclopedia of Philosophy: analysis of,https://plato.stanford.edu/entries/knowledge-analysis/,2026-09-09,candidate
PHC-200,Epistemology,Justification & Evidence,Analytic Philosophy,Reliabilism (Goldman),Trustworthiness; competence; reliable process,Assembly-line quality stamp; calibrated instrument reading; certification mark; factory inspection pass; tolerance within spec,symbol_mediated,snapshot,Treat the anchor as a culturally contingent cue and state the anchor-to-symbol rationale.,not_applicable,direct,Stanford Encyclopedia of Philosophy: reliabilist epistemology,https://plato.stanford.edu/entries/reliabilism/,2026-09-09,candidate
PHC-201,Epistemology,Justification & Evidence,Contemporary Epistemology,"Epistemic Contextualism (Dretske, Lewis)",Varying by context; contextual shift,Swimsuit out of place in office vs beach; same sentence weight in study vs court; same lamp brightness day vs night; same person in different social roles,context_heavy,snapshot,"Require corroborating text, provenance, sequence, or multiple independent visual anchors.",not_applicable,direct,"Stanford Encyclopedia of Philosophy: contextualism, epistemic",https://plato.stanford.edu/entries/contextualism-epistemology/,2026-09-09,candidate
PHC-202,Epistemology,Justification & Evidence,Contemporary Epistemology,Epistemic Luck (Pritchard),Fortuity; accidental gain; unexpected discovery,Blindfolded arrow hitting bullseye; random lottery win; flipping to answer by chance; wrong path leading to destination; fate-like coincidence,symbol_mediated,snapshot,Treat the anchor as a culturally contingent cue and state the anchor-to-symbol rationale.,not_applicable,contextual,Stanford Encyclopedia of Philosophy: epistemology,https://plato.stanford.edu/entries/epistemology/,2026-09-09,ontology_only
PHC-203,Epistemology,Justification & Evidence,Contemporary Epistemology,Evidence,information that bears on the truth or justification of a claim,an observation or record explicitly linked to a claim; competing evidence arranged for comparison; a measurement changing a stated conclusion,context_heavy,process,"Require corroborating text, provenance, sequence, or multiple independent visual anchors.",not_applicable,direct,Stanford Encyclopedia of Philosophy: evidence,https://plato.stanford.edu/entries/evidence/,2026-09-09,candidate
PHC-204,Epistemology,Justification & Evidence,Contemporary Epistemology,"Evidentialism (Clifford, Conee)",Evidence-based; well-grounded; checkable,Scale weights adding; stacked court files; architect's diagonal braces; layered blocks not collapsing; rechecked data,symbol_mediated,snapshot,Treat the anchor as a culturally contingent cue and state the anchor-to-symbol rationale.,not_applicable,contextual,Stanford Encyclopedia of Philosophy: epistemology,https://plato.stanford.edu/entries/epistemology/,2026-09-09,ontology_only
PHC-205,Epistemology,Justification & Evidence,Contemporary Epistemology,Higher-Order Evidence,evidence about the quality of one's evidence or reasoning,two equally informed observers disagreeing; a calibration result about an instrument; a reliability warning attached to an earlier conclusion,context_heavy,process,"Require corroborating text, provenance, sequence, or multiple independent visual anchors.",not_applicable,direct,"Stanford Encyclopedia of Philosophy: evidence, higher-order",https://plato.stanford.edu/entries/higher-order-evidence/,2026-09-09,candidate
PHC-206,Epistemology,Justification & Evidence,Contemporary Epistemology,Virtue Epistemology (Sosa),Craftsmanship; discernment; cognitive excellence,Craftsman's knowing hands; connoisseur's authenticating gaze; archer's focused breath; experienced doctor's palpation; pianist's key-blind knowing,symbol_mediated,snapshot,Treat the anchor as a culturally contingent cue and state the anchor-to-symbol rationale.,not_applicable,direct,Stanford Encyclopedia of Philosophy: virtue,https://plato.stanford.edu/entries/epistemology-virtue/,2026-09-09,candidate
PHC-207,Epistemology,Skepticism & Epistemic Limits,Ancient Greek Philosophy,"Suspension of Judgment (Pyrrho, Sextus)",Non-position; pause; withholding assent,Gavel suspended mid-air; blank paper; scale without weights; pause button lit; empty ballot,symbol_mediated,snapshot,Treat the anchor as a culturally contingent cue and state the anchor-to-symbol rationale.,not_applicable,related,Stanford Encyclopedia of Philosophy: skepticism: ancient,https://plato.stanford.edu/entries/skepticism-ancient/,2026-09-09,candidate
PHC-208,Epistemology,Skepticism & Epistemic Limits,Contemporary Epistemology,Cognitive Closure (Dretske),Limits of knowledge; unknowable domains,Clear but unreachable separation behind glass; two worlds divided by high wall; unreachable shimmer in thick fog; indistinct distance beneath a veil; unclimbable cognitive wall,symbol_mediated,snapshot,Treat the anchor as a culturally contingent cue and state the anchor-to-symbol rationale.,not_applicable,contextual,Stanford Encyclopedia of Philosophy: epistemology,https://plato.stanford.edu/entries/epistemology/,2026-09-09,ontology_only
PHC-209,Epistemology,Skepticism & Epistemic Limits,Modern Philosophy,Dream Argument (Descartes),Blurred boundary; wake-sleep indistinction,Endless spiral staircase; nightmare lingering on waking; lucid dreaming; sand painting erased by wind,symbol_mediated,snapshot,Treat the anchor as a culturally contingent cue and state the anchor-to-symbol rationale.,not_applicable,related,Stanford Encyclopedia of Philosophy: epistemology,https://plato.stanford.edu/entries/descartes-epistemology/,2026-09-09,candidate
PHC-210,Epistemology,Skepticism & Epistemic Limits,Modern Philosophy,Evil Demon Hypothesis (Descartes),Global deception; simulated reality,Nested dreams; triple-screen manipulated feeds; full forged credentials; double-agent identity; Truman Show set,context_heavy,snapshot,"Require corroborating text, provenance, sequence, or multiple independent visual anchors.",not_applicable,related,Stanford Encyclopedia of Philosophy: epistemology,https://plato.stanford.edu/entries/descartes-epistemology/,2026-09-09,candidate
PHC-211,Epistemology,Skepticism & Epistemic Limits,Modern Philosophy,Methodological Doubt (Descartes),Reset; wiping slate; radical rebuilding,Fence around unsafe building; empty desktop; formatted hard drive; zeroed instrument panel; erased blackboard,symbol_mediated,snapshot,Treat the anchor as a culturally contingent cue and state the anchor-to-symbol rationale.,not_applicable,related,Stanford Encyclopedia of Philosophy: epistemology,https://plato.stanford.edu/entries/descartes-epistemology/,2026-09-09,candidate
PHC-212,Epistemology,Skepticism & Epistemic Limits,Pragmatism,Doubt (Peirce),Discomfort; disturbance; disequilibrium,Wobbly new chair; temperature swings; fork in road; roadblock on familiar path; crossed-out answer without new one,symbol_mediated,snapshot,Treat the anchor as a culturally contingent cue and state the anchor-to-symbol rationale.,not_applicable,thinker_or_tradition,"Stanford Encyclopedia of Philosophy: Peirce, Charles Sanders",https://plato.stanford.edu/entries/peirce/,2026-09-09,ontology_only
PHC-213,Epistemology,Skepticism & Epistemic Limits,Pragmatism,"Fallibilism (Peirce, Popper)",Revisable; error-tolerant; non-absolute,Pencil with eraser; repeatedly revised draft; draft vs final version; undo key; correction tape overlay,symbol_mediated,snapshot,Treat the anchor as a culturally contingent cue and state the anchor-to-symbol rationale.,not_applicable,related,Stanford Encyclopedia of Philosophy: pragmatism,https://plato.stanford.edu/entries/pragmatism/,2026-09-09,candidate
PHC-214,Epistemology,"Inference, Logic & Argumentation",Analytic Philosophy,"Logical Atomism (Russell, Wittgenstein)",Decomposition; basic units; irreducible,Clockwork gears; periodic-table atoms; Lego base blocks; molecular model; indivisible elements,symbol_mediated,snapshot,Treat the anchor as a culturally contingent cue and state the anchor-to-symbol rationale.,not_applicable,direct,Stanford Encyclopedia of Philosophy: Russell's,https://plato.stanford.edu/entries/logical-atomism/,2026-09-09,candidate
PHC-215,Epistemology,"Inference, Logic & Argumentation",Analytic Philosophy,"Logical Construction (Russell, Carnap)",Reduction; composition; complex as constructed,Lego castle into base blocks; syntax tree decomposition; bridge into parts; machine disassembled; building into materials,symbol_mediated,snapshot,Treat the anchor as a culturally contingent cue and state the anchor-to-symbol rationale.,not_applicable,direct,Stanford Encyclopedia of Philosophy: logical constructions,https://plato.stanford.edu/entries/logical-construction/,2026-09-09,candidate
PHC-216,Epistemology,"Inference, Logic & Argumentation",Ancient Greek Philosophy,"Reason (Plato, Aristotle)",Restraint; deliberation; transcending emotion,Balanced scales; pensive chess player; checkerboard; solemn judge; upright columns,context_heavy,snapshot,"Require corroborating text, provenance, sequence, or multiple independent visual anchors.",not_applicable,thinker_or_tradition,Stanford Encyclopedia of Philosophy: Plato,https://plato.stanford.edu/entries/plato/,2026-09-09,ontology_only
PHC-217,Epistemology,"Inference, Logic & Argumentation",Contemporary Epistemology,Abduction,inference to the best explanation; competing hypotheses,clues connected to several hypotheses; a detective board narrowing alternatives; one explanation fitting more observations than its rivals,context_heavy,snapshot,"Require corroborating text, provenance, sequence, or multiple independent visual anchors.",not_applicable,direct,Stanford Encyclopedia of Philosophy: abduction,https://plato.stanford.edu/entries/abduction/,2026-09-09,candidate
PHC-218,Epistemology,"Inference, Logic & Argumentation",German Idealism,Dialectical Antithesis (Hegel),Opposition; negation; resistance,Wind bending sprout; objector rising to rebut; weight on other pan; mirror reversal; dissonant note,symbol_mediated,snapshot,Treat the anchor as a culturally contingent cue and state the anchor-to-symbol rationale.,not_applicable,thinker_or_tradition,"Stanford Encyclopedia of Philosophy: Hegel, Georg Wilhelm Friedrich",https://plato.stanford.edu/entries/hegel/,2026-09-09,ontology_only
PHC-219,Epistemology,"Inference, Logic & Argumentation",German Idealism,Dialectical Synthesis (Hegel),Integration; transcendence; reconciliation,Sprout becoming fruit; handshake agreement; balanced scales; dissonance resolving into harmony; higher unity,symbol_mediated,process,Treat the anchor as a culturally contingent cue and state the anchor-to-symbol rationale.,not_applicable,thinker_or_tradition,"Stanford Encyclopedia of Philosophy: Hegel, Georg Wilhelm Friedrich",https://plato.stanford.edu/entries/hegel/,2026-09-09,ontology_only
PHC-220,Epistemology,"Inference, Logic & Argumentation",German Idealism,Dialectical Thesis (Hegel),Proposition; beginning; affirmation,First sprout from seed; first speaker rising; weight on one pan; first musical note; first pile driven,symbol_mediated,snapshot,Treat the anchor as a culturally contingent cue and state the anchor-to-symbol rationale.,not_applicable,thinker_or_tradition,"Stanford Encyclopedia of Philosophy: Hegel, Georg Wilhelm Friedrich",https://plato.stanford.edu/entries/hegel/,2026-09-09,ontology_only
PHC-221,Epistemology,"Inference, Logic & Argumentation",Informal Logic,Argument and Argumentation,premises supporting a conclusion; objection and reply,a debate with claims and reasons visible in text; premise boxes linked to a conclusion; opposing reasons arranged around a disputed claim,context_heavy,process,"Require corroborating text, provenance, sequence, or multiple independent visual anchors.",not_applicable,direct,Stanford Encyclopedia of Philosophy: argument and argumentation,https://plato.stanford.edu/entries/argument/,2026-09-09,candidate
PHC-222,Epistemology,"Inference, Logic & Argumentation",Kantian Epistemology,Reason (Kant),Transcendence; unconditioned; infinite,Mountaineer gazing at horizon; moth to sun; rocket breaching atmosphere; eye following bird's disappearance; ship sailing toward horizon,context_heavy,snapshot,"Require corroborating text, provenance, sequence, or multiple independent visual anchors.",not_applicable,thinker_or_tradition,"Stanford Encyclopedia of Philosophy: Kant, Immanuel",https://plato.stanford.edu/entries/kant/,2026-09-09,ontology_only
PHC-223,Epistemology,"Inference, Logic & Argumentation",Medieval Philosophy,Ockham's Razor (Ockham),Simplicity; parsimony; elimination of excess,Razor shaving excess wood; pruning dense branches; clearing cluttered desk; deleting redundant words; removing ornament,symbol_mediated,snapshot,Treat the anchor as a culturally contingent cue and state the anchor-to-symbol rationale.,not_applicable,related,Stanford Encyclopedia of Philosophy: simplicity,https://plato.stanford.edu/entries/simplicity/,2026-09-09,candidate
PHC-224,Epistemology,"Inference, Logic & Argumentation",Modern Philosophy,Principle of Sufficient Reason (Leibniz),Causality; chain; necessity,Falling dominoes; billiard-ball collision; meshed gears; linked chain; complete clue trail,context_heavy,snapshot,"Require corroborating text, provenance, sequence, or multiple independent visual anchors.",not_applicable,direct,Stanford Encyclopedia of Philosophy: principle of sufficient reason,https://plato.stanford.edu/entries/sufficient-reason/,2026-09-09,candidate
PHC-225,Epistemology,"Inference, Logic & Argumentation",Modern Philosophy,Problem of Induction (Hume),Overreach; anomaly; unresolved,Black swan among white; first anomaly after thousand trials; sudden downpour after clear forecast; unexpected twist; gap between known points and unknown curve,symbol_mediated,snapshot,Treat the anchor as a culturally contingent cue and state the anchor-to-symbol rationale.,not_applicable,direct,Stanford Encyclopedia of Philosophy: problem of,https://plato.stanford.edu/entries/induction-problem/,2026-09-09,candidate
PHC-226,Epistemology,"Inference, Logic & Argumentation",Philosophy of Reasoning,Analogy and Analogical Reasoning,structural correspondence; transfer by relevant similarity,two systems shown side by side with matched parts; a model mapped onto a target; parallel diagrams connected by correspondence lines,context_heavy,process,"Require corroborating text, provenance, sequence, or multiple independent visual anchors.",not_applicable,direct,Stanford Encyclopedia of Philosophy: analogy and analogical reasoning,https://plato.stanford.edu/entries/reasoning-analogy/,2026-09-09,candidate
PHC-227,Epistemology,Perception & Experience,Ancient Greek Philosophy,Cave Allegory (Plato),Ignorance; awakening; breaking free,Hand shadows on cave wall; slanting beam at entrance; miner rising from shaft; blindfold removed; labyrinth exit to daylight,symbol_mediated,snapshot,Treat the anchor as a culturally contingent cue and state the anchor-to-symbol rationale.,not_applicable,thinker_or_tradition,Stanford Encyclopedia of Philosophy: Plato,https://plato.stanford.edu/entries/plato/,2026-09-09,ontology_only
PHC-228,Epistemology,Perception & Experience,Ancient Greek Philosophy,Divided Line (Plato),Cognitive ladder; progression; ascent,Spiral staircase; gradient colour bands; elevator ascending; perspective depth; basement to tower top,symbol_mediated,snapshot,Treat the anchor as a culturally contingent cue and state the anchor-to-symbol rationale.,not_applicable,thinker_or_tradition,Stanford Encyclopedia of Philosophy: Plato,https://plato.stanford.edu/entries/plato/,2026-09-09,ontology_only
PHC-229,Epistemology,Perception & Experience,Ancient Greek Philosophy,Intelligible World (Plato),Realm of Forms; pure; formless,Golden city above clouds; rotating polyhedron light-shadows; silent starry sky; light descending from above; mathematical formula projection,symbol_mediated,snapshot,Treat the anchor as a culturally contingent cue and state the anchor-to-symbol rationale.,not_applicable,thinker_or_tradition,Stanford Encyclopedia of Philosophy: Plato,https://plato.stanford.edu/entries/plato/,2026-09-09,ontology_only
PHC-230,Epistemology,Perception & Experience,Ancient Greek Philosophy,Sensible World (Plato),Sensory realm; flux; phenomenal change,Glittering water surface; wind-swept wheat; rain hitting banana leaves; molten sunset; flickering candle,symbol_mediated,snapshot,Treat the anchor as a culturally contingent cue and state the anchor-to-symbol rationale.,not_applicable,thinker_or_tradition,Stanford Encyclopedia of Philosophy: Plato,https://plato.stanford.edu/entries/plato/,2026-09-09,ontology_only
PHC-231,Epistemology,Perception & Experience,Contemporary Epistemology,Cognitive Penetration (Siegel),Belief influencing perception; seeing as interpreting,Lover's glow making the beloved more beautiful; expert seeing strategies invisible to novice; world tinted uniform through coloured lenses; slight sway of the world when drunk; bias altering what one sees,context_heavy,snapshot,"Require corroborating text, provenance, sequence, or multiple independent visual anchors.",not_applicable,contextual,Stanford Encyclopedia of Philosophy: epistemology,https://plato.stanford.edu/entries/epistemology/,2026-09-09,ontology_only
PHC-232,Epistemology,Perception & Experience,Contemporary Epistemology,Epistemic Disjunctivism (McDowell),Cognitive difference between veridical and illusory perception,Cross-section of real vs artificial flower; landscape seen vs dreamed; real vs virtual touch; visual difference between genuine and counterfeit banknote; on-site witness vs second-hand photo,symbol_mediated,snapshot,Treat the anchor as a culturally contingent cue and state the anchor-to-symbol rationale.,not_applicable,contextual,Stanford Encyclopedia of Philosophy: epistemology,https://plato.stanford.edu/entries/epistemology/,2026-09-09,ontology_only
PHC-233,Epistemology,Perception & Experience,German Idealism,Perception (Hegel),Identification; naming; denomination,"Mother first naming infant; labelling unknown wildflower; saying ""red"" on seeing red; matching face to name; naming new species",symbol_mediated,snapshot,Treat the anchor as a culturally contingent cue and state the anchor-to-symbol rationale.,not_applicable,thinker_or_tradition,"Stanford Encyclopedia of Philosophy: Hegel, Georg Wilhelm Friedrich",https://plato.stanford.edu/entries/hegel/,2026-09-09,ontology_only
PHC-234,Epistemology,Perception & Experience,German Idealism,Sense-Certainty (Hegel),Primordial; chaos; pre-linguistic,Infant pointing without naming; recoiling from heat; first blurry light; babbling without words; touching without knowing,symbol_mediated,snapshot,Treat the anchor as a culturally contingent cue and state the anchor-to-symbol rationale.,not_applicable,thinker_or_tradition,"Stanford Encyclopedia of Philosophy: Hegel, Georg Wilhelm Friedrich",https://plato.stanford.edu/entries/hegel/,2026-09-09,ontology_only
PHC-235,Epistemology,Perception & Experience,Kantian Epistemology,Phenomena & Noumena (Kant),Appearance vs reality; seen vs actual,Light through door crack without source; blurred figure behind frosted glass; iceberg tip submerged; curtained silhouette; envelope hiding contents,not_image_decidable,snapshot,"Do not assign from a single image without decisive text, provenance, or task context.",not_applicable,related,"Stanford Encyclopedia of Philosophy: Kant, Immanuel",https://plato.stanford.edu/entries/kant/,2026-09-09,ontology_only
PHC-236,Epistemology,Perception & Experience,Kantian Epistemology,Sensibility (Kant),Receptivity; passivity; being given,Raindrop on skin's coolness; retinal inverted image unnoticed; tongue's sour recoil; eardrum vibration; light entering pupil passively,symbol_mediated,snapshot,Treat the anchor as a culturally contingent cue and state the anchor-to-symbol rationale.,not_applicable,thinker_or_tradition,"Stanford Encyclopedia of Philosophy: Kant, Immanuel",https://plato.stanford.edu/entries/kant/,2026-09-09,ontology_only
PHC-237,Epistemology,Perception & Experience,Kantian Epistemology,Transcendental Apperception (Kant),Unity; self; accompanying consciousness,Threads converging at web centre; photo mosaic portrait; all light from one source; tributaries to main river; voices into chord,symbol_mediated,snapshot,Treat the anchor as a culturally contingent cue and state the anchor-to-symbol rationale.,not_applicable,thinker_or_tradition,"Stanford Encyclopedia of Philosophy: Kant, Immanuel",https://plato.stanford.edu/entries/kant/,2026-09-09,ontology_only
PHC-238,Epistemology,Perception & Experience,Modern Philosophy,Apperception (Leibniz),Reflection; self-awareness; turning inward,Two mirrors infinite reflection; hearing own recorded voice as strange; diary self-interrogation; old photo detachment; hearing own breath in solitude,symbol_mediated,snapshot,Treat the anchor as a culturally contingent cue and state the anchor-to-symbol rationale.,not_applicable,thinker_or_tradition,"Stanford Encyclopedia of Philosophy: Leibniz, Gottfried Wilhelm",https://plato.stanford.edu/entries/leibniz/,2026-09-09,ontology_only
PHC-239,Epistemology,Perception & Experience,Modern Philosophy,"Perception (Locke, Hume)",Reception; contact; sensory opening,Fingers on rough bark; light tracing a profile; tongue recoiling from sour; ear to conch hearing tide; palm catching rain,symbol_mediated,snapshot,Treat the anchor as a culturally contingent cue and state the anchor-to-symbol rationale.,not_applicable,thinker_or_tradition,"Stanford Encyclopedia of Philosophy: Locke, John",https://plato.stanford.edu/entries/locke/,2026-09-09,ontology_only
PHC-240,Epistemology,Perception & Experience,Modern Philosophy,Petites Perceptions (Leibniz),Subliminal; latent; sub-conscious,Undercurrent beneath surface; stylus noise at night; imperceptible pulse; moss on stone; low background hum,symbol_mediated,snapshot,Treat the anchor as a culturally contingent cue and state the anchor-to-symbol rationale.,not_applicable,thinker_or_tradition,"Stanford Encyclopedia of Philosophy: Leibniz, Gottfried Wilhelm",https://plato.stanford.edu/entries/leibniz/,2026-09-09,ontology_only
PHC-241,Epistemology,Perception & Experience,Modern Philosophy,"Primary & Secondary Qualities (Locke, Galileo)",Objective vs subjective; physical vs psychological,Marble's cold grey vs cool touch; blade's silver vs sharpness; colour vs fragrance; weight vs pressure; snow's white vs chill,symbol_mediated,snapshot,Treat the anchor as a culturally contingent cue and state the anchor-to-symbol rationale.,not_applicable,thinker_or_tradition,"Stanford Encyclopedia of Philosophy: Locke, John",https://plato.stanford.edu/entries/locke/,2026-09-09,ontology_only
PHC-242,Epistemology,Perception & Experience,Phenomenology,Categorial Intuition (Husserl),Grasping structure; relational cognition,Recognising parallel lines; hearing sonata form; seeing chess tactic; reading structure from score; identifying subject-predicate,symbol_mediated,snapshot,Treat the anchor as a culturally contingent cue and state the anchor-to-symbol rationale.,not_applicable,thinker_or_tradition,"Stanford Encyclopedia of Philosophy: Husserl, Edmund",https://plato.stanford.edu/entries/husserl/,2026-09-09,ontology_only
PHC-243,Epistemology,Perception & Experience,Phenomenology,Constitution (Husserl),Meaning-bestowal; shaping; active formation,Hands shaping on wheel; first line on paper; brush on empty canvas; craftsman forming; architect driving first pile,symbol_mediated,snapshot,Treat the anchor as a culturally contingent cue and state the anchor-to-symbol rationale.,not_applicable,thinker_or_tradition,"Stanford Encyclopedia of Philosophy: Husserl, Edmund",https://plato.stanford.edu/entries/husserl/,2026-09-09,ontology_only
PHC-244,Epistemology,Perception & Experience,Phenomenology,Eidetic Intuition (Husserl),Grasping essence; direct insight into core,Multiple red flowers revealing essence; peeling to core; X-ray exposing bone; cross-section showing interior; removing outer layer,symbol_mediated,snapshot,Treat the anchor as a culturally contingent cue and state the anchor-to-symbol rationale.,not_applicable,related,"Stanford Encyclopedia of Philosophy: Husserl, Edmund",https://plato.stanford.edu/entries/husserl/,2026-09-09,candidate
PHC-245,Epistemology,Perception & Experience,Phenomenology,Epoché (Husserl),Suspending presuppositions; bracketing beliefs,Parentheses around assertion; microscope re-zeroing; old map folded away; loosening strings before tuning; clearing presuppositions,symbol_mediated,snapshot,Treat the anchor as a culturally contingent cue and state the anchor-to-symbol rationale.,not_applicable,related,"Stanford Encyclopedia of Philosophy: Husserl, Edmund",https://plato.stanford.edu/entries/husserl/,2026-09-09,candidate
PHC-246,Epistemology,Perception & Experience,Phenomenology,"Intentionality (Brentano, Husserl)",Directedness; orientation; consciousness toward,Spotlight on empty chair; telescope to star; viewfinder framing; finger pointing; gaze fixed on one,context_heavy,snapshot,"Require corroborating text, provenance, sequence, or multiple independent visual anchors.",not_applicable,direct,Stanford Encyclopedia of Philosophy: intentionality,https://plato.stanford.edu/entries/intentionality/,2026-09-09,candidate
PHC-247,Epistemology,Perception & Experience,Phenomenology,Lifeworld (Husserl),Everyday; pre-reflective; forgotten background,Dawn light through window; kettle steam; last thought before sleep; rain-soaked earth smell; unnoticed bodily comfort,symbol_mediated,snapshot,Treat the anchor as a culturally contingent cue and state the anchor-to-symbol rationale.,not_applicable,related,"Stanford Encyclopedia of Philosophy: Husserl, Edmund",https://plato.stanford.edu/entries/husserl/,2026-09-09,candidate
PHC-248,Epistemology,Perception & Experience,Phenomenology,Noema (Husserl),Object of consciousness; what is intended,Arrow aimed at target; painter facing still life; lens on model; sniper's aim; poet facing landscape,symbol_mediated,snapshot,Treat the anchor as a culturally contingent cue and state the anchor-to-symbol rationale.,not_applicable,related,"Stanford Encyclopedia of Philosophy: Husserl, Edmund",https://plato.stanford.edu/entries/husserl/,2026-09-09,candidate
PHC-249,Epistemology,Perception & Experience,Phenomenology,Noesis (Husserl),Act of intending; the aiming itself,Aiming motion; hand raising brush; finger pressing shutter; trigger pull; writing posture,symbol_mediated,snapshot,Treat the anchor as a culturally contingent cue and state the anchor-to-symbol rationale.,not_applicable,related,"Stanford Encyclopedia of Philosophy: Husserl, Edmund",https://plato.stanford.edu/entries/husserl/,2026-09-09,candidate
PHC-250,Epistemology,Perception & Experience,Phenomenology,Passive Synthesis (Husserl),Automatic fusion; pre-reflective unification,Rain dissolving into white noise; campfire's continuous glow; tidal continuity; unnoticed breath; imperceptible pulse,symbol_mediated,process,Treat the anchor as a culturally contingent cue and state the anchor-to-symbol rationale.,not_applicable,thinker_or_tradition,"Stanford Encyclopedia of Philosophy: Husserl, Edmund",https://plato.stanford.edu/entries/husserl/,2026-09-09,ontology_only
PHC-251,Epistemology,Perception & Experience,Phenomenology,Phenomenological Reduction (Husserl),Bracketing; suspending; neutralization,Hands framing a scene; cinematic masking; frame separating from wall; microscope field focusing; magnifier circling part,symbol_mediated,snapshot,Treat the anchor as a culturally contingent cue and state the anchor-to-symbol rationale.,not_applicable,related,"Stanford Encyclopedia of Philosophy: Husserl, Edmund",https://plato.stanford.edu/entries/husserl/,2026-09-09,candidate
PHC-252,Epistemology,Perception & Experience,Philosophy of Animal Cognition,Animal Cognition (Donald Griffin),perception; learning; memory; problem solving in nonhuman animals,an animal solving a novel task across repeated trials; flexible tool use rather than a fixed reflex; gaze-following or route learning documented by a visible experimental sequence,context_heavy,process,"Require corroborating text, provenance, sequence, or multiple independent visual anchors.",not_applicable,related,Stanford Encyclopedia of Philosophy: cognition,https://plato.stanford.edu/entries/cognition-animal/,2026-09-09,candidate
PHC-253,Epistemology,Perception & Experience,Pragmatism,Experience (Dewey),Interaction; transaction; learning by doing,Hands in soil; net against water; swimmer's push-pull; spatula with ingredients; craftsman's tool-hand co-working,symbol_mediated,snapshot,Treat the anchor as a culturally contingent cue and state the anchor-to-symbol rationale.,not_applicable,thinker_or_tradition,"Stanford Encyclopedia of Philosophy: Dewey, John",https://plato.stanford.edu/entries/dewey/,2026-09-09,ontology_only
PHC-254,Epistemology,"Memory, Imagination & Attention",Ancient Greek Philosophy,Aviary Metaphor (Plato),Capture; entanglement; hunting knowledge,Half-open empty cage; sparrow fluttering in net; dream-catcher with feathers; cupped captured bird; caged bird wanting to fly,symbol_mediated,snapshot,Treat the anchor as a culturally contingent cue and state the anchor-to-symbol rationale.,not_applicable,thinker_or_tradition,Stanford Encyclopedia of Philosophy: Plato,https://plato.stanford.edu/entries/plato/,2026-09-09,ontology_only
PHC-255,Epistemology,"Memory, Imagination & Attention",Ancient Greek Philosophy,Recollection (Plato),Déjà vu; innate memory; soul's echo,Infant gazing at stars; blind men describing elephant; first-visit familiarity; newborn knowing danger; dreamlike familiarity,symbol_mediated,snapshot,Treat the anchor as a culturally contingent cue and state the anchor-to-symbol rationale.,not_applicable,thinker_or_tradition,Stanford Encyclopedia of Philosophy: Plato,https://plato.stanford.edu/entries/plato/,2026-09-09,ontology_only
PHC-256,Epistemology,"Memory, Imagination & Attention",Ancient Greek Philosophy,Wax Block Model of Memory (Plato),memory as impression; retention and distortion,a seal pressed into wax; fading or overlapping impressions; a marked tablet compared with present objects,context_heavy,snapshot,"Require corroborating text, provenance, sequence, or multiple independent visual anchors.",not_applicable,related,Stanford Encyclopedia of Philosophy: on knowledge in the Theaetetus,https://plato.stanford.edu/entries/plato-theaetetus/,2026-09-09,candidate
PHC-257,Epistemology,"Memory, Imagination & Attention",Philosophy of Mind,Attention,selective cognitive priority; focus amid competition,gaze and task materials aligned on one target; a spotlight or camera focus isolating one item; a person missing a salient event while absorbed elsewhere,context_heavy,snapshot,"Require corroborating text, provenance, sequence, or multiple independent visual anchors.",not_applicable,direct,Stanford Encyclopedia of Philosophy: attention,https://plato.stanford.edu/entries/attention/,2026-09-09,candidate
PHC-258,Epistemology,"Memory, Imagination & Attention",Philosophy of Mind,Imagination,"representation of what is absent, fictional, or merely possible",a sketch externalizing an unrealized design; role-play clearly marked as pretend; a depicted contrast between present reality and an imagined alternative,context_heavy,process,"Require corroborating text, provenance, sequence, or multiple independent visual anchors.",self_actualization,direct,Stanford Encyclopedia of Philosophy: imagination,https://plato.stanford.edu/entries/imagination/,2026-09-09,candidate
PHC-259,Epistemology,"Memory, Imagination & Attention",Philosophy of Mind,Memory,"retention, storage, and recollection of information or experience",a person comparing a present object with a dated photograph; a sequence showing recall errors; an archive or diary used to reconstruct an event,context_heavy,longitudinal,"Require corroborating text, provenance, sequence, or multiple independent visual anchors.",not_applicable,direct,Stanford Encyclopedia of Philosophy: memory,https://plato.stanford.edu/entries/memory/,2026-09-09,candidate
PHC-260,Epistemology,Mind & Self-Knowledge,Ancient Greek Philosophy,"Nous (Anaxagoras, Aristotle)",Insight; intuition; direct apprehension,Gazing into sun's pupil; blade cutting fruit; ray piercing cloud; eagle locking prey; lightning splitting sky,symbol_mediated,snapshot,Treat the anchor as a culturally contingent cue and state the anchor-to-symbol rationale.,not_applicable,thinker_or_tradition,Stanford Encyclopedia of Philosophy: Aristotle,https://plato.stanford.edu/entries/aristotle/,2026-09-09,ontology_only
PHC-261,Epistemology,Mind & Self-Knowledge,Contemporary Epistemology,Epistemology of Emotion (Jaggar),Emotion as cognition; insight from the margins,Private diary recording truths; unique insights from marginal experience; credibility of emotional evidence; rationality of affective judgments; philosophical weight of everyday experience,context_heavy,snapshot,"Require corroborating text, provenance, sequence, or multiple independent visual anchors.",not_applicable,related,Stanford Encyclopedia of Philosophy: epistemology of,https://plato.stanford.edu/entries/epistemology-geometry/,2026-09-09,candidate
PHC-262,Epistemology,Mind & Self-Knowledge,Contemporary Epistemology,"First-Person Authority (Ryle, Shoemaker)",Self-knowledge; intimate; non-inferential,Knowing one's own pain; unshareable diary; waking dream irrefutable; solitary monologue echo; inner speech unseen,symbol_mediated,snapshot,Treat the anchor as a culturally contingent cue and state the anchor-to-symbol rationale.,not_applicable,direct,Stanford Encyclopedia of Philosophy: authority,https://plato.stanford.edu/entries/authority/,2026-09-09,candidate
PHC-263,Epistemology,Mind & Self-Knowledge,Medieval Philosophy,"Active Intellect (Avicenna, Aquinas)",Illumination; formation; activation,Flint striking sparks; chisel on stone; magnifying glass igniting hay; pen's first mark; seed's bursting force,symbol_mediated,snapshot,Treat the anchor as a culturally contingent cue and state the anchor-to-symbol rationale.,not_applicable,thinker_or_tradition,"Stanford Encyclopedia of Philosophy: Aquinas, Thomas",https://plato.stanford.edu/entries/aquinas/,2026-09-09,ontology_only
PHC-264,Epistemology,Mind & Self-Knowledge,Medieval Philosophy,"Passive Intellect (Avicenna, Aquinas)",Reception; impressionability; being shaped,Wax receiving seal; blank page awaiting writing; screen awaiting projection; empty bowl; clay awaiting form,symbol_mediated,snapshot,Treat the anchor as a culturally contingent cue and state the anchor-to-symbol rationale.,not_applicable,thinker_or_tradition,"Stanford Encyclopedia of Philosophy: Aquinas, Thomas",https://plato.stanford.edu/entries/aquinas/,2026-09-09,ontology_only
PHC-265,Epistemology,Mind & Self-Knowledge,Neurophilosophy,Empathy and Mirror-Neuron Hypotheses,observed action and neural resonance; proposed mechanism of social understanding,a study diagram linking observed actions to measured neural responses; controlled conditions comparing action observation and execution; a captioned experiment rather than an unaided social scene,not_image_decidable,process,"Do not assign from a single image without decisive text, provenance, or task context.",love_belonging,related,Stanford Encyclopedia of Philosophy: empathy,https://plato.stanford.edu/entries/empathy/,2026-09-09,ontology_only
PHC-266,Epistemology,Mind & Self-Knowledge,Phenomenology,"Pre-Reflective Self-Consciousness (Sartre, Merleau-Ponty)",Unarticulated awareness; non-propositional self,Turning at one's name; knowing oneself in dream; navigating home without thought; body's automatic avoidance; catching falling object reflexively,symbol_mediated,snapshot,Treat the anchor as a culturally contingent cue and state the anchor-to-symbol rationale.,not_applicable,related,Stanford Encyclopedia of Philosophy: consciousness,https://plato.stanford.edu/entries/consciousness/,2026-09-09,candidate
PHC-267,Epistemology,Mind & Self-Knowledge,Phenomenology,"Self-Awareness (Husserl, Sartre)",Tacit self-givenness; self-presence,Blurred outline in shower steam; hearing own breath; shadow always following; heartbeat in silence; inadvertent mirror glance,symbol_mediated,snapshot,Treat the anchor as a culturally contingent cue and state the anchor-to-symbol rationale.,safety,thinker_or_tradition,"Stanford Encyclopedia of Philosophy: Sartre, Jean-Paul",https://plato.stanford.edu/entries/sartre/,2026-09-09,ontology_only
PHC-268,Epistemology,Mind & Self-Knowledge,Phenomenology,Time-Consciousness (Husserl),Flow; inner temporal threefold,Hourglass sand; train window scenery; sundial shadow; melody unfolding; flowing river,symbol_mediated,snapshot,Treat the anchor as a culturally contingent cue and state the anchor-to-symbol rationale.,not_applicable,related,Stanford Encyclopedia of Philosophy: consciousness,https://plato.stanford.edu/entries/consciousness/,2026-09-09,candidate
PHC-269,Epistemology,Mind & Self-Knowledge,Philosophy of Mind,Emotion,"affective state with evaluative, bodily, and action-related aspects",facial expression combined with posture and situation; physiological response paired with an eliciting event; conflicting affective cues,context_heavy,snapshot,"Require corroborating text, provenance, sequence, or multiple independent visual anchors.",not_applicable,direct,Stanford Encyclopedia of Philosophy: emotion,https://plato.stanford.edu/entries/emotion/,2026-09-09,candidate
PHC-270,Epistemology,"Language, Meaning & Representation",Analytic Philosophy,"Logical Form (Wittgenstein, Russell)",Skeleton vs surface; deep structure,Skeleton with different garments; logical tree diagram; same piece in different performances; blueprint vs building; same logical structure across sentences,not_image_decidable,snapshot,"Do not assign from a single image without decisive text, provenance, or task context.",not_applicable,direct,Stanford Encyclopedia of Philosophy: logical form,https://plato.stanford.edu/entries/logical-form/,2026-09-09,ontology_only
PHC-271,Epistemology,"Language, Meaning & Representation",Analytic Philosophy,"Proposition (Frege, Russell)",Judgement-content; truth-bearer,Same content in three languages; same story across translations; same melody across orchestrations; same data in two charts,not_image_decidable,snapshot,"Do not assign from a single image without decisive text, provenance, or task context.",not_applicable,thinker_or_tradition,"Stanford Encyclopedia of Philosophy: Frege, Gottlob",https://plato.stanford.edu/entries/frege/,2026-09-09,ontology_only
PHC-272,Epistemology,"Language, Meaning & Representation",Analytic Philosophy,Reference (Frege),Denotation; extension; object referred,"""Morning Star"" and ""Evening Star"" both refer to Venus; different pen names refer to same person; ancient/modern names same city; two nicknames same person",symbol_mediated,snapshot,Treat the anchor as a culturally contingent cue and state the anchor-to-symbol rationale.,not_applicable,direct,Stanford Encyclopedia of Philosophy: reference,https://plato.stanford.edu/entries/reference/,2026-09-09,candidate
PHC-273,Epistemology,"Language, Meaning & Representation",Analytic Philosophy,Sense (Frege),Meaning; connotation; thought-content,"""Morning Star"" vs ""Evening Star"" different senses; same person's pen names; ancient vs modern city names; two nicknames for one person",symbol_mediated,snapshot,Treat the anchor as a culturally contingent cue and state the anchor-to-symbol rationale.,not_applicable,thinker_or_tradition,"Stanford Encyclopedia of Philosophy: Frege, Gottlob",https://plato.stanford.edu/entries/frege/,2026-09-09,ontology_only
PHC-274,Epistemology,"Language, Meaning & Representation",Analytic Philosophy,"Sentence (Frege, Russell)",Expression form; grammatical structure,"""It's raining"" in three languages; same story in different translations; same melody in different orchestrations; same data in two charts",symbol_mediated,snapshot,Treat the anchor as a culturally contingent cue and state the anchor-to-symbol rationale.,not_applicable,thinker_or_tradition,"Stanford Encyclopedia of Philosophy: Frege, Gottlob",https://plato.stanford.edu/entries/frege/,2026-09-09,ontology_only
PHC-275,Epistemology,"Language, Meaning & Representation",Analytic Philosophy,Theory of Descriptions (Russell),Unique identification; definite description,Pointing to one in crowd; signpost to place; ID to person; display-window item; unique list number,symbol_mediated,snapshot,Treat the anchor as a culturally contingent cue and state the anchor-to-symbol rationale.,not_applicable,direct,Stanford Encyclopedia of Philosophy: descriptions,https://plato.stanford.edu/entries/descriptions/,2026-09-09,candidate
PHC-276,Epistemology,"Language, Meaning & Representation",Analytic Philosophy,"Truth Conditions (Frege, Wittgenstein)",Criterion of correctness; correspondence with fact,Thermometer vs room temperature; photo vs scene; list vs inventory; testimony vs recording; signature vs file,context_heavy,snapshot,"Require corroborating text, provenance, sequence, or multiple independent visual anchors.",not_applicable,thinker_or_tradition,"Stanford Encyclopedia of Philosophy: Frege, Gottlob",https://plato.stanford.edu/entries/frege/,2026-09-09,ontology_only
PHC-277,Epistemology,"Language, Meaning & Representation",Philosophy of Language,Ambiguity,more than one admissible meaning; unresolved interpretation,a reversible figure; a sign or sentence with two readings; one gesture interpreted differently by two observers,symbol_mediated,snapshot,Treat the anchor as a culturally contingent cue and state the anchor-to-symbol rationale.,not_applicable,direct,Stanford Encyclopedia of Philosophy: ambiguity,https://plato.stanford.edu/entries/ambiguity/,2026-09-09,candidate
PHC-278,Epistemology,"Language, Meaning & Representation",Philosophy of Language,Assertion,presenting a proposition as true; speaker commitment,a declarative statement attributed to a speaker; a signed public claim; a claim challenged by an interlocutor,context_heavy,snapshot,"Require corroborating text, provenance, sequence, or multiple independent visual anchors.",not_applicable,direct,Stanford Encyclopedia of Philosophy: assertion,https://plato.stanford.edu/entries/assertion/,2026-09-09,candidate
PHC-279,Epistemology,Social Epistemology & Testimony,Contemporary Epistemology,Collective Knowledge (Gilbert),Community knowing; joint cognitive effort,Orchestra remembering a piece together; research team's shared conclusion; jury's collective verdict; academic community's shared paradigm; engineering team's shared understanding of a system,context_heavy,snapshot,"Require corroborating text, provenance, sequence, or multiple independent visual anchors.",self_actualization,related,Stanford Encyclopedia of Philosophy: social,https://plato.stanford.edu/entries/epistemology-social/,2026-09-09,candidate
PHC-280,Epistemology,Social Epistemology & Testimony,Contemporary Epistemology,Expert Knowledge (Goldman),Division of epistemic labour; lay trust in experts,Expert witness in court; patient trusting surgeon's judgment; passenger trusting pilot's decision; peer review reliance; public trust in epidemiologists during pandemic,context_heavy,snapshot,"Require corroborating text, provenance, sequence, or multiple independent visual anchors.",self_actualization,related,Stanford Encyclopedia of Philosophy: social,https://plato.stanford.edu/entries/epistemology-social/,2026-09-09,candidate
PHC-281,Epistemology,Social Epistemology & Testimony,Contemporary Epistemology,Social Epistemology (Goldman),Collective knowledge; testimony of others,Round-table scholars; co-authored lab papers; think-tank collective reports; scientific consensus formation; multi-disciplinary expert consultation,context_heavy,snapshot,"Require corroborating text, provenance, sequence, or multiple independent visual anchors.",not_applicable,related,Stanford Encyclopedia of Philosophy: social,https://plato.stanford.edu/entries/epistemology-social/,2026-09-09,candidate
PHC-282,Epistemology,Social Epistemology & Testimony,Contemporary Epistemology,"Testimony (Austin, Pollock)",Transmission; referral; reliance on others,Relay runner passing message; master's oral transmission; teacher lecturing student writing; stories handed down; archaeologist inferring from records,context_heavy,snapshot,"Require corroborating text, provenance, sequence, or multiple independent visual anchors.",not_applicable,related,Stanford Encyclopedia of Philosophy: epistemological problems of,https://plato.stanford.edu/entries/testimony-episprob/,2026-09-09,candidate
PHC-283,Epistemology,Social Epistemology & Testimony,Feminist Epistemology,Feminist Epistemology and Philosophy of Science,situated knowledge; power in inquiry; credibility and exclusion,one speaker's testimony discounted while an equivalent speaker is heard; contributors excluded from an inquiry table; standpoint differences made visible in evidence collection,context_heavy,process,"Require corroborating text, provenance, sequence, or multiple independent visual anchors.",esteem,direct,"Stanford Encyclopedia of Philosophy: feminist philosophy, interventions: epistemology and philosophy of science",https://plato.stanford.edu/entries/feminism-epistemology/,2026-09-09,candidate
PHC-284,Epistemology,Social Epistemology & Testimony,Philosophy of Mind and Social Cognition,Implicit Bias,automatic or unacknowledged associations affecting judgment,matched cases treated differently across repeated decisions; evaluation patterns correlated with a social marker; a controlled comparison revealing inconsistent judgment,not_image_decidable,longitudinal,"Do not assign from a single image without decisive text, provenance, or task context.",not_applicable,direct,"Stanford Encyclopedia of Philosophy: bias, implicit",https://plato.stanford.edu/entries/implicit-bias/,2026-09-09,ontology_only
PHC-285,Epistemology,Philosophy of Science,Contemporary Epistemology,Naturalized Epistemology (Quine),Scientific turn in epistemology; naturalising cognition,Brain scans replacing a priori speculation; cognitive-psychology experiments replacing conceptual analysis; evolutionary explanations of cognitive origins; developmental studies of concept acquisition; neural explanations of perception,symbol_mediated,snapshot,Treat the anchor as a culturally contingent cue and state the anchor-to-symbol rationale.,not_applicable,direct,Stanford Encyclopedia of Philosophy: naturalism in,https://plato.stanford.edu/entries/epistemology-naturalized/,2026-09-09,candidate
PHC-286,Epistemology,Philosophy of Science,Philosophy of Biology,Adaptationism,trait as adaptation; function; natural-selection explanation,a comparative diagram linking a heritable trait to reproductive advantage; a population sequence showing differential survival or reproduction; competing adaptive and nonadaptive explanations for the same trait,context_heavy,longitudinal,"Require corroborating text, provenance, sequence, or multiple independent visual anchors.",not_applicable,direct,Stanford Encyclopedia of Philosophy: adaptationism,https://plato.stanford.edu/entries/adaptationism/,2026-09-09,candidate
PHC-287,Epistemology,"Decision, Risk & Uncertainty",Philosophy of Probability,Risk,uncertain possible harm considered with likelihood and stakes,a warning sign paired with a hazardous condition; safety equipment selected for a stated probability; options compared by possible losses,context_heavy,process,"Require corroborating text, provenance, sequence, or multiple independent visual anchors.",safety,direct,Stanford Encyclopedia of Philosophy: risk,https://plato.stanford.edu/entries/risk/,2026-09-09,candidate
PHC-288,Epistemology,"Decision, Risk & Uncertainty",Philosophy of Rationality,Bounded Rationality,"decision under limited information, time, or computation",a deadline clock beside incomplete options; a chooser using a simple rule because the full search is unavailable; a map with only partial routes shown,context_heavy,process,"Require corroborating text, provenance, sequence, or multiple independent visual anchors.",not_applicable,direct,Stanford Encyclopedia of Philosophy: bounded rationality,https://plato.stanford.edu/entries/bounded-rationality/,2026-09-09,candidate
PHC-289,Epistemology,Religious & Existential Epistemology,Existentialism,Leap of Faith (Kierkegaard),Solitary leap; all-in commitment,Jumping off cliff into invisible; diving into deep water; desperate gesture; suspended take-off; blind bet,symbol_mediated,snapshot,Treat the anchor as a culturally contingent cue and state the anchor-to-symbol rationale.,not_applicable,thinker_or_tradition,"Stanford Encyclopedia of Philosophy: Kierkegaard, Søren",https://plato.stanford.edu/entries/kierkegaard/,2026-09-09,ontology_only
PHC-290,Epistemology,Religious & Existential Epistemology,Existentialism,Subjective Truth (Kierkegaard),Personal experience; inward authenticity,Unsent letter; tear-blurred words in diary; private handwriting; unknown vow; writing only for oneself at night,symbol_mediated,snapshot,Treat the anchor as a culturally contingent cue and state the anchor-to-symbol rationale.,not_applicable,thinker_or_tradition,"Stanford Encyclopedia of Philosophy: Kierkegaard, Søren",https://plato.stanford.edu/entries/kierkegaard/,2026-09-09,ontology_only
PHC-291,Axiology,Normative & Virtue Ethics,Ancient Greek Ethics,Eros (Plato),Longing; desire for beauty and good,Moth-to-flame attraction; vine reaching for light; magnetic attraction; compass pointing north,symbol_mediated,snapshot,Treat the anchor as a culturally contingent cue and state the anchor-to-symbol rationale.,not_applicable,thinker_or_tradition,Stanford Encyclopedia of Philosophy: Plato,https://plato.stanford.edu/entries/plato/,2026-09-09,ontology_only
PHC-292,Axiology,Normative & Virtue Ethics,Ancient Greek Ethics,Eudaimonia / Flourishing (Aristotle),Flourishing life; activity in accordance with virtue,Fruit-laden tree; successful performance; bountiful harvest; completed building,symbol_mediated,longitudinal,Treat the anchor as a culturally contingent cue and state the anchor-to-symbol rationale.,self_actualization,related,Stanford Encyclopedia of Philosophy: ethics,https://plato.stanford.edu/entries/aristotle-ethics/,2026-09-09,candidate
PHC-293,Axiology,Normative & Virtue Ethics,Ancient Greek Ethics,Form of the Good (Plato),Ultimate Form; sun of the Good,Sun illuminating all; highest light-source; guiding North Star; pyramid's apex,symbol_mediated,snapshot,Treat the anchor as a culturally contingent cue and state the anchor-to-symbol rationale.,not_applicable,thinker_or_tradition,Stanford Encyclopedia of Philosophy: Plato,https://plato.stanford.edu/entries/plato/,2026-09-09,ontology_only
PHC-294,Axiology,Normative & Virtue Ethics,Ancient Greek Ethics,Friendship / Philia (Aristotle),Bonds of affection; mutual flourishing,Two trees standing side by side; entwined vines; clasped hands; sharing one umbrella,symbol_mediated,snapshot,Treat the anchor as a culturally contingent cue and state the anchor-to-symbol rationale.,love_belonging,direct,Stanford Encyclopedia of Philosophy: friendship,https://plato.stanford.edu/entries/friendship/,2026-09-09,candidate
PHC-295,Axiology,Normative & Virtue Ethics,Ancient Greek Ethics,Highest Good (Aristotle),Ultimate end; perfect state,Sunrise at mountain top; finish line reached; complete circle; full-blown flower,symbol_mediated,snapshot,Treat the anchor as a culturally contingent cue and state the anchor-to-symbol rationale.,not_applicable,related,Stanford Encyclopedia of Philosophy: ethics,https://plato.stanford.edu/entries/aristotle-ethics/,2026-09-09,candidate
PHC-296,Axiology,Normative & Virtue Ethics,Ancient Greek Ethics,Pleasure (Plato),Sensory delight; immediate satisfaction,Sweetness on tongue; warm sunlight; gentle breeze; ripe fruit,symbol_mediated,snapshot,Treat the anchor as a culturally contingent cue and state the anchor-to-symbol rationale.,not_applicable,direct,Stanford Encyclopedia of Philosophy: pleasure,https://plato.stanford.edu/entries/pleasure/,2026-09-09,candidate
PHC-297,Axiology,Normative & Virtue Ethics,Ancient Greek Ethics,Virtue (Aristotle),Excellence of character; habituation; mean,Polished blade; trained athlete; neatly pruned tree; precise scales,symbol_mediated,snapshot,Treat the anchor as a culturally contingent cue and state the anchor-to-symbol rationale.,not_applicable,related,Stanford Encyclopedia of Philosophy: ethics,https://plato.stanford.edu/entries/aristotle-ethics/,2026-09-09,candidate
PHC-298,Axiology,Normative & Virtue Ethics,Applied Ethics,Charity (Kant),Giving; unconditional aid,Hand holding gift; coin into donation box; offered food; open relief door,symbol_mediated,snapshot,Treat the anchor as a culturally contingent cue and state the anchor-to-symbol rationale.,not_applicable,thinker_or_tradition,"Stanford Encyclopedia of Philosophy: Kant, Immanuel",https://plato.stanford.edu/entries/kant/,2026-09-09,ontology_only
PHC-299,Axiology,Normative & Virtue Ethics,Applied Ethics,Forgiveness (Arendt),Letting go; releasing resentment,Unclenched fist; untied knot; clearing sky; outstretched handshake,symbol_mediated,snapshot,Treat the anchor as a culturally contingent cue and state the anchor-to-symbol rationale.,not_applicable,direct,Stanford Encyclopedia of Philosophy: forgiveness,https://plato.stanford.edu/entries/forgiveness/,2026-09-09,candidate
PHC-300,Axiology,Normative & Virtue Ethics,Applied Ethics,Gratitude (Cicero),Reciprocation; thankfulness,Returned gift; bow of thanks; sent thank-you card; imagery of repaying kindness,symbol_mediated,snapshot,Treat the anchor as a culturally contingent cue and state the anchor-to-symbol rationale.,not_applicable,direct,Stanford Encyclopedia of Philosophy: gratitude,https://plato.stanford.edu/entries/gratitude/,2026-09-09,candidate
PHC-301,Axiology,Normative & Virtue Ethics,Applied Ethics,Humility / Modesty,Low-key; self-effacing,Bowed rice-plant; subdued light; half-step back; lowered stance,symbol_mediated,snapshot,Treat the anchor as a culturally contingent cue and state the anchor-to-symbol rationale.,esteem,related,Stanford Encyclopedia of Philosophy: modesty and humility,https://plato.stanford.edu/entries/modesty-humility/,2026-09-09,candidate
PHC-302,Axiology,Normative & Virtue Ethics,Applied Ethics,Integrity (Williams),Consistency; holding principles,Straight ruler; constant north-pointing compass; unyielding pillar; consistent mirror-reflection,symbol_mediated,snapshot,Treat the anchor as a culturally contingent cue and state the anchor-to-symbol rationale.,not_applicable,direct,Stanford Encyclopedia of Philosophy: integrity,https://plato.stanford.edu/entries/integrity/,2026-09-09,candidate
PHC-303,Axiology,Normative & Virtue Ethics,Applied Ethics,Loyalty (Josiah Royce),Steadfast commitment; unwavering adherence,Anchored ship; standing flag; constant compass; ever-present shadow,symbol_mediated,snapshot,Treat the anchor as a culturally contingent cue and state the anchor-to-symbol rationale.,love_belonging,direct,Stanford Encyclopedia of Philosophy: loyalty,https://plato.stanford.edu/entries/loyalty/,2026-09-09,candidate
PHC-304,Axiology,Normative & Virtue Ethics,Applied Ethics,Respect (Kant),Dignity; treating persons as ends,Formal bow; level gaze; personal space; listening posture,symbol_mediated,snapshot,Treat the anchor as a culturally contingent cue and state the anchor-to-symbol rationale.,esteem,direct,Stanford Encyclopedia of Philosophy: respect,https://plato.stanford.edu/entries/respect/,2026-09-09,candidate
PHC-305,Axiology,Normative & Virtue Ethics,Augustinian Ethics,Eternal Law (Augustine),Divine order; cosmic law,Heavenly law covering all; inextinguishable divine light; stone tablets through ages; universe-gears,context_heavy,snapshot,"Require corroborating text, provenance, sequence, or multiple independent visual anchors.",not_applicable,related,Stanford Encyclopedia of Philosophy: Augustine of Hippo,https://plato.stanford.edu/entries/augustine/,2026-09-09,candidate
PHC-306,Axiology,Normative & Virtue Ethics,Chinese Ethics,Filial Piety and Fraternal Duty (Confucius),Family ethics; ordering by age,Elder-younger supporting hands; family-tree branches; ordered seating; transmitted family precepts,symbol_mediated,snapshot,Treat the anchor as a culturally contingent cue and state the anchor-to-symbol rationale.,not_applicable,thinker_or_tradition,Stanford Encyclopedia of Philosophy: Confucius,https://plato.stanford.edu/entries/confucius/,2026-09-09,ontology_only
PHC-307,Axiology,Normative & Virtue Ethics,Chinese Ethics,Innate Moral Knowledge / Liangzhi (Wang Yangming),Inner light; original awareness,Lamp in the heart; self-illuminating mirror; compass self-orienting; seed's vitality,context_heavy,snapshot,"Require corroborating text, provenance, sequence, or multiple independent visual anchors.",self_actualization,contextual,Stanford Encyclopedia of Philosophy: epistemology,https://plato.stanford.edu/entries/epistemology/,2026-09-09,ontology_only
PHC-308,Axiology,Normative & Virtue Ethics,Chinese Ethics,Sense of Shame and Indignation (Mencius),Shame and righteous anger; moral sprout,Blush on face; furrowed brow; stepping back; clenched fist,symbol_mediated,snapshot,Treat the anchor as a culturally contingent cue and state the anchor-to-symbol rationale.,esteem,thinker_or_tradition,Stanford Encyclopedia of Philosophy: Mencius,https://plato.stanford.edu/entries/mencius/,2026-09-09,ontology_only
PHC-309,Axiology,Normative & Virtue Ethics,Chinese Ethics,Silver Rule (Confucius),Do not do to others...; reciprocity baseline,Symmetrical scales; mirror-reflection; handshake gesture; two-way door,symbol_mediated,snapshot,Treat the anchor as a culturally contingent cue and state the anchor-to-symbol rationale.,not_applicable,thinker_or_tradition,Stanford Encyclopedia of Philosophy: Confucius,https://plato.stanford.edu/entries/confucius/,2026-09-09,ontology_only
PHC-310,Axiology,Normative & Virtue Ethics,Chinese Ethics,Unity of All Things (Cheng Hao),Heaven-human unity; mutual resonance,Root-connected forest; droplet into river; cell into body; stars under one sky,symbol_mediated,snapshot,Treat the anchor as a culturally contingent cue and state the anchor-to-symbol rationale.,not_applicable,contextual,Stanford Encyclopedia of Philosophy: epistemology,https://plato.stanford.edu/entries/epistemology/,2026-09-09,ontology_only
PHC-311,Axiology,Normative & Virtue Ethics,Chinese Ethics,Unity of Knowledge and Action (Wang Yangming),Knowledge-action integrated; word-deed alignment,Gears turning synchronously; feet stepping together; score and performance synchronised; blueprint and construction synchronised,context_heavy,process,"Require corroborating text, provenance, sequence, or multiple independent visual anchors.",self_actualization,contextual,Stanford Encyclopedia of Philosophy: epistemology,https://plato.stanford.edu/entries/epistemology/,2026-09-09,ontology_only
PHC-312,Axiology,Normative & Virtue Ethics,Chinese Ethics,Universal Love (Mozi),Undifferentiated love; equal care,Sun shining equally; rain moistening all; open arms embracing everyone; water flowing to every low place,context_heavy,snapshot,"Require corroborating text, provenance, sequence, or multiple independent visual anchors.",love_belonging,contextual,Stanford Encyclopedia of Philosophy: epistemology,https://plato.stanford.edu/entries/epistemology/,2026-09-09,ontology_only
PHC-313,Axiology,Normative & Virtue Ethics,Indian Buddhist Ethics,Compassion / Karuṇā (Buddhism),Pity; relieving suffering; giving joy,Outstretched helping hand; gentle palm; sprinkling nectar; warm embrace,symbol_mediated,snapshot,Treat the anchor as a culturally contingent cue and state the anchor-to-symbol rationale.,love_belonging,direct,Stanford Encyclopedia of Philosophy: ethics: in Indian Buddhism,https://plato.stanford.edu/entries/ethics-indian-buddhism/,2026-09-09,candidate
PHC-314,Axiology,Normative & Virtue Ethics,Kantian Ethics,Categorical Imperative (Kant),Universal law; rational legislation,Traffic rules applicable to all; universally valid formula; law engraved in heart; universal standard of measure,not_image_decidable,snapshot,"Do not assign from a single image without decisive text, provenance, or task context.",not_applicable,related,Stanford Encyclopedia of Philosophy: moral philosophy,https://plato.stanford.edu/entries/kant-moral/,2026-09-09,ontology_only
PHC-315,Axiology,Normative & Virtue Ethics,Kantian Ethics,Duty (Kant),Ought; obligation; categorical command,Law inscribed on stone tablet; rope of responsibility tied to wrist; inner compass-like guide; unbreakable signpost,context_heavy,snapshot,"Require corroborating text, provenance, sequence, or multiple independent visual anchors.",not_applicable,related,Stanford Encyclopedia of Philosophy: moral philosophy,https://plato.stanford.edu/entries/kant-moral/,2026-09-09,candidate
PHC-316,Axiology,Normative & Virtue Ethics,Metaethics,Principle of Charity,Charitable interpretation; generous understanding,Extended olive branch; judgment with margin; forgiving filter; outstretched handshake,symbol_mediated,snapshot,Treat the anchor as a culturally contingent cue and state the anchor-to-symbol rationale.,not_applicable,related,"Stanford Encyclopedia of Philosophy: beneficence, principle of",https://plato.stanford.edu/entries/principle-beneficence/,2026-09-09,candidate
PHC-317,Axiology,Normative & Virtue Ethics,Moral and Political Philosophy,Autonomy in Moral and Political Philosophy,self-government; freedom from controlling interference; norm-guided choice,a person choosing among accessible alternatives without visible coercion; a consent process showing options and refusal; an institution enabling independent participation,context_heavy,process,"Require corroborating text, provenance, sequence, or multiple independent visual anchors.",esteem,direct,Stanford Encyclopedia of Philosophy: in moral and political philosophy,https://plato.stanford.edu/entries/autonomy-moral/,2026-09-09,candidate
PHC-318,Axiology,Normative & Virtue Ethics,Moral Psychology,Personal Autonomy,governing one's life through values and reflective choice,a person revising a life plan; refusal and alternatives respected during consent; a long-term project chosen and pursued by the same agent,context_heavy,longitudinal,"Require corroborating text, provenance, sequence, or multiple independent visual anchors.",esteem; self_actualization,direct,Stanford Encyclopedia of Philosophy: personal,https://plato.stanford.edu/entries/personal-autonomy/,2026-09-09,candidate
PHC-319,Axiology,Normative & Virtue Ethics,Thomistic Ethics,Natural Law (Aquinas),Eternal law; reflection of rational order,Law engraved in stars; command flowing into rivers; order permeating all; plumb-line running through,context_heavy,snapshot,"Require corroborating text, provenance, sequence, or multiple independent visual anchors.",not_applicable,related,Stanford Encyclopedia of Philosophy: natural law tradition,https://plato.stanford.edu/entries/natural-law-ethics/,2026-09-09,candidate
PHC-320,Axiology,Normative & Virtue Ethics,Utilitarianism,Greatest Happiness Principle (Mill),Aggregate welfare; maximisation of good,Highest-water reservoir; full granary; widest-spreading sunlight; rain benefiting most,symbol_mediated,snapshot,Treat the anchor as a culturally contingent cue and state the anchor-to-symbol rationale.,not_applicable,related,Stanford Encyclopedia of Philosophy: consequentialism,https://plato.stanford.edu/entries/consequentialism/,2026-09-09,candidate
PHC-321,Axiology,Normative & Virtue Ethics,Utilitarianism,Utility (Bentham),Calculation of pleasure/pain; weighing benefit,Scale weighing pleasure/pain; calculator summing utility; ledger of gains/losses; seesaw ends,symbol_mediated,snapshot,Treat the anchor as a culturally contingent cue and state the anchor-to-symbol rationale.,not_applicable,related,Stanford Encyclopedia of Philosophy: consequentialism,https://plato.stanford.edu/entries/consequentialism/,2026-09-09,candidate
PHC-322,Axiology,Normative & Virtue Ethics,Virtue Ethics,Practical Wisdom,good judgment about what to do in particular circumstances,"a decision weighing competing concrete needs; an experienced agent adjusting a rule to a case; action that integrates timing, means, and consequences",context_heavy,process,"Require corroborating text, provenance, sequence, or multiple independent visual anchors.",self_actualization,direct,Stanford Encyclopedia of Philosophy: in contemporary analytic philosophy,https://plato.stanford.edu/entries/wisdom-analytic/,2026-09-09,candidate
PHC-323,Axiology,Metaethics,Metaethics,Agent-Neutral vs Agent-Relative Reasons (Nagel),Universal standpoint vs personal standpoint,Bird's-eye view vs own position; public broadcast vs private whisper; shared map vs personal route; group photo vs selfie,context_heavy,snapshot,"Require corroborating text, provenance, sequence, or multiple independent visual anchors.",not_applicable,related,Stanford Encyclopedia of Philosophy: practical reason,https://plato.stanford.edu/entries/practical-reason/,2026-09-09,candidate
PHC-324,Axiology,Metaethics,Metaethics,Blame (Strawson),Censure; moral condemnation,Pointing finger; frowning look; court interrogation; red warning card,symbol_mediated,snapshot,Treat the anchor as a culturally contingent cue and state the anchor-to-symbol rationale.,not_applicable,direct,Stanford Encyclopedia of Philosophy: blame,https://plato.stanford.edu/entries/blame/,2026-09-09,candidate
PHC-325,Axiology,Metaethics,Metaethics,Consequentialism (Bentham),Outcome-oriented; priority of benefit,Finish-line rank; final ledger balance; final scale-tilt; total exam score,symbol_mediated,snapshot,Treat the anchor as a culturally contingent cue and state the anchor-to-symbol rationale.,not_applicable,direct,Stanford Encyclopedia of Philosophy: consequentialism,https://plato.stanford.edu/entries/consequentialism/,2026-09-09,candidate
PHC-326,Axiology,Metaethics,Metaethics,Desert (Aristotle),Worthiness; justly earned,Awarded medal; reward proportional to labour; deserved harvest; scale-measured just share,symbol_mediated,snapshot,Treat the anchor as a culturally contingent cue and state the anchor-to-symbol rationale.,not_applicable,direct,Stanford Encyclopedia of Philosophy: desert,https://plato.stanford.edu/entries/desert/,2026-09-09,candidate
PHC-327,Axiology,Metaethics,Metaethics,Instrumental Reason (Hume),Means serving ends; efficiency calculation,Choosing right tool from toolbox; shortest-path navigation; gear-train efficiency; abacus calculation,context_heavy,snapshot,"Require corroborating text, provenance, sequence, or multiple independent visual anchors.",not_applicable,thinker_or_tradition,"Stanford Encyclopedia of Philosophy: Hume, David",https://plato.stanford.edu/entries/hume/,2026-09-09,ontology_only
PHC-328,Axiology,Metaethics,Metaethics,Internal and External Reasons (Williams),Inner motivation vs external norm,Spontaneous smile vs formal bow; voluntary giving vs forced obedience; inner fire vs external fuel; self-driven vs pushed step,context_heavy,snapshot,"Require corroborating text, provenance, sequence, or multiple independent visual anchors.",not_applicable,direct,Stanford Encyclopedia of Philosophy: reasons for action: internal vs. external,https://plato.stanford.edu/entries/reasons-internal-external/,2026-09-09,candidate
PHC-329,Axiology,Metaethics,Metaethics,Moral Anti-Realism (Mackie),Moral fiction; no objective ground,Faded map; fictional boundary; phantom ruler; projected false pattern,not_image_decidable,snapshot,"Do not assign from a single image without decisive text, provenance, or task context.",not_applicable,direct,Stanford Encyclopedia of Philosophy: moral anti-realism,https://plato.stanford.edu/entries/moral-anti-realism/,2026-09-09,ontology_only
PHC-330,Axiology,Metaethics,Metaethics,Moral Character (Aristotle),Stable virtuous tendencies,Deep-rooted tree; constant course; habitual action; long-honed skill,context_heavy,snapshot,"Require corroborating text, provenance, sequence, or multiple independent visual anchors.",not_applicable,direct,"Stanford Encyclopedia of Philosophy: character, moral",https://plato.stanford.edu/entries/moral-character/,2026-09-09,candidate
PHC-331,Axiology,Metaethics,Metaethics,Moral Cognitivism,Moral judgments truth-apt; cognitive status,Exam paper verified true/false; scale weighing truth; detector reading; tick/cross judgments,not_image_decidable,snapshot,"Do not assign from a single image without decisive text, provenance, or task context.",not_applicable,direct,"Stanford Encyclopedia of Philosophy: cognitivism vs. non-cognitivism, moral",https://plato.stanford.edu/entries/moral-cognitivism/,2026-09-09,ontology_only
PHC-332,Axiology,Metaethics,Metaethics,Moral Dilemmas,Forced choice; value conflict,Scales with hard-to-balance weights; crossroads; hands in dilemma; tug-of-war stalemate,context_heavy,snapshot,"Require corroborating text, provenance, sequence, or multiple independent visual anchors.",not_applicable,direct,Stanford Encyclopedia of Philosophy: moral dilemmas,https://plato.stanford.edu/entries/moral-dilemmas/,2026-09-09,candidate
PHC-333,Axiology,Metaethics,Metaethics,Moral Disagreement (Mackie),Opposing positions; conflicting judgments,Scale-end dispute; debate podium; forked-road controversy; tug-of-war ends,context_heavy,snapshot,"Require corroborating text, provenance, sequence, or multiple independent visual anchors.",not_applicable,direct,Stanford Encyclopedia of Philosophy: moral disagreement,https://plato.stanford.edu/entries/disagreement-moral/,2026-09-09,candidate
PHC-334,Axiology,Metaethics,Metaethics,Moral Intuitionism (Moore),Moral intuition; self-evident,Instinctively withdrawing hand; seeing-through intuition; reflex-like judgment; unthinking first response,context_heavy,snapshot,"Require corroborating text, provenance, sequence, or multiple independent visual anchors.",not_applicable,direct,Stanford Encyclopedia of Philosophy: moral intuitionism,https://plato.stanford.edu/entries/intuitionism-ethics/,2026-09-09,candidate
PHC-335,Axiology,Metaethics,Metaethics,Moral Luck (Williams),Accidental outcomes affecting moral assessment,Dice-determined outcome; wind-changed trajectory; accidental chain-reaction; lottery-decided fate,context_heavy,snapshot,"Require corroborating text, provenance, sequence, or multiple independent visual anchors.",not_applicable,direct,Stanford Encyclopedia of Philosophy: moral,https://plato.stanford.edu/entries/moral-luck/,2026-09-09,candidate
PHC-336,Axiology,Metaethics,Metaethics,Moral Motivation (Hume),Inner driving force for action,Spring driving gears; spark igniting engine; drawn bowstring; coiled spring,context_heavy,snapshot,"Require corroborating text, provenance, sequence, or multiple independent visual anchors.",not_applicable,direct,Stanford Encyclopedia of Philosophy: moral motivation,https://plato.stanford.edu/entries/moral-motivation/,2026-09-09,candidate
PHC-337,Axiology,Metaethics,Metaethics,Moral Naturalism,Moral properties identical to natural properties; reducible,Colour reduced to wavelength; temperature to molecular motion; sound to vibration; density to mass/volume,not_image_decidable,snapshot,"Do not assign from a single image without decisive text, provenance, or task context.",not_applicable,related,Stanford Encyclopedia of Philosophy: naturalism: moral,https://plato.stanford.edu/entries/naturalism-moral/,2026-09-09,ontology_only
PHC-338,Axiology,Metaethics,Metaethics,Moral Non-Cognitivism (Ayer),Moral statements non-assertoric; emotive expression,Cheers and boos; thumbs up/down; clapping hands; frowning expression,context_heavy,snapshot,"Require corroborating text, provenance, sequence, or multiple independent visual anchors.",not_applicable,thinker_or_tradition,"Stanford Encyclopedia of Philosophy: Ayer, Alfred Jules",https://plato.stanford.edu/entries/ayer/,2026-09-09,ontology_only
PHC-339,Axiology,Metaethics,Metaethics,Moral Non-Naturalism (Moore),Moral irreducible; distinct domain,Music not describable by colour; love not measurable by weight; separate disciplinary boundary; non-convertible units,not_image_decidable,snapshot,"Do not assign from a single image without decisive text, provenance, or task context.",not_applicable,direct,Stanford Encyclopedia of Philosophy: moral non-naturalism,https://plato.stanford.edu/entries/moral-non-naturalism/,2026-09-09,ontology_only
PHC-340,Axiology,Metaethics,Metaethics,Moral Particularism,Situation-dependent; no fixed rules,Tailor suiting to occasion; custom-fit size; route adjusted to conditions; recipe flexibly modified,context_heavy,snapshot,"Require corroborating text, provenance, sequence, or multiple independent visual anchors.",self_actualization,direct,Stanford Encyclopedia of Philosophy: moral particularism,https://plato.stanford.edu/entries/moral-particularism/,2026-09-09,candidate
PHC-341,Axiology,Metaethics,Metaethics,Moral Realism (Plato),Objective moral reality; mind-independent good,North Star in air; law inscribed in stone; independent geometric truth; constant measure,not_image_decidable,snapshot,"Do not assign from a single image without decisive text, provenance, or task context.",not_applicable,direct,Stanford Encyclopedia of Philosophy: moral realism,https://plato.stanford.edu/entries/moral-realism/,2026-09-09,ontology_only
PHC-342,Axiology,Metaethics,Metaethics,Moral Reasoning (Aristotle),Chain of reasoning; premise to conclusion,Domino inference; logical chain; mathematical proof steps; puzzle gradually assembled,context_heavy,snapshot,"Require corroborating text, provenance, sequence, or multiple independent visual anchors.",not_applicable,thinker_or_tradition,Stanford Encyclopedia of Philosophy: Aristotle,https://plato.stanford.edu/entries/aristotle/,2026-09-09,ontology_only
PHC-343,Axiology,Metaethics,Metaethics,Moral Relativism (Protagoras),Culture-dependent; multiple standards,Different regional measures; diverse hand-gestures; varied dress codes; different table manners,context_heavy,snapshot,"Require corroborating text, provenance, sequence, or multiple independent visual anchors.",not_applicable,direct,Stanford Encyclopedia of Philosophy: moral relativism,https://plato.stanford.edu/entries/moral-relativism/,2026-09-09,candidate
PHC-344,Axiology,Metaethics,Metaethics,Moral Requirements and Permissions,Boundary between required and allowed,Traffic-light permission/restriction; door-access rules; rule-book clauses; gate opening/closing,context_heavy,snapshot,"Require corroborating text, provenance, sequence, or multiple independent visual anchors.",not_applicable,related,Stanford Encyclopedia of Philosophy: doing vs. allowing harm,https://plato.stanford.edu/entries/doing-allowing/,2026-09-09,candidate
PHC-345,Axiology,Metaethics,Metaethics,Moral Responsibility (Aristotle),Accountability; attributability,Signed statement of responsibility; hand on steering wheel; shoulder bearing consequence; signature left,context_heavy,snapshot,"Require corroborating text, provenance, sequence, or multiple independent visual anchors.",not_applicable,related,Stanford Encyclopedia of Philosophy: moral responsibility,https://plato.stanford.edu/entries/moral-responsibility/,2026-09-09,candidate
PHC-346,Axiology,Metaethics,Metaethics,Moral Sentimentalism (Hume),Emotion-driven moral judgment,Rising anger; heart-warming feeling; frowning disgust; tearful sympathy,context_heavy,snapshot,"Require corroborating text, provenance, sequence, or multiple independent visual anchors.",not_applicable,direct,Stanford Encyclopedia of Philosophy: moral sentimentalism,https://plato.stanford.edu/entries/moral-sentimentalism/,2026-09-09,candidate
PHC-347,Axiology,Metaethics,Metaethics,Moral Universalism (Kant),Universally applicable; valid everywhere,Unified measure; universal traffic rule; formula valid everywhere; global standard time-zone,not_image_decidable,snapshot,"Do not assign from a single image without decisive text, provenance, or task context.",not_applicable,thinker_or_tradition,"Stanford Encyclopedia of Philosophy: Kant, Immanuel",https://plato.stanford.edu/entries/kant/,2026-09-09,ontology_only
PHC-348,Axiology,Metaethics,Metaethics,Moral-Conventional Distinction,Boundary between morality and convention,Two parallel but distinct tracks; differently coloured labels; separate drawers; side-by-side different materials,context_heavy,snapshot,"Require corroborating text, provenance, sequence, or multiple independent visual anchors.",not_applicable,direct,Stanford Encyclopedia of Philosophy: moral/conventional distinction,https://plato.stanford.edu/entries/moral-conventional/,2026-09-09,candidate
PHC-349,Axiology,Metaethics,Metaethics,Normativity in Metaethics (Moore),"Normative ""ought"" questioning","Compass direction; signpost arrow; legal ""ought"" phrasing; blueprint design standard",not_image_decidable,snapshot,"Do not assign from a single image without decisive text, provenance, or task context.",not_applicable,thinker_or_tradition,"Stanford Encyclopedia of Philosophy: Moore, George Edward",https://plato.stanford.edu/entries/moore/,2026-09-09,ontology_only
PHC-350,Axiology,Metaethics,Metaethics,Practical Reason (Aristotle),Rational deliberation for action,Scale weighing pros/cons; route-planning map; decision-tree branches; deliberate signature,context_heavy,snapshot,"Require corroborating text, provenance, sequence, or multiple independent visual anchors.",not_applicable,related,Stanford Encyclopedia of Philosophy: practical reason,https://plato.stanford.edu/entries/practical-reason/,2026-09-09,candidate
PHC-351,Axiology,Metaethics,Metaethics,Principle of Alternative Possibilities (Frankfurt),Available alternatives; prerequisite for responsibility,Forking choices; existence of backup plan; multiple switches; parallel optional tracks,symbol_mediated,snapshot,Treat the anchor as a culturally contingent cue and state the anchor-to-symbol rationale.,not_applicable,related,Stanford Encyclopedia of Philosophy: moral responsibility,https://plato.stanford.edu/entries/moral-responsibility/,2026-09-09,candidate
PHC-352,Axiology,Metaethics,Metaethics,Reasons for Action (Davidson),Justifying reasons behind action,Reason for opening a door; motive for pressing switch; destination set before departure; thought before raising hand,context_heavy,process,"Require corroborating text, provenance, sequence, or multiple independent visual anchors.",not_applicable,related,Stanford Encyclopedia of Philosophy: practical reason,https://plato.stanford.edu/entries/practical-reason/,2026-09-09,candidate
PHC-353,Axiology,Metaethics,Metaethics,Reflective Equilibrium in Ethics,Mutual adjustment of principles and intuitions,Repeatedly tuning instrument; recalibrated scale; polished lens; corrected map,symbol_mediated,snapshot,Treat the anchor as a culturally contingent cue and state the anchor-to-symbol rationale.,not_applicable,direct,Stanford Encyclopedia of Philosophy: reflective equilibrium,https://plato.stanford.edu/entries/reflective-equilibrium/,2026-09-09,candidate
PHC-354,Axiology,Metaethics,Metaethics,Rights (Kant),Just claim; demandable entitlement,Key to door; pass; reserved-seat ticket; contract clauses,context_heavy,snapshot,"Require corroborating text, provenance, sequence, or multiple independent visual anchors.",not_applicable,direct,Stanford Encyclopedia of Philosophy: rights,https://plato.stanford.edu/entries/rights/,2026-09-09,candidate
PHC-355,Axiology,Metaethics,Metaethics,Skepticism about Moral Responsibility (Galen Strawson),Questioning the justification of blame,Question mark on verdict; loosened chain of responsibility; dismantled causal chain; pending judgment,context_heavy,snapshot,"Require corroborating text, provenance, sequence, or multiple independent visual anchors.",not_applicable,related,Stanford Encyclopedia of Philosophy: about moral responsibility,https://plato.stanford.edu/entries/skepticism-moral-responsibility/,2026-09-09,candidate
PHC-356,Axiology,Metaethics,Metaethics,Supererogation (Urmson),Beyond-duty acts; extra giving,Extra effort; additional practice; beyond-the-call help; detour to assist,symbol_mediated,snapshot,Treat the anchor as a culturally contingent cue and state the anchor-to-symbol rationale.,not_applicable,direct,Stanford Encyclopedia of Philosophy: supererogation,https://plato.stanford.edu/entries/supererogation/,2026-09-09,candidate
PHC-357,Axiology,Metaethics,Metaethics,Thick Ethical Concepts (Williams),Both descriptive and evaluative; dense notions,Seal that labels and judges; report that describes and evaluates; diagnosis that states fact and value; verdict that records and rules,symbol_mediated,snapshot,Treat the anchor as a culturally contingent cue and state the anchor-to-symbol rationale.,not_applicable,direct,Stanford Encyclopedia of Philosophy: thick ethical concepts,https://plato.stanford.edu/entries/thick-ethical-concepts/,2026-09-09,candidate
PHC-358,Axiology,Metaethics,Metaethics,Weakness of Will / Akrasia (Aristotle),Knowing but failing; will-weakness,Hand reaching despite knowing harm; brake released; knee bending; hand breaking vow,symbol_mediated,snapshot,Treat the anchor as a culturally contingent cue and state the anchor-to-symbol rationale.,not_applicable,direct,Stanford Encyclopedia of Philosophy: weakness of will,https://plato.stanford.edu/entries/weakness-will/,2026-09-09,candidate
PHC-359,Axiology,Metaethics,Metaethics,Weighing Reasons (Ross),Choosing among multiple reasons,Multiple weights on scale; combined force of ropes; multi-party opinions; combined puzzle-pieces,context_heavy,snapshot,"Require corroborating text, provenance, sequence, or multiple independent visual anchors.",not_applicable,direct,Stanford Encyclopedia of Philosophy: weighing reasons,https://plato.stanford.edu/entries/weighing-reasons/,2026-09-09,candidate
PHC-360,Axiology,Moral Psychology & Philosophy of Life,Ancient Skepticism,"Ataraxia (Pyrrho, Sextus)",Serenity; equanimity; undisturbed,Rippleless lake-mirror; impassive stone Buddha; eye of storm; calm surface over deep current; still candle flame,symbol_mediated,snapshot,Treat the anchor as a culturally contingent cue and state the anchor-to-symbol rationale.,not_applicable,related,Stanford Encyclopedia of Philosophy: skepticism: ancient,https://plato.stanford.edu/entries/skepticism-ancient/,2026-09-09,candidate
PHC-361,Axiology,Moral Psychology & Philosophy of Life,Existential and Analytic Ethics,Meaning of Life,"meaningfulness, purpose, significance, and value of a life",a life narrative connected across projects and relationships; a memorial linking actions to enduring significance; explicit reflection on purpose in readable text,not_image_decidable,longitudinal,"Do not assign from a single image without decisive text, provenance, or task context.",self_actualization,direct,Stanford Encyclopedia of Philosophy: meaning of,https://plato.stanford.edu/entries/life-meaning/,2026-09-09,ontology_only
PHC-362,Axiology,Moral Psychology & Philosophy of Life,Existentialism,"Anxiety (Kierkegaard, Heidegger)",Unease; vertigo; groundlessness,Insomniac in darkness; bungee-edge toes; height vertigo; mist-obscured path; trembling on single-log bridge,context_heavy,snapshot,"Require corroborating text, provenance, sequence, or multiple independent visual anchors.",not_applicable,thinker_or_tradition,"Stanford Encyclopedia of Philosophy: Heidegger, Martin",https://plato.stanford.edu/entries/heidegger/,2026-09-09,ontology_only
PHC-363,Axiology,Moral Psychology & Philosophy of Life,Existentialism,"Authenticity (Heidegger, Sartre)",Genuine; unpretended; true to self,Unmasked face; solitary cabin in wilderness; stripped label; unretouched detail; post-makeup mirror,context_heavy,snapshot,"Require corroborating text, provenance, sequence, or multiple independent visual anchors.",self_actualization,direct,Stanford Encyclopedia of Philosophy: authenticity,https://plato.stanford.edu/entries/authenticity/,2026-09-09,candidate
PHC-364,Axiology,Moral Psychology & Philosophy of Life,Existentialism,Bad Faith / Self-Deception (Sartre),Self-deception; fleeing freedom; cowardly reliance on others,"Hand covering eyes with fingers apart; actor in costume saying ""I'm just a spectator""; unopened letter trembling in hand; masked dancer forgetting their own face; repeating ""I have no choice"" while knowing otherwise",symbol_mediated,snapshot,Treat the anchor as a culturally contingent cue and state the anchor-to-symbol rationale.,not_applicable,related,"Stanford Encyclopedia of Philosophy: Sartre, Jean-Paul",https://plato.stanford.edu/entries/sartre/,2026-09-09,candidate
PHC-365,Axiology,Moral Psychology & Philosophy of Life,Existentialism,Despair (Kierkegaard),Hopeless clarity; extinction,Empty platform; last light at end times; cracked dry riverbed; flag drooping still; stopped clock hands,context_heavy,snapshot,"Require corroborating text, provenance, sequence, or multiple independent visual anchors.",not_applicable,thinker_or_tradition,"Stanford Encyclopedia of Philosophy: Kierkegaard, Søren",https://plato.stanford.edu/entries/kierkegaard/,2026-09-09,ontology_only
PHC-366,Axiology,Moral Psychology & Philosophy of Life,Moral Psychology,Altruism,other-regarding concern; benefit to another at a cost,a person giving scarce food or time to another; rescue assistance involving visible cost; anonymous aid without an obvious reward,context_heavy,process,"Require corroborating text, provenance, sequence, or multiple independent visual anchors.",love_belonging,direct,Stanford Encyclopedia of Philosophy: altruism,https://plato.stanford.edu/entries/altruism/,2026-09-09,candidate
PHC-367,Axiology,Moral Psychology & Philosophy of Life,Moral Psychology,Empathy,understanding or sharing another's affective perspective,one person responding to another's distress; attentive posture plus context showing perspective-taking; mirrored expression with supportive action,context_heavy,process,"Require corroborating text, provenance, sequence, or multiple independent visual anchors.",love_belonging,direct,Stanford Encyclopedia of Philosophy: empathy,https://plato.stanford.edu/entries/empathy/,2026-09-09,candidate
PHC-368,Axiology,Moral Psychology & Philosophy of Life,Moral Psychology,Hope,desire for a possible good together with orientation toward its possibility,a person preparing for a desired but uncertain outcome; a vigil or waiting scene with an explicit object of hope; a plan maintained despite acknowledged uncertainty,context_heavy,longitudinal,"Require corroborating text, provenance, sequence, or multiple independent visual anchors.",self_actualization,direct,Stanford Encyclopedia of Philosophy: hope,https://plato.stanford.edu/entries/hope/,2026-09-09,candidate
PHC-369,Axiology,Moral Psychology & Philosophy of Life,Moral Psychology,Love,caring attachment; valuing and concern directed toward another,sustained caregiving with a clearly identified relationship; reciprocal affection plus supportive action; sacrifice connected to the loved person's good,context_heavy,longitudinal,"Require corroborating text, provenance, sequence, or multiple independent visual anchors.",love_belonging,direct,Stanford Encyclopedia of Philosophy: love,https://plato.stanford.edu/entries/love/,2026-09-09,candidate
PHC-370,Axiology,Moral Psychology & Philosophy of Life,Phenomenology & Existentialism,Absurd (Camus),Meaninglessness; world's silence,Sisyphus pushing rock; lone walker in desert; unanswered call; idly spinning gear,symbol_mediated,snapshot,Treat the anchor as a culturally contingent cue and state the anchor-to-symbol rationale.,not_applicable,thinker_or_tradition,"Stanford Encyclopedia of Philosophy: Camus, Albert",https://plato.stanford.edu/entries/camus/,2026-09-09,ontology_only
PHC-371,Axiology,Moral Psychology & Philosophy of Life,Phenomenology & Existentialism,Nausea (Sartre),Heaviness of existence; raw awareness,Suddenly seeing tree-roots clearly; floating weightlessness; unfamiliar face in mirror; stomach-churning unease,symbol_mediated,snapshot,Treat the anchor as a culturally contingent cue and state the anchor-to-symbol rationale.,not_applicable,thinker_or_tradition,"Stanford Encyclopedia of Philosophy: Sartre, Jean-Paul",https://plato.stanford.edu/entries/sartre/,2026-09-09,ontology_only
PHC-372,Axiology,Moral Psychology & Philosophy of Life,Value Theory,Well-Being,what makes a person's life go well,"multiple life conditions tracked over time; health, relationships, agency, and activity considered together; a stated preference contrasted with an objective condition",not_image_decidable,longitudinal,"Do not assign from a single image without decisive text, provenance, or task context.",physiological; safety; love_belonging; esteem; self_actualization,direct,Stanford Encyclopedia of Philosophy: well-being,https://plato.stanford.edu/entries/well-being/,2026-09-09,ontology_only
PHC-373,Axiology,Applied & Professional Ethics,Applied Ethics,Dirty Hands Problem (Walzer),Moral compromise; necessary evil,Mud-stained hands; lesser evil chosen; stained but necessary decision; covert trade-off,symbol_mediated,snapshot,Treat the anchor as a culturally contingent cue and state the anchor-to-symbol rationale.,not_applicable,related,"Stanford Encyclopedia of Philosophy: dirty hands, the problem of",https://plato.stanford.edu/entries/dirty-hands/,2026-09-09,candidate
PHC-374,Axiology,Applied & Professional Ethics,Applied Ethics,Ethics of Manipulation,influence that subverts or bypasses another's deliberation,a deceptive interface steering one option; hidden strings controlling a figure; information asymmetry used to channel a decision,context_heavy,process,"Require corroborating text, provenance, sequence, or multiple independent visual anchors.",esteem,direct,"Stanford Encyclopedia of Philosophy: manipulation, ethics of",https://plato.stanford.edu/entries/ethics-manipulation/,2026-09-09,candidate
PHC-375,Axiology,Applied & Professional Ethics,Applied Ethics,Paternalism,Intervening for other's good; proxy-control,Leading rope; steering from behind; guard-rail restriction; parent holding child's hand across street,symbol_mediated,snapshot,Treat the anchor as a culturally contingent cue and state the anchor-to-symbol rationale.,not_applicable,direct,Stanford Encyclopedia of Philosophy: paternalism,https://plato.stanford.edu/entries/paternalism/,2026-09-09,candidate
PHC-376,Axiology,Applied & Professional Ethics,Applied Ethics,Pornography and Censorship,Tension between expression and regulation,Blurred images; censor's red pen; edited-out segments; labelled covers,symbol_mediated,snapshot,Treat the anchor as a culturally contingent cue and state the anchor-to-symbol rationale.,not_applicable,direct,Stanford Encyclopedia of Philosophy: pornography: and censorship,https://plato.stanford.edu/entries/pornography-censorship/,2026-09-09,candidate
PHC-377,Axiology,Applied & Professional Ethics,Applied Ethics,Privacy (Warren & Brandeis),Private sphere; non-intrusion,Drawn curtain; locked door; fenced enclosure; sealed envelope,context_heavy,snapshot,"Require corroborating text, provenance, sequence, or multiple independent visual anchors.",safety,related,Stanford Encyclopedia of Philosophy: privacy,https://plato.stanford.edu/entries/privacy/,2026-09-09,candidate
PHC-378,Axiology,Applied & Professional Ethics,Applied Ethics,Self-Defense,Resisting harm; just counter-action,Raised shield; blocking arm; locked door; erected fence,symbol_mediated,snapshot,Treat the anchor as a culturally contingent cue and state the anchor-to-symbol rationale.,not_applicable,direct,Stanford Encyclopedia of Philosophy: self-defense,https://plato.stanford.edu/entries/self-defense/,2026-09-09,candidate
PHC-379,Axiology,Applied & Professional Ethics,Applied Ethics,Suicide (Hume),Ending life; limit of self-determination,Extinguished candle; last step at cliff; flatlining ECG; falling curtain,symbol_mediated,snapshot,Treat the anchor as a culturally contingent cue and state the anchor-to-symbol rationale.,physiological,direct,Stanford Encyclopedia of Philosophy: suicide,https://plato.stanford.edu/entries/suicide/,2026-09-09,candidate
PHC-380,Axiology,Applied & Professional Ethics,Applied Ethics,Trust,Reliance; entrustment,Handed-over key; clasped hands; entrusted luggage; open door,symbol_mediated,snapshot,Treat the anchor as a culturally contingent cue and state the anchor-to-symbol rationale.,not_applicable,direct,Stanford Encyclopedia of Philosophy: trust,https://plato.stanford.edu/entries/trust/,2026-09-09,candidate
PHC-381,Axiology,Applied & Professional Ethics,Applied Ethics,Vegetarianism (Peter Singer),Abstaining from killing; dietary ethics,Empty plate instead of meat; field vegetables; released animals; green table,symbol_mediated,snapshot,Treat the anchor as a culturally contingent cue and state the anchor-to-symbol rationale.,not_applicable,direct,"Stanford Encyclopedia of Philosophy: vegetarianism, ethics of",https://plato.stanford.edu/entries/vegetarianism/,2026-09-09,candidate
PHC-382,Axiology,Applied & Professional Ethics,Collective Ethics,Collective Responsibility,group accountability; shared or distributed responsibility,a group jointly signing a decision; an organizational chain visibly linked to a harmful outcome; team roles assigned in a shared plan,context_heavy,process,"Require corroborating text, provenance, sequence, or multiple independent visual anchors.",not_applicable,direct,Stanford Encyclopedia of Philosophy: collective,https://plato.stanford.edu/entries/collective-responsibility/,2026-09-09,candidate
PHC-383,Axiology,Bioethics & Health Ethics,Applied Ethics,Abortion Ethics (Thomson),Origin-of-life debate; moral boundary,Unfolding embryo; blurred boundary; life on both scale-pans; pending verdict,symbol_mediated,snapshot,Treat the anchor as a culturally contingent cue and state the anchor-to-symbol rationale.,not_applicable,direct,"Stanford Encyclopedia of Philosophy: abortion, ethics of",https://plato.stanford.edu/entries/abortion/,2026-09-09,candidate
PHC-384,Axiology,Bioethics & Health Ethics,Biomedical Ethics,Advance Directive,Prior wishes; future self-determination,Pre-written letter; sealed instruction; pre-set option; envelope to be opened later,symbol_mediated,snapshot,Treat the anchor as a culturally contingent cue and state the anchor-to-symbol rationale.,not_applicable,direct,Stanford Encyclopedia of Philosophy: advance directives,https://plato.stanford.edu/entries/advance-directives/,2026-09-09,candidate
PHC-385,Axiology,Bioethics & Health Ethics,Biomedical Ethics,Chimera Ethics,Cross-species mixing; blurred boundaries,Spliced biological map; hybrid-gene helix; cross-grafted branches; fused textures,symbol_mediated,snapshot,Treat the anchor as a culturally contingent cue and state the anchor-to-symbol rationale.,not_applicable,contextual,Stanford Encyclopedia of Philosophy: theory,https://plato.stanford.edu/entries/theory-bioethics/,2026-09-09,ontology_only
PHC-386,Axiology,Bioethics & Health Ethics,Biomedical Ethics,Cloning Ethics,Copying; identical genetic reproduction,Mirror-copy image; die-cast replica; DNA-strand copy; printer-batch copies,symbol_mediated,snapshot,Treat the anchor as a culturally contingent cue and state the anchor-to-symbol rationale.,not_applicable,related,Stanford Encyclopedia of Philosophy: cloning,https://plato.stanford.edu/entries/cloning/,2026-09-09,candidate
PHC-387,Axiology,Bioethics & Health Ethics,Biomedical Ethics,Cognitive Impairment and Moral Status,Mental difference and moral consideration,Fluctuating EEG; diverse cognitive-path diagrams; different-tempo clocks; multi-colour cognitive spectrum,context_heavy,snapshot,"Require corroborating text, provenance, sequence, or multiple independent visual anchors.",esteem,related,Stanford Encyclopedia of Philosophy: cognitive disability and moral status,https://plato.stanford.edu/entries/cognitive-disability/,2026-09-09,candidate
PHC-388,Axiology,Bioethics & Health Ethics,Biomedical Ethics,Critical Disability Theory,Redefining disability; social model,Steps replaced by ramp; redrawn normative curve; unconventional classification labels; multi-perspective lens,context_heavy,snapshot,"Require corroborating text, provenance, sequence, or multiple independent visual anchors.",not_applicable,direct,Stanford Encyclopedia of Philosophy: critical disability theory,https://plato.stanford.edu/entries/disability-critical/,2026-09-09,candidate
PHC-389,Axiology,Bioethics & Health Ethics,Biomedical Ethics,Disability and Well-being,Quality of life and self-realisation,Still-flowering after adjustment; adaptive posture; smile after overcoming; diverse happiness-picture,not_image_decidable,longitudinal,"Do not assign from a single image without decisive text, provenance, or task context.",not_applicable,direct,Stanford Encyclopedia of Philosophy: and well-being,https://plato.stanford.edu/entries/disability-well-being/,2026-09-09,ontology_only
PHC-390,Axiology,Bioethics & Health Ethics,Biomedical Ethics,Egg / Sperm Donation and Sale,Ethical boundaries of reproductive resources,Donation box vs market-label; scale weighing ethics and demand; anonymous donor envelope; dividing line between gift and trade,symbol_mediated,snapshot,Treat the anchor as a culturally contingent cue and state the anchor-to-symbol rationale.,not_applicable,related,Stanford Encyclopedia of Philosophy: donation and sale of human eggs and sperm,https://plato.stanford.edu/entries/gametes-donation-sale/,2026-09-09,candidate
PHC-391,Axiology,Bioethics & Health Ethics,Biomedical Ethics,"Ethical, Legal, and Social Issues in Human Genomics",genomic knowledge; prediction and privacy; intervention and inheritance,a DNA sequence linked to a consent form; genomic data behind an access-control screen; family pedigree beside a genetic test result,context_heavy,snapshot,"Require corroborating text, provenance, sequence, or multiple independent visual anchors.",not_applicable,contextual,Stanford Encyclopedia of Philosophy: theory,https://plato.stanford.edu/entries/theory-bioethics/,2026-09-09,ontology_only
PHC-392,Axiology,Bioethics & Health Ethics,Biomedical Ethics,Eugenics (Galton),Selective improvement; controversial genetic engineering,Selected seeds; arranged nursery; genetic markers; chosen samples,symbol_mediated,snapshot,Treat the anchor as a culturally contingent cue and state the anchor-to-symbol rationale.,not_applicable,direct,Stanford Encyclopedia of Philosophy: eugenics,https://plato.stanford.edu/entries/eugenics/,2026-09-09,candidate
PHC-393,Axiology,Bioethics & Health Ethics,Biomedical Ethics,Health and Disease,Boundary between normal and pathological,Thermometer scale; health-index curve; normal/abnormal on scale; diagnostic dividing line,context_heavy,snapshot,"Require corroborating text, provenance, sequence, or multiple independent visual anchors.",physiological,direct,Stanford Encyclopedia of Philosophy: health,https://plato.stanford.edu/entries/health-disease/,2026-09-09,candidate
PHC-394,Axiology,Bioethics & Health Ethics,Biomedical Ethics,Human Enhancement (Sandel),Beyond natural limits; capacity upgrade,Human with wings; enhanced muscles; upgraded chip; athlete beyond limits,symbol_mediated,snapshot,Treat the anchor as a culturally contingent cue and state the anchor-to-symbol rationale.,not_applicable,direct,Stanford Encyclopedia of Philosophy: human enhancement,https://plato.stanford.edu/entries/enhancement/,2026-09-09,candidate
PHC-395,Axiology,Bioethics & Health Ethics,Biomedical Ethics,Informed Consent,disclosure; comprehension; voluntariness; authorization,options and material risks presented in readable form; the decision-maker demonstrating understanding; an uncoerced accept-or-refuse choice with refusal available,context_heavy,process,"Require corroborating text, provenance, sequence, or multiple independent visual anchors.",not_applicable,direct,Stanford Encyclopedia of Philosophy: informed consent,https://plato.stanford.edu/entries/informed-consent/,2026-09-09,candidate
PHC-396,Axiology,Bioethics & Health Ethics,Biomedical Ethics,Mental Disorder,Psychological imbalance; inner storm,Churning clouds; unbalanced scale; erratic wave-curve; wavering needle,symbol_mediated,snapshot,Treat the anchor as a culturally contingent cue and state the anchor-to-symbol rationale.,safety,direct,Stanford Encyclopedia of Philosophy: mental disorder,https://plato.stanford.edu/entries/mental-disorder/,2026-09-09,candidate
PHC-397,Axiology,Bioethics & Health Ethics,Biomedical Ethics,Non-Identity Problem (Parfit),Identity depends on choice; paradoxical existence,Different choices leading to different persons; fork-decided identity; parallel-world self; individual existing because of choice,context_heavy,longitudinal,"Require corroborating text, provenance, sequence, or multiple independent visual anchors.",esteem,direct,Stanford Encyclopedia of Philosophy: nonidentity problem,https://plato.stanford.edu/entries/nonidentity-problem/,2026-09-09,candidate
PHC-398,Axiology,Bioethics & Health Ethics,Biomedical Ethics,Organ Trade,Commodification of the body,Priced organ icon; ethics-vs-benefit scale; traded-resource symbol; contested market-label,symbol_mediated,snapshot,Treat the anchor as a culturally contingent cue and state the anchor-to-symbol rationale.,not_applicable,direct,Stanford Encyclopedia of Philosophy: sale of human organs,https://plato.stanford.edu/entries/organs-sale/,2026-09-09,candidate
PHC-399,Axiology,Bioethics & Health Ethics,Biomedical Ethics,Parenthood and Procreation,Ethics of birth and raising,Newborn in cradle; held little hand; planted family tree; jointly built nest,symbol_mediated,snapshot,Treat the anchor as a culturally contingent cue and state the anchor-to-symbol rationale.,love_belonging,direct,Stanford Encyclopedia of Philosophy: parenthood and procreation,https://plato.stanford.edu/entries/parenthood/,2026-09-09,candidate
PHC-400,Axiology,Bioethics & Health Ethics,Biomedical Ethics,Philosophy of Biomedicine,Philosophical reflection on body and disease,Microscope cellular images; stethoscope against heartbeat; X-ray perspective; layered medical records,symbol_mediated,snapshot,Treat the anchor as a culturally contingent cue and state the anchor-to-symbol rationale.,physiological,related,"Stanford Encyclopedia of Philosophy: biomedicine, philosophy of",https://plato.stanford.edu/entries/biomedicine/,2026-09-09,candidate
PHC-401,Axiology,Bioethics & Health Ethics,Biomedical Ethics,Principle of Beneficence,promoting another's good; preventing or removing harm,care given to an injured person; resources directed to a beneficiary; protective intervention with the recipient and benefit visibly identified,context_heavy,process,"Require corroborating text, provenance, sequence, or multiple independent visual anchors.",love_belonging,direct,"Stanford Encyclopedia of Philosophy: beneficence, principle of",https://plato.stanford.edu/entries/principle-beneficence/,2026-09-09,candidate
PHC-402,Axiology,Bioethics & Health Ethics,Biomedical Ethics,Research Ethics in Clinical Trials,Regulated experimentation; ethical review,Review-committee seal; experiment log; participant's consent file; scale-like risk-benefit,context_heavy,snapshot,"Require corroborating text, provenance, sequence, or multiple independent visual anchors.",not_applicable,related,"Stanford Encyclopedia of Philosophy: ethics, biomedical: clinical research",https://plato.stanford.edu/entries/clinical-research/,2026-09-09,candidate
PHC-403,Axiology,Bioethics & Health Ethics,Biomedical Ethics,Stem Cell Research,Exploration of life's origin; regenerative potential,Sprouting seed; differentiating cells; microscope-visible germ; malleable clay,symbol_mediated,snapshot,Treat the anchor as a culturally contingent cue and state the anchor-to-symbol rationale.,not_applicable,direct,Stanford Encyclopedia of Philosophy: stem cell research,https://plato.stanford.edu/entries/stem-cells/,2026-09-09,candidate
PHC-404,Axiology,Bioethics & Health Ethics,Biomedical Ethics,Voluntary Euthanasia,Voluntary ending of life; autonomy at death,Self-pressed switch; calmly signed document; final farewell; slowly closing eyes,symbol_mediated,snapshot,Treat the anchor as a culturally contingent cue and state the anchor-to-symbol rationale.,physiological,direct,Stanford Encyclopedia of Philosophy: voluntary,https://plato.stanford.edu/entries/euthanasia-voluntary/,2026-09-09,candidate
PHC-405,Axiology,Environmental & Animal Ethics,Environmental Ethics,Biodiversity,Species abundance; ecological network,Leafy ecological tree; colourful coral reef; interwoven food web; diverse species-atlas,symbol_mediated,snapshot,Treat the anchor as a culturally contingent cue and state the anchor-to-symbol rationale.,not_applicable,direct,Stanford Encyclopedia of Philosophy: ecology: biodiversity,https://plato.stanford.edu/entries/biodiversity/,2026-09-09,candidate
PHC-406,Axiology,Environmental & Animal Ethics,Environmental Ethics,Moral Status of Animals (Peter Singer),Care for life; expanding moral circle,Arms outstretched to animals; equal gaze; human-animal co-habitation; helping hand to animal,context_heavy,snapshot,"Require corroborating text, provenance, sequence, or multiple independent visual anchors.",esteem,related,"Stanford Encyclopedia of Philosophy: animals, moral status of",https://plato.stanford.edu/entries/moral-animal/,2026-09-09,candidate
PHC-407,Axiology,Technology & AI Ethics,Applied Ethics,Information Technology & Privacy (Warren & Brandeis),Exposure; boundary intrusion,Opened private mailbox; surveillance camera; transparent wall; read diary,context_heavy,snapshot,"Require corroborating text, provenance, sequence, or multiple independent visual anchors.",safety,related,Stanford Encyclopedia of Philosophy: privacy,https://plato.stanford.edu/entries/privacy/,2026-09-09,candidate
PHC-408,Axiology,Technology & AI Ethics,Ethics of Artificial Intelligence,Algorithmic Fairness,"fairness in automated classification, allocation, or decision systems",matched applicants receiving different automated outcomes; an allocation dashboard exposing group disparities; an appeal process correcting an automated decision,context_heavy,process,"Require corroborating text, provenance, sequence, or multiple independent visual anchors.",esteem,direct,Stanford Encyclopedia of Philosophy: fairness: algorithmic,https://plato.stanford.edu/entries/algorithmic-fairness/,2026-09-09,candidate
PHC-409,Axiology,Political Philosophy & Authority,Applied Ethics,Civil Disobedience (Thoreau),Conscientious resistance; peaceful violation,Sitting protestors; peaceful sign-carrying crowd; unmoving feet; silent non-cooperation,symbol_mediated,snapshot,Treat the anchor as a culturally contingent cue and state the anchor-to-symbol rationale.,not_applicable,direct,Stanford Encyclopedia of Philosophy: civil disobedience,https://plato.stanford.edu/entries/civil-disobedience/,2026-09-09,candidate
PHC-410,Axiology,Political Philosophy & Authority,Communitarianism,Common Good (Aristotle),Collective well-being; shared good,Co-cultivated field; common water-source; shared granary; jointly built roof,symbol_mediated,snapshot,Treat the anchor as a culturally contingent cue and state the anchor-to-symbol rationale.,not_applicable,direct,Stanford Encyclopedia of Philosophy: common good,https://plato.stanford.edu/entries/common-good/,2026-09-09,candidate
PHC-411,Axiology,Political Philosophy & Authority,Communitarianism,Communitarianism (MacIntyre),Community priority; embedded self,Root-linked forest; interwoven cloth; co-founded houses; village under one sky,symbol_mediated,snapshot,Treat the anchor as a culturally contingent cue and state the anchor-to-symbol rationale.,not_applicable,direct,Stanford Encyclopedia of Philosophy: communitarianism,https://plato.stanford.edu/entries/communitarianism/,2026-09-09,candidate
PHC-412,Axiology,Political Philosophy & Authority,Communitarianism,Identity Politics,Group belonging; politicised identity,Raised group flag; worn identity badge; gathered group; demarcated camp,context_heavy,longitudinal,"Require corroborating text, provenance, sequence, or multiple independent visual anchors.",esteem,direct,Stanford Encyclopedia of Philosophy: identity politics,https://plato.stanford.edu/entries/identity-politics/,2026-09-09,candidate
PHC-413,Axiology,Political Philosophy & Authority,Communitarianism,Multiculturalism (Taylor),Coexistence of difference; pluralism,Multi-coloured tapestry; co-existing flowers; different tree species in one garden; multilingual signposts,symbol_mediated,snapshot,Treat the anchor as a culturally contingent cue and state the anchor-to-symbol rationale.,not_applicable,direct,Stanford Encyclopedia of Philosophy: multiculturalism,https://plato.stanford.edu/entries/multiculturalism/,2026-09-09,candidate
PHC-414,Axiology,Political Philosophy & Authority,Communitarianism,Reconciliation (Arendt),Healing rifts; rebuilding bonds,Stitched wound; re-joined rope; handshake reconciliation; pieced-back mirror,symbol_mediated,process,Treat the anchor as a culturally contingent cue and state the anchor-to-symbol rationale.,not_applicable,direct,Stanford Encyclopedia of Philosophy: reconciliation,https://plato.stanford.edu/entries/reconciliation/,2026-09-09,candidate
PHC-415,Axiology,Political Philosophy & Authority,Communitarianism,Solidarity (Durkheim),Cohesion; mutual support,Mutually supporting arch; side-by-side human wall; twisted rope; linked chain,symbol_mediated,snapshot,Treat the anchor as a culturally contingent cue and state the anchor-to-symbol rationale.,love_belonging,direct,Stanford Encyclopedia of Philosophy: solidarity in social and political philosophy,https://plato.stanford.edu/entries/solidarity/,2026-09-09,candidate
PHC-416,Axiology,Political Philosophy & Authority,Liberalism,Liberalism (Locke),Individual priority; limited government,Released hands; retreating government hand; open free space; removed chains,symbol_mediated,snapshot,Treat the anchor as a culturally contingent cue and state the anchor-to-symbol rationale.,not_applicable,direct,Stanford Encyclopedia of Philosophy: liberalism,https://plato.stanford.edu/entries/liberalism/,2026-09-09,candidate
PHC-417,Axiology,Political Philosophy & Authority,Liberalism,Negative Liberty (Berlin),Freedom from interference; unobstructed,Clear road; removed fences; open doors; unlocked passage,symbol_mediated,snapshot,Treat the anchor as a culturally contingent cue and state the anchor-to-symbol rationale.,not_applicable,direct,Stanford Encyclopedia of Philosophy: liberty: positive and negative,https://plato.stanford.edu/entries/liberty-positive-negative/,2026-09-09,candidate
PHC-418,Axiology,Political Philosophy & Authority,Liberalism,Positive Liberty (Berlin),Capacity for self-realisation; empowerment,Lit bulb; filled tank; spread wings; provided tools,symbol_mediated,snapshot,Treat the anchor as a culturally contingent cue and state the anchor-to-symbol rationale.,not_applicable,direct,Stanford Encyclopedia of Philosophy: liberty: positive and negative,https://plato.stanford.edu/entries/liberty-positive-negative/,2026-09-09,candidate
PHC-419,Axiology,Political Philosophy & Authority,Political Anarchism,Anarchism (Kropotkin),Order without coercion; spontaneous cooperation,Unlocked doors; spontaneous mutual-aid circles; centre-less node-network; freely flowing collaboration-chain,context_heavy,snapshot,"Require corroborating text, provenance, sequence, or multiple independent visual anchors.",not_applicable,direct,Stanford Encyclopedia of Philosophy: anarchism,https://plato.stanford.edu/entries/anarchism/,2026-09-09,candidate
PHC-420,Axiology,Political Philosophy & Authority,Political Conservatism,Conservatism (Burke),Gradual tradition; cautious reform,Tree-rings; transmitted family precepts; slowly growing vine; stable foundation,context_heavy,snapshot,"Require corroborating text, provenance, sequence, or multiple independent visual anchors.",not_applicable,direct,Stanford Encyclopedia of Philosophy: conservatism,https://plato.stanford.edu/entries/conservatism/,2026-09-09,candidate
PHC-421,Axiology,Political Philosophy & Authority,Political Conservatism,Elitism (Mosca),Few rule many; capacity-filtering,Pyramid apex; layered funnel; elite-circle icon; hierarchical peak,context_heavy,snapshot,"Require corroborating text, provenance, sequence, or multiple independent visual anchors.",not_applicable,contextual,Stanford Encyclopedia of Philosophy: epistemology,https://plato.stanford.edu/entries/epistemology/,2026-09-09,ontology_only
PHC-422,Axiology,Political Philosophy & Authority,Political Conservatism,Federalism (US Constitution),Layered power; central-local division,Pyramid multi-layer structure; trunk-branch division; segmented administrative map; hierarchical organigram,context_heavy,snapshot,"Require corroborating text, provenance, sequence, or multiple independent visual anchors.",not_applicable,direct,Stanford Encyclopedia of Philosophy: federalism,https://plato.stanford.edu/entries/federalism/,2026-09-09,candidate
PHC-423,Axiology,Political Philosophy & Authority,Republicanism,Civic Education (Aristotle),Shaping civic character; fostering participation,Watered seedling; polished jade; training-ground drill; master-apprentice teaching,symbol_mediated,snapshot,Treat the anchor as a culturally contingent cue and state the anchor-to-symbol rationale.,not_applicable,direct,Stanford Encyclopedia of Philosophy: civic education,https://plato.stanford.edu/entries/civic-education/,2026-09-09,candidate
PHC-424,Axiology,Political Philosophy & Authority,Republicanism,Political Obligation (Socrates),Duty to community; promise-keeping,Signed oath; handshake commitment; tied knot; commonly observed rules,context_heavy,snapshot,"Require corroborating text, provenance, sequence, or multiple independent visual anchors.",not_applicable,direct,Stanford Encyclopedia of Philosophy: political obligation,https://plato.stanford.edu/entries/political-obligation/,2026-09-09,candidate
PHC-425,Axiology,Political Philosophy & Authority,Republicanism,Public Reason (Rawls),Shared reasons; public deliberation,Opinions laid on round table; commonly written document; converging voices; consensus-chart,context_heavy,snapshot,"Require corroborating text, provenance, sequence, or multiple independent visual anchors.",not_applicable,related,Stanford Encyclopedia of Philosophy: public reason,https://plato.stanford.edu/entries/public-reason/,2026-09-09,candidate
PHC-426,Axiology,Political Philosophy & Authority,Republicanism,Publicity (Kant),Open transparency; visible use of reason,Opened window; publicly posted notice; transparent glass wall; public square address,symbol_mediated,snapshot,Treat the anchor as a culturally contingent cue and state the anchor-to-symbol rationale.,not_applicable,direct,Stanford Encyclopedia of Philosophy: publicity,https://plato.stanford.edu/entries/publicity/,2026-09-09,candidate
PHC-427,Axiology,Political Philosophy & Authority,Republicanism,Republicanism (Cicero),Public affairs; shared governance,Round-table conference; collective ballot-box; public-square assembly; oars pulling together,context_heavy,snapshot,"Require corroborating text, provenance, sequence, or multiple independent visual anchors.",not_applicable,direct,Stanford Encyclopedia of Philosophy: republicanism,https://plato.stanford.edu/entries/republicanism/,2026-09-09,candidate
PHC-428,Axiology,Political Philosophy & Authority,Social Contract Theory,Citizenship (Aristotle),Membership; belonging and participation,Member in city-square; voter at ballot box; name in community registry; crowd under common flag,context_heavy,snapshot,"Require corroborating text, provenance, sequence, or multiple independent visual anchors.",not_applicable,direct,Stanford Encyclopedia of Philosophy: citizenship,https://plato.stanford.edu/entries/citizenship/,2026-09-09,candidate
PHC-429,Axiology,Political Philosophy & Authority,Social Contract Theory,General Will (Rousseau),Collective will; common direction,Stone pushed by all; converging stream; chorus in unison; arrows pointing one way,context_heavy,snapshot,"Require corroborating text, provenance, sequence, or multiple independent visual anchors.",not_applicable,related,Stanford Encyclopedia of Philosophy: contractarianism,https://plato.stanford.edu/entries/contractarianism/,2026-09-09,candidate
PHC-430,Axiology,Political Philosophy & Authority,Social Contract Theory,Social Contract (Rousseau),Agreement; birth of commonwealth,Signed compact; jointly raised flag; hand-in-hand circle; co-built house,context_heavy,snapshot,"Require corroborating text, provenance, sequence, or multiple independent visual anchors.",not_applicable,related,Stanford Encyclopedia of Philosophy: contractarianism,https://plato.stanford.edu/entries/contractarianism/,2026-09-09,candidate
PHC-431,Axiology,Political Philosophy & Authority,Social Contract Theory,State of Nature (Hobbes),Pre-political condition; original situation,Unowned wilderness; unfenced field; orderless jungle; unlined road,context_heavy,snapshot,"Require corroborating text, provenance, sequence, or multiple independent visual anchors.",not_applicable,related,Stanford Encyclopedia of Philosophy: contractarianism,https://plato.stanford.edu/entries/contractarianism/,2026-09-09,candidate
PHC-432,Axiology,"Justice, Rights & Equality",Applied Ethics,Affirmative Action,Remedying historical injustice; opportunity compensation,Tilted scale artificially levelled; priority lane; supplementing the under-supplied; righted beam,symbol_mediated,process,Treat the anchor as a culturally contingent cue and state the anchor-to-symbol rationale.,not_applicable,direct,Stanford Encyclopedia of Philosophy: affirmative action,https://plato.stanford.edu/entries/affirmative-action/,2026-09-09,candidate
PHC-433,Axiology,"Justice, Rights & Equality",Applied Ethics,Discrimination,Differential treatment; unequal treatment,Two differently-sized passages; differently-coloured tickets; unequal windows; double-standard scale,symbol_mediated,snapshot,Treat the anchor as a culturally contingent cue and state the anchor-to-symbol rationale.,not_applicable,direct,Stanford Encyclopedia of Philosophy: discrimination,https://plato.stanford.edu/entries/discrimination/,2026-09-09,candidate
PHC-434,Axiology,"Justice, Rights & Equality",Applied Ethics,Freedom of Association (US 1st Amendment),Right to assembly; joint action,Hand-in-hand crowd; gathered round table; side-by-side marchers; braided rope,symbol_mediated,snapshot,Treat the anchor as a culturally contingent cue and state the anchor-to-symbol rationale.,not_applicable,related,Stanford Encyclopedia of Philosophy: of association,https://plato.stanford.edu/entries/freedom-association/,2026-09-09,candidate
PHC-435,Axiology,"Justice, Rights & Equality",Applied Ethics,Freedom of Speech (Mill),Right to express; free flow of opinion,Open microphone; open mouth; scattered leaflets; freely flowing air,symbol_mediated,snapshot,Treat the anchor as a culturally contingent cue and state the anchor-to-symbol rationale.,not_applicable,direct,Stanford Encyclopedia of Philosophy: of speech,https://plato.stanford.edu/entries/freedom-speech/,2026-09-09,candidate
PHC-436,Axiology,"Justice, Rights & Equality",Applied Ethics,Hate Speech (Dworkin),Speech harm; limits of freedom,Barbed language-arrows; shattered glass; inflammatory words; harmful echoes,symbol_mediated,snapshot,Treat the anchor as a culturally contingent cue and state the anchor-to-symbol rationale.,not_applicable,direct,Stanford Encyclopedia of Philosophy: hate speech,https://plato.stanford.edu/entries/hate-speech/,2026-09-09,candidate
PHC-437,Axiology,"Justice, Rights & Equality",Biomedical Ethics,Disability and Justice,Bodily difference and social fairness,Accessible ramp; adjusted threshold; equally usable facilities; inclusive design plan,context_heavy,snapshot,"Require corroborating text, provenance, sequence, or multiple independent visual anchors.",not_applicable,direct,Stanford Encyclopedia of Philosophy: and justice,https://plato.stanford.edu/entries/disability-justice/,2026-09-09,candidate
PHC-438,Axiology,"Justice, Rights & Equality",Biomedical Ethics,Justice and Accessibility in Healthcare,Resource allocation; fairness of access,Equal road to hospital; fair queue; medical network covering all; scale-based resource distribution,context_heavy,snapshot,"Require corroborating text, provenance, sequence, or multiple independent visual anchors.",physiological; love_belonging,thinker_or_tradition,"Stanford Encyclopedia of Philosophy: Rawls, John",https://plato.stanford.edu/entries/rawls/,2026-09-09,ontology_only
PHC-439,Axiology,"Justice, Rights & Equality",Biomedical Ethics,"Justice, Inequality and Health",Social gradient of health,Steps of differing heights; layered resource distribution; health-curves of rich/poor; tilted scale,context_heavy,snapshot,"Require corroborating text, provenance, sequence, or multiple independent visual anchors.",physiological,direct,"Stanford Encyclopedia of Philosophy: justice, inequality, and health",https://plato.stanford.edu/entries/justice-inequality-health/,2026-09-09,candidate
PHC-440,Axiology,"Justice, Rights & Equality",Communitarianism,Recognition (Hegel),Being seen; mutual confirmation,Mutual gaze; mirror confirmation; eye-contact during handshake; nod of acknowledgment,symbol_mediated,snapshot,Treat the anchor as a culturally contingent cue and state the anchor-to-symbol rationale.,esteem,direct,Stanford Encyclopedia of Philosophy: recognition,https://plato.stanford.edu/entries/recognition/,2026-09-09,candidate
PHC-441,Axiology,"Justice, Rights & Equality",Environmental Ethics,Climate Justice,Fair sharing across generations and regions,Tilted scale needing levelling; shared umbrella; shared burden; fair-distribution resource map,context_heavy,longitudinal,"Require corroborating text, provenance, sequence, or multiple independent visual anchors.",not_applicable,direct,Stanford Encyclopedia of Philosophy: justice: climate,https://plato.stanford.edu/entries/justice-climate/,2026-09-09,candidate
PHC-442,Axiology,"Justice, Rights & Equality",Environmental Ethics,Intergenerational Environmental Justice,Rights of future generations,Baton passed to next; seeds left for descendants; home handed down; continuing bloodline,context_heavy,longitudinal,"Require corroborating text, provenance, sequence, or multiple independent visual anchors.",not_applicable,related,Stanford Encyclopedia of Philosophy: intergenerational,https://plato.stanford.edu/entries/justice-intergenerational/,2026-09-09,candidate
PHC-443,Axiology,"Justice, Rights & Equality",Human Rights Ethics,Dignity,basic worth; status owed equal respect; protection from degradation,equal access provided to persons with different needs; respectful handling of a vulnerable person; a degrading practice contrasted with non-degrading treatment,context_heavy,snapshot,"Require corroborating text, provenance, sequence, or multiple independent visual anchors.",esteem,direct,Stanford Encyclopedia of Philosophy: dignity,https://plato.stanford.edu/entries/dignity/,2026-09-09,candidate
PHC-444,Axiology,"Justice, Rights & Equality",Liberalism,Children's Rights,Protection of the young; special care,Protective palm; small专属 chair; special safety rails; gently encircling arms,context_heavy,snapshot,"Require corroborating text, provenance, sequence, or multiple independent visual anchors.",not_applicable,related,Stanford Encyclopedia of Philosophy: of children,https://plato.stanford.edu/entries/rights-children/,2026-09-09,candidate
PHC-445,Axiology,"Justice, Rights & Equality",Liberalism,Equality (Aristotle),Equal treatment; equal share,Symmetrical scales; equally divided cake; equal-length lines; side-by-side identical seats,symbol_mediated,snapshot,Treat the anchor as a culturally contingent cue and state the anchor-to-symbol rationale.,not_applicable,direct,Stanford Encyclopedia of Philosophy: equality,https://plato.stanford.edu/entries/equality/,2026-09-09,candidate
PHC-446,Axiology,"Justice, Rights & Equality",Liberalism,Group Rights,Rights of collectives,Jointly raised flag; collective signatures; common round table; co-owned territory,context_heavy,snapshot,"Require corroborating text, provenance, sequence, or multiple independent visual anchors.",not_applicable,direct,Stanford Encyclopedia of Philosophy: rights: group,https://plato.stanford.edu/entries/rights-group/,2026-09-09,candidate
PHC-447,Axiology,"Justice, Rights & Equality",Liberalism,Human Rights,Inherent rights; inalienable,Constitutional provisions; inborn mark; untearable certificate; inborn amulet,context_heavy,snapshot,"Require corroborating text, provenance, sequence, or multiple independent visual anchors.",not_applicable,related,Stanford Encyclopedia of Philosophy: rights: human,https://plato.stanford.edu/entries/rights-human/,2026-09-09,candidate
PHC-448,Axiology,"Justice, Rights & Equality",Nationalism & Globalisation,Territorial Rights and Justice,Land ownership; just possession,Planted boundary-stone; drawn border; map-demarcation; disputed boundary-line,context_heavy,snapshot,"Require corroborating text, provenance, sequence, or multiple independent visual anchors.",not_applicable,related,Stanford Encyclopedia of Philosophy: territorial rights and justice,https://plato.stanford.edu/entries/territorial-rights/,2026-09-09,candidate
PHC-449,Axiology,"Justice, Rights & Equality",Rawlsianism,Capability Approach (Sen),Substantial freedom; feasible choice-space,Multiple open doors; expanded menu; freely navigable path-network; rich toolbox,symbol_mediated,snapshot,Treat the anchor as a culturally contingent cue and state the anchor-to-symbol rationale.,not_applicable,direct,Stanford Encyclopedia of Philosophy: capability approach,https://plato.stanford.edu/entries/capability-approach/,2026-09-09,candidate
PHC-450,Axiology,"Justice, Rights & Equality",Rawlsianism,Distributive Justice (Rawls),Fair shares; just allocation,Equally divided cake; proportionally cut pie; just scale; evenly filled containers,context_heavy,snapshot,"Require corroborating text, provenance, sequence, or multiple independent visual anchors.",not_applicable,related,Stanford Encyclopedia of Philosophy: justice: distributive,https://plato.stanford.edu/entries/justice-distributive/,2026-09-09,candidate
PHC-451,Axiology,"Justice, Rights & Equality",Rawlsianism,Global Justice (Rawls),Transnational fairness; cosmopolitan justice,Fairness-line circling globe; handshake across borders; globally shared resource-map; intercontinental bridge,context_heavy,snapshot,"Require corroborating text, provenance, sequence, or multiple independent visual anchors.",not_applicable,direct,Stanford Encyclopedia of Philosophy: justice: global,https://plato.stanford.edu/entries/justice-global/,2026-09-09,candidate
PHC-452,Axiology,"Justice, Rights & Equality",Rawlsianism,Justice as a Virtue (Plato),Inner harmony; soul-order,Orchestra with parts in place; harmonious gear-set; balanced scale; well-ordered city,context_heavy,snapshot,"Require corroborating text, provenance, sequence, or multiple independent visual anchors.",not_applicable,thinker_or_tradition,Stanford Encyclopedia of Philosophy: Plato,https://plato.stanford.edu/entries/plato/,2026-09-09,ontology_only
PHC-453,Axiology,"Justice, Rights & Equality",Rawlsianism,Luck and Justice (Rawls),Tension between contingency and fairness,Dice-decided fate; wind-affected race; lottery-start; weather-influenced match,context_heavy,snapshot,"Require corroborating text, provenance, sequence, or multiple independent visual anchors.",not_applicable,thinker_or_tradition,"Stanford Encyclopedia of Philosophy: Rawls, John",https://plato.stanford.edu/entries/rawls/,2026-09-09,ontology_only
PHC-454,Axiology,"Justice, Rights & Equality",Rawlsianism,Original Position (Rawls),Veil of ignorance; fair starting point,Blind-draw; identity-covering curtain; fair-shuffled cards; anonymous ballot,context_heavy,snapshot,"Require corroborating text, provenance, sequence, or multiple independent visual anchors.",not_applicable,direct,Stanford Encyclopedia of Philosophy: original position,https://plato.stanford.edu/entries/original-position/,2026-09-09,candidate
PHC-455,Axiology,"Justice, Rights & Equality",Rawlsianism,Public Justification (Rawls),Mutually recognised grounds of legitimacy,Jointly signed agreement; mutual nodding; handshake consensus; co-signed document,symbol_mediated,snapshot,Treat the anchor as a culturally contingent cue and state the anchor-to-symbol rationale.,not_applicable,direct,Stanford Encyclopedia of Philosophy: Public Justification,https://plato.stanford.edu/entries/justification-public/,2026-09-09,candidate
PHC-456,Axiology,"Justice, Rights & Equality",Rawlsianism,Rawlsian Just Savings,Responsibility to future generations,Baton passed; savings for descendants; orchard handed down; seed-bank continued,symbol_mediated,snapshot,Treat the anchor as a culturally contingent cue and state the anchor-to-symbol rationale.,not_applicable,thinker_or_tradition,"Stanford Encyclopedia of Philosophy: Rawls, John",https://plato.stanford.edu/entries/rawls/,2026-09-09,ontology_only
PHC-457,Axiology,"Justice, Rights & Equality",Rawlsianism,Redistribution (Rawls),Wealth flow; fair re-allocation,Water flowing high to low; scale re-balancing; grain-store transfer; resource-channel,symbol_mediated,snapshot,Treat the anchor as a culturally contingent cue and state the anchor-to-symbol rationale.,not_applicable,direct,Stanford Encyclopedia of Philosophy: redistribution,https://plato.stanford.edu/entries/redistribution/,2026-09-09,candidate
PHC-458,Axiology,"Justice, Rights & Equality",Rawlsianism,Reflective Equilibrium in Political Justice,Mutual adjustment of principles and judgments,Repeatedly tuning instrument; recalibrated scale; corrected map; polished lens,context_heavy,snapshot,"Require corroborating text, provenance, sequence, or multiple independent visual anchors.",not_applicable,direct,Stanford Encyclopedia of Philosophy: reflective equilibrium,https://plato.stanford.edu/entries/reflective-equilibrium/,2026-09-09,candidate
PHC-459,Axiology,"Justice, Rights & Equality",Rawlsianism,Retributive Justice (Kant),Like-for-like; proportionate punishment,Balanced scales; mirror-causality; equal weights; symmetrical judgment,context_heavy,snapshot,"Require corroborating text, provenance, sequence, or multiple independent visual anchors.",not_applicable,thinker_or_tradition,"Stanford Encyclopedia of Philosophy: Kant, Immanuel",https://plato.stanford.edu/entries/kant/,2026-09-09,ontology_only
PHC-460,Axiology,"Justice, Rights & Equality",Rawlsianism,Social Minimum (Rawls),Safety net; minimum floor,Catching safety net; minimum water-line; supporting umbrella; floor-level minimum standard,context_heavy,snapshot,"Require corroborating text, provenance, sequence, or multiple independent visual anchors.",not_applicable,direct,Stanford Encyclopedia of Philosophy: social minimum [basic income],https://plato.stanford.edu/entries/social-minimum/,2026-09-09,candidate
PHC-461,Axiology,"Justice, Rights & Equality",Social Contract Theory,Civil Rights (US Constitution),Protected citizenship qualifications,Passport stamp; voting credential; identity document; law-given seat,context_heavy,snapshot,"Require corroborating text, provenance, sequence, or multiple independent visual anchors.",not_applicable,direct,Stanford Encyclopedia of Philosophy: civil rights,https://plato.stanford.edu/entries/civil-rights/,2026-09-09,candidate
PHC-462,Axiology,Democracy & Civic Life,Democratic Theory,Deliberative Democracy (Habermas),Rational deliberation; consensus formation,Round-table debate; converging speech-bubbles; converging opinion-lines; jointly drafted document,context_heavy,snapshot,"Require corroborating text, provenance, sequence, or multiple independent visual anchors.",not_applicable,related,Stanford Encyclopedia of Philosophy: democracy,https://plato.stanford.edu/entries/democracy/,2026-09-09,candidate
PHC-463,Axiology,Democracy & Civic Life,Democratic Theory,Democracy (Athenian model),Majority rule; common participation,Raised hands; ballot box; collective voice; round-table deliberation,context_heavy,snapshot,"Require corroborating text, provenance, sequence, or multiple independent visual anchors.",not_applicable,related,Stanford Encyclopedia of Philosophy: democracy,https://plato.stanford.edu/entries/democracy/,2026-09-09,candidate
PHC-464,Axiology,Democracy & Civic Life,Democratic Theory,Economic Democracy: Democratic Participation,Democratic participation in economy,Workers' decision round-table; equal-share chart; co-managed workshop; collective ledger,context_heavy,snapshot,"Require corroborating text, provenance, sequence, or multiple independent visual anchors.",self_actualization,related,Stanford Encyclopedia of Philosophy: democracy,https://plato.stanford.edu/entries/democracy/,2026-09-09,candidate
PHC-465,Axiology,Democracy & Civic Life,Democratic Theory,Global Democracy,Transnational governance; global deliberation,Globe-encircling round table; joint assembly of representatives; cross-border ballot box; handshake over globe,context_heavy,snapshot,"Require corroborating text, provenance, sequence, or multiple independent visual anchors.",not_applicable,related,Stanford Encyclopedia of Philosophy: democracy,https://plato.stanford.edu/entries/democracy/,2026-09-09,candidate
PHC-466,Axiology,Democracy & Civic Life,Democratic Theory,Jury Theorem (Condorcet),Collective wisdom; majority nearer truth,Multi-person compass calibration; collective vote toward truth; multi-perspective panorama; converging funnel,context_heavy,snapshot,"Require corroborating text, provenance, sequence, or multiple independent visual anchors.",not_applicable,direct,Stanford Encyclopedia of Philosophy: jury theorems,https://plato.stanford.edu/entries/jury-theorems/,2026-09-09,candidate
PHC-467,Axiology,Democracy & Civic Life,Democratic Theory,Social Choice Theory (Arrow),Preference aggregation; mathematics of collective decision,Multiple-ballot chart; weighted-scale calculation; voting matrix; converging arrows,context_heavy,snapshot,"Require corroborating text, provenance, sequence, or multiple independent visual anchors.",not_applicable,direct,Stanford Encyclopedia of Philosophy: social choice theory,https://plato.stanford.edu/entries/social-choice/,2026-09-09,candidate
PHC-468,Axiology,Democracy & Civic Life,Political Economy,Economic Democracy: Workplace Governance,Democratic participation in economy,Workers' decision round-table; equal-share chart; co-managed workshop; collective ledger,context_heavy,process,"Require corroborating text, provenance, sequence, or multiple independent visual anchors.",not_applicable,related,Stanford Encyclopedia of Philosophy: democracy,https://plato.stanford.edu/entries/democracy/,2026-09-09,candidate
PHC-469,Axiology,Democracy & Civic Life,Republicanism,Political Representation,Voice; transmission of will,Microphone passing voice; agent's signature; conduit; representative seat,context_heavy,snapshot,"Require corroborating text, provenance, sequence, or multiple independent visual anchors.",not_applicable,direct,"Stanford Encyclopedia of Philosophy: representation, political",https://plato.stanford.edu/entries/political-representation/,2026-09-09,candidate
PHC-470,Axiology,Philosophy of Law,Applied Ethics,Legal Punishment (Kant),Sanction; cost; correction,Falling gavel; locked cell door; demerit card; warning red light,symbol_mediated,snapshot,Treat the anchor as a culturally contingent cue and state the anchor-to-symbol rationale.,not_applicable,direct,"Stanford Encyclopedia of Philosophy: punishment, legal",https://plato.stanford.edu/entries/legal-punishment/,2026-09-09,candidate
PHC-471,Axiology,Philosophy of Law,Philosophy of Law,Legal Obligation and Authority (Hobbes),Source of legitimate obedience,Signed authorisation; handshake-established constraint; stamped legal mark; commonly recognised sceptre,context_heavy,snapshot,"Require corroborating text, provenance, sequence, or multiple independent visual anchors.",not_applicable,direct,Stanford Encyclopedia of Philosophy: authority,https://plato.stanford.edu/entries/authority/,2026-09-09,candidate
PHC-472,Axiology,Philosophy of Law,Philosophy of Law,Legal Positivism (Austin),Law as rule; separate from morality,Stamped legal text; pure rule-text; emotionless scale; legislative seal,context_heavy,snapshot,"Require corroborating text, provenance, sequence, or multiple independent visual anchors.",not_applicable,direct,Stanford Encyclopedia of Philosophy: nature of law: legal positivism,https://plato.stanford.edu/entries/legal-positivism/,2026-09-09,candidate
PHC-473,Axiology,Philosophy of Law,Philosophy of Law,Legal Responsibility,Accountability; attribution of legal consequence,Signed responsibility statement; court-identification; falling gavel; chain of joint liability,context_heavy,snapshot,"Require corroborating text, provenance, sequence, or multiple independent visual anchors.",not_applicable,contextual,Stanford Encyclopedia of Philosophy: epistemology,https://plato.stanford.edu/entries/epistemology/,2026-09-09,ontology_only
PHC-474,Axiology,Philosophy of Law,Philosophy of Law,Legal Rights,Legal claim; actionable entitlement,Key to door; legal text clauses; pass; contract-given seat,context_heavy,snapshot,"Require corroborating text, provenance, sequence, or multiple independent visual anchors.",not_applicable,direct,Stanford Encyclopedia of Philosophy: legal rights,https://plato.stanford.edu/entries/legal-rights/,2026-09-09,candidate
PHC-475,Axiology,Philosophy of Law,Philosophy of Law,Natural Law Theory (Aquinas),Law from reason and nature; higher law,Law inscribed in stars; plumb-line through ages; order permeating mind; light above positive law,context_heavy,snapshot,"Require corroborating text, provenance, sequence, or multiple independent visual anchors.",not_applicable,thinker_or_tradition,"Stanford Encyclopedia of Philosophy: Aquinas, Thomas",https://plato.stanford.edu/entries/aquinas/,2026-09-09,ontology_only
PHC-476,Axiology,Philosophy of Law,Political Conservatism,Rule of Law (Aristotle),Law above all; not rule of persons,Suspended scale; laws inscribed in stone; universally applicable measure; uniform standard,context_heavy,snapshot,"Require corroborating text, provenance, sequence, or multiple independent visual anchors.",not_applicable,direct,Stanford Encyclopedia of Philosophy: rule of law and procedural fairness,https://plato.stanford.edu/entries/rule-of-law/,2026-09-09,candidate
PHC-477,Axiology,Political Economy & Critical Theory,Applied Ethics,Exploitation (Marx),Unequal extraction; one-sided gain,Drained well; one-sided press; unbalanced scales; labour-extracting gear,symbol_mediated,snapshot,Treat the anchor as a culturally contingent cue and state the anchor-to-symbol rationale.,not_applicable,direct,Stanford Encyclopedia of Philosophy: exploitation,https://plato.stanford.edu/entries/exploitation/,2026-09-09,candidate
PHC-478,Axiology,Political Economy & Critical Theory,Applied Ethics,Free-Rider Problem (Olson),Enjoying without contributing; getting without giving,Sharing porridge without labour; free ride; free lunch; well not carried,symbol_mediated,snapshot,Treat the anchor as a culturally contingent cue and state the anchor-to-symbol rationale.,not_applicable,direct,Stanford Encyclopedia of Philosophy: free rider problem,https://plato.stanford.edu/entries/free-rider/,2026-09-09,candidate
PHC-479,Axiology,Political Economy & Critical Theory,Applied Ethics,Prisoner's Dilemma (Tucker),Cooperation vs betrayal game,Two cells; trust vs betrayal weights; handshake or release moment; in-game dilemma,symbol_mediated,snapshot,Treat the anchor as a culturally contingent cue and state the anchor-to-symbol rationale.,not_applicable,direct,Stanford Encyclopedia of Philosophy: prisoner's dilemma,https://plato.stanford.edu/entries/prisoner-dilemma/,2026-09-09,candidate
PHC-480,Axiology,Political Economy & Critical Theory,Applied Ethics,Public Goods (Samuelson),Shared non-excludable resources,Streetlight illuminating all; shared well; public bench; free park,symbol_mediated,snapshot,Treat the anchor as a culturally contingent cue and state the anchor-to-symbol rationale.,not_applicable,direct,Stanford Encyclopedia of Philosophy: public goods,https://plato.stanford.edu/entries/public-goods/,2026-09-09,candidate
PHC-481,Axiology,Political Economy & Critical Theory,Critical Theory,Authority (Weber),Legitimated domination; rightful command,Baton's wave; obeyed command; worn sceptre; submissive posture,symbol_mediated,snapshot,Treat the anchor as a culturally contingent cue and state the anchor-to-symbol rationale.,not_applicable,direct,Stanford Encyclopedia of Philosophy: authority,https://plato.stanford.edu/entries/authority/,2026-09-09,candidate
PHC-482,Axiology,Political Economy & Critical Theory,Critical Theory,Biopolitics (Foucault),Life brought into governance; body politicised,Registered bodily data; statistical population charts; management-table numbers; monitored life-trajectories,context_heavy,snapshot,"Require corroborating text, provenance, sequence, or multiple independent visual anchors.",not_applicable,thinker_or_tradition,"Stanford Encyclopedia of Philosophy: Foucault, Michel",https://plato.stanford.edu/entries/foucault/,2026-09-09,ontology_only
PHC-483,Axiology,Political Economy & Critical Theory,Critical Theory,Coercion (Hobbes),Forced obedience; external pressure,Steps pushed forward; bound rope; choice under gun; twisted arm,symbol_mediated,snapshot,Treat the anchor as a culturally contingent cue and state the anchor-to-symbol rationale.,safety,direct,Stanford Encyclopedia of Philosophy: coercion,https://plato.stanford.edu/entries/coercion/,2026-09-09,candidate
PHC-484,Axiology,Political Economy & Critical Theory,Critical Theory,Critical Theory (Horkheimer),Reflective critique; unveiling concealment,Hand clearing mist; lifted curtain; searchlight into darkness; knife peeling surface,symbol_mediated,snapshot,Treat the anchor as a culturally contingent cue and state the anchor-to-symbol rationale.,not_applicable,direct,Stanford Encyclopedia of Philosophy: critical theory,https://plato.stanford.edu/entries/critical-theory/,2026-09-09,candidate
PHC-485,Axiology,Political Economy & Critical Theory,Critical Theory,Cultural Hegemony (Gramsci),Cultural domination; covert assimilation,Permeating dye; covert overlay; invisible guiding hand; diffuse uniform tint,context_heavy,snapshot,"Require corroborating text, provenance, sequence, or multiple independent visual anchors.",not_applicable,contextual,Stanford Encyclopedia of Philosophy: epistemology,https://plato.stanford.edu/entries/epistemology/,2026-09-09,ontology_only
PHC-486,Axiology,Political Economy & Critical Theory,Critical Theory,Disciplinary Mechanisms (Foucault),Order-training; bodily regulation,Neatly aligned ranks; precise clock-beat; uniform training movements; gridded space,symbol_mediated,snapshot,Treat the anchor as a culturally contingent cue and state the anchor-to-symbol rationale.,not_applicable,thinker_or_tradition,"Stanford Encyclopedia of Philosophy: Foucault, Michel",https://plato.stanford.edu/entries/foucault/,2026-09-09,ontology_only
PHC-487,Axiology,Political Economy & Critical Theory,Critical Theory,Intersectionality (Crenshaw),Interweaving of multiple identities,Multi-strand thread; overlapping circles; multi-directional crossroad signs; layered identity cards,context_heavy,snapshot,"Require corroborating text, provenance, sequence, or multiple independent visual anchors.",not_applicable,contextual,Stanford Encyclopedia of Philosophy: epistemology,https://plato.stanford.edu/entries/epistemology/,2026-09-09,ontology_only
PHC-488,Axiology,Political Economy & Critical Theory,Critical Theory,Nonviolent Resistance (Gandhi),Peaceful resistance; moral force,Sitting protesters; laid-down weapons; peaceful sign-carrying crowd; open palms,symbol_mediated,process,Treat the anchor as a culturally contingent cue and state the anchor-to-symbol rationale.,not_applicable,related,Stanford Encyclopedia of Philosophy: civil disobedience,https://plato.stanford.edu/entries/civil-disobedience/,2026-09-09,candidate
PHC-489,Axiology,Political Economy & Critical Theory,Critical Theory,Othering (Said),Othering; imagined boundaries,Labelled foreignness; drawn cultural border; exoticising filter; simplified stereotype,symbol_mediated,snapshot,Treat the anchor as a culturally contingent cue and state the anchor-to-symbol rationale.,not_applicable,related,Stanford Encyclopedia of Philosophy: colonialism,https://plato.stanford.edu/entries/colonialism/,2026-09-09,candidate
PHC-490,Axiology,Political Economy & Critical Theory,Critical Theory,Philosophy of War,Violent conflict; continuation of politics,Clashing swords; burning battlefield; opposing armies; torn peace-flag,symbol_mediated,snapshot,Treat the anchor as a culturally contingent cue and state the anchor-to-symbol rationale.,safety,related,Stanford Encyclopedia of Philosophy: war,https://plato.stanford.edu/entries/war/,2026-09-09,candidate
PHC-491,Axiology,Political Economy & Critical Theory,Critical Theory,Political Legitimacy (Weber),Recognised rule,Stamped authorisation; nodding recognition; coronation ritual; enthroned posture,context_heavy,snapshot,"Require corroborating text, provenance, sequence, or multiple independent visual anchors.",not_applicable,direct,"Stanford Encyclopedia of Philosophy: legitimacy, political",https://plato.stanford.edu/entries/legitimacy/,2026-09-09,candidate
PHC-492,Axiology,Political Economy & Critical Theory,Critical Theory,Revolution,Radical change; order overthrown and rebuilt,Toppled old wall; surging tide; flag replacement; fractured-rebuilt structure,symbol_mediated,process,Treat the anchor as a culturally contingent cue and state the anchor-to-symbol rationale.,not_applicable,direct,Stanford Encyclopedia of Philosophy: revolution,https://plato.stanford.edu/entries/revolution/,2026-09-09,candidate
PHC-493,Axiology,Political Economy & Critical Theory,Critical Theory,Society of Control (Deleuze),Diffuse regulation; invisible surveillance,Ubiquitous cameras; data-stream pervasion; invisible monitoring network; persistent tracking signal,symbol_mediated,snapshot,Treat the anchor as a culturally contingent cue and state the anchor-to-symbol rationale.,not_applicable,thinker_or_tradition,"Stanford Encyclopedia of Philosophy: Deleuze, Gilles",https://plato.stanford.edu/entries/deleuze/,2026-09-09,ontology_only
PHC-494,Axiology,Political Economy & Critical Theory,Critical Theory,Sovereignty (Bodin),Supreme power; unconstrained will,Crown symbol; unique seal; throne overlooking all; unshakeable sceptre,symbol_mediated,snapshot,Treat the anchor as a culturally contingent cue and state the anchor-to-symbol rationale.,not_applicable,direct,Stanford Encyclopedia of Philosophy: sovereignty,https://plato.stanford.edu/entries/sovereignty/,2026-09-09,candidate
PHC-495,Axiology,Political Economy & Critical Theory,Critical Theory,Utopian Political Thought (Thomas More),Ideal society; perfect blueprint,Floating ideal island; perfectly symmetric city-plan; cloud-top utopia; carefully drawn blueprint,context_heavy,snapshot,"Require corroborating text, provenance, sequence, or multiple independent visual anchors.",not_applicable,contextual,Stanford Encyclopedia of Philosophy: epistemology,https://plato.stanford.edu/entries/epistemology/,2026-09-09,ontology_only
PHC-496,Axiology,Political Economy & Critical Theory,Marxism,Alienated Labour (Marx),Labour separated from self; estrangement,Mechanical hands on assembly line; fragmented labour-segments; expression detached from product; self lost in gears,symbol_mediated,snapshot,Treat the anchor as a culturally contingent cue and state the anchor-to-symbol rationale.,not_applicable,related,Stanford Encyclopedia of Philosophy: alienation,https://plato.stanford.edu/entries/alienation/,2026-09-09,candidate
PHC-497,Axiology,Political Economy & Critical Theory,Marxism,Commodity Fetishism (Marx),Worship of commodities; reified relations,Price-tag hidden relations; fetishised shop-window; money-masked labour; commodity glow,symbol_mediated,snapshot,Treat the anchor as a culturally contingent cue and state the anchor-to-symbol rationale.,not_applicable,related,"Stanford Encyclopedia of Philosophy: Marx, Karl",https://plato.stanford.edu/entries/marx/,2026-09-09,candidate
PHC-498,Axiology,Political Economy & Critical Theory,Marxism,Domination (Marx),Power oppression; unequal control,Overlooking hand; bent back; hanging rein of domination; overlooking pyramid of power,symbol_mediated,snapshot,Treat the anchor as a culturally contingent cue and state the anchor-to-symbol rationale.,not_applicable,direct,Stanford Encyclopedia of Philosophy: domination,https://plato.stanford.edu/entries/domination/,2026-09-09,candidate
PHC-499,Axiology,Political Economy & Critical Theory,Marxism,False Consciousness (Marx),Distorted cognition; concealed truth,Deforming funhouse mirror; blindfold; mist-distorted outline; filtered information,symbol_mediated,snapshot,Treat the anchor as a culturally contingent cue and state the anchor-to-symbol rationale.,not_applicable,related,Stanford Encyclopedia of Philosophy: consciousness,https://plato.stanford.edu/entries/consciousness/,2026-09-09,candidate
PHC-500,Axiology,Political Economy & Critical Theory,Marxism,Ideology (Marx),System of ideas; concealment and construction,World through tinted lenses; filtered picture; printed slogans; enveloping mist,context_heavy,snapshot,"Require corroborating text, provenance, sequence, or multiple independent visual anchors.",not_applicable,direct,Stanford Encyclopedia of Philosophy: ideology,https://plato.stanford.edu/entries/ideology/,2026-09-09,candidate
PHC-501,Axiology,Political Economy & Critical Theory,Marxism,Proletarian Revolution (Marx),Class subversion; structural reorganisation,Overthrown old-order symbols; overturned pyramid; rolling flag-wave; fractured-reassembled gears,symbol_mediated,process,Treat the anchor as a culturally contingent cue and state the anchor-to-symbol rationale.,not_applicable,related,"Stanford Encyclopedia of Philosophy: Marx, Karl",https://plato.stanford.edu/entries/marx/,2026-09-09,candidate
PHC-502,Axiology,Political Economy & Critical Theory,Marxism,Socialism (Marx),Common ownership; collective sharing,Co-cultivated field; shared warehouse; collectively owned factory; equally allocated resource-map,context_heavy,snapshot,"Require corroborating text, provenance, sequence, or multiple independent visual anchors.",not_applicable,direct,Stanford Encyclopedia of Philosophy: socialism,https://plato.stanford.edu/entries/socialism/,2026-09-09,candidate
PHC-503,Axiology,Political Economy & Critical Theory,Political Economy,Labour and Work (Marx),Effort and value-creation,Sweating hands; assembly-line output; tilled fields; polished workpiece,context_heavy,process,"Require corroborating text, provenance, sequence, or multiple independent visual anchors.",not_applicable,thinker_or_tradition,"Stanford Encyclopedia of Philosophy: Marx, Karl",https://plato.stanford.edu/entries/marx/,2026-09-09,ontology_only
PHC-504,Axiology,Political Economy & Critical Theory,Political Economy,Market (Adam Smith),Supply-demand exchange; price adjustment,Scale weighing supply/demand; buyer-seller handshake; price-tag fluctuation; marketplace exchange,context_heavy,snapshot,"Require corroborating text, provenance, sequence, or multiple independent visual anchors.",not_applicable,direct,Stanford Encyclopedia of Philosophy: markets,https://plato.stanford.edu/entries/markets/,2026-09-09,candidate
PHC-505,Axiology,Political Economy & Critical Theory,Political Economy,Neoliberalism,Market deregulation; state withdrawal,Loosened reins; retreating state hand; opened market door; dismantled barriers,context_heavy,snapshot,"Require corroborating text, provenance, sequence, or multiple independent visual anchors.",not_applicable,direct,Stanford Encyclopedia of Philosophy: neoliberalism,https://plato.stanford.edu/entries/neoliberalism/,2026-09-09,candidate
PHC-506,Axiology,Political Economy & Critical Theory,Political Economy,Property and Ownership (Locke),Possession and belonging; private boundary,Planted property-sign; fenced enclosure; nameplate on door; locked title-deed,context_heavy,snapshot,"Require corroborating text, provenance, sequence, or multiple independent visual anchors.",not_applicable,direct,Stanford Encyclopedia of Philosophy: property and ownership,https://plato.stanford.edu/entries/property/,2026-09-09,candidate
PHC-507,Axiology,"Global, Postcolonial & National Identity",Applied Ethics,Just War Theory (Aquinas),Conditions for just war; moral boundary,Scale of war-reasons; agreed rules of engagement; shield-sword balance; ceasefire line,context_heavy,snapshot,"Require corroborating text, provenance, sequence, or multiple independent visual anchors.",safety,related,Stanford Encyclopedia of Philosophy: war,https://plato.stanford.edu/entries/war/,2026-09-09,candidate
PHC-508,Axiology,"Global, Postcolonial & National Identity",Applied Ethics,Pacifism (Tolstoy),Non-violence; laying down arms,Broken spear; laid-down rifle; extended olive branch; silent protest sign,symbol_mediated,snapshot,Treat the anchor as a culturally contingent cue and state the anchor-to-symbol rationale.,not_applicable,direct,Stanford Encyclopedia of Philosophy: pacifism,https://plato.stanford.edu/entries/pacifism/,2026-09-09,candidate
PHC-509,Axiology,"Global, Postcolonial & National Identity",Applied Ethics,Patriotism (MacIntyre),Love of homeland; belonging,Deep-rooted tree; waving flag; embraced native soil; homing bird,symbol_mediated,snapshot,Treat the anchor as a culturally contingent cue and state the anchor-to-symbol rationale.,not_applicable,direct,Stanford Encyclopedia of Philosophy: patriotism,https://plato.stanford.edu/entries/patriotism/,2026-09-09,candidate
PHC-510,Axiology,"Global, Postcolonial & National Identity",Applied Ethics,Terrorism (Walzer),Instilling fear; unconventional violence,Sudden shadow; detonation instant; spreading panic; shattered peace,symbol_mediated,snapshot,Treat the anchor as a culturally contingent cue and state the anchor-to-symbol rationale.,safety,direct,Stanford Encyclopedia of Philosophy: terrorism,https://plato.stanford.edu/entries/terrorism/,2026-09-09,candidate
PHC-511,Axiology,"Global, Postcolonial & National Identity",Critical Theory,Pacifism,Perpetual peace; beyond war,Olive branch symbol; handshake over weapons; dove of peace; signed treaty,symbol_mediated,snapshot,Treat the anchor as a culturally contingent cue and state the anchor-to-symbol rationale.,not_applicable,direct,Stanford Encyclopedia of Philosophy: pacifism,https://plato.stanford.edu/entries/pacifism/,2026-09-09,candidate
PHC-512,Axiology,"Global, Postcolonial & National Identity",Critical Theory,Terrorism,Instilling fear; unconventional violence,Sudden strike-shadow; explosion moment; spreading panic; shattered peaceful street,symbol_mediated,snapshot,Treat the anchor as a culturally contingent cue and state the anchor-to-symbol rationale.,safety,direct,Stanford Encyclopedia of Philosophy: terrorism,https://plato.stanford.edu/entries/terrorism/,2026-09-09,candidate
PHC-513,Axiology,"Global, Postcolonial & National Identity",Nationalism & Globalisation,Colonialism,Metropole-colony; resource extraction,Land with resources drained; flag-planted map; one-way outflow arrows; partitioned territory,context_heavy,snapshot,"Require corroborating text, provenance, sequence, or multiple independent visual anchors.",not_applicable,direct,Stanford Encyclopedia of Philosophy: colonialism,https://plato.stanford.edu/entries/colonialism/,2026-09-09,candidate
PHC-514,Axiology,"Global, Postcolonial & National Identity",Nationalism & Globalisation,Globalisation,Interconnection; boundary-dissolution,Global network; shrinking global village; intersecting trade routes; cross-border information flow,context_heavy,snapshot,"Require corroborating text, provenance, sequence, or multiple independent visual anchors.",not_applicable,contextual,Stanford Encyclopedia of Philosophy: epistemology,https://plato.stanford.edu/entries/epistemology/,2026-09-09,ontology_only
PHC-515,Axiology,"Global, Postcolonial & National Identity",Nationalism & Globalisation,Imagined Communities (Anderson),Virtual community; imagined ties,People singing anthem without meeting; symbol-shared aggregation; invisible connected net; common flag-imagination,context_heavy,snapshot,"Require corroborating text, provenance, sequence, or multiple independent visual anchors.",not_applicable,contextual,Stanford Encyclopedia of Philosophy: epistemology,https://plato.stanford.edu/entries/epistemology/,2026-09-09,ontology_only
PHC-516,Axiology,"Global, Postcolonial & National Identity",Nationalism & Globalisation,Immigration,Cross-border movement; identity reconstruction,Figure with suitcase; step crossing border; migratory bird crossing; old/new passport stack,context_heavy,snapshot,"Require corroborating text, provenance, sequence, or multiple independent visual anchors.",not_applicable,direct,Stanford Encyclopedia of Philosophy: immigration,https://plato.stanford.edu/entries/immigration/,2026-09-09,candidate
PHC-517,Axiology,"Global, Postcolonial & National Identity",Nationalism & Globalisation,Nationalism (Herder),Imagined community; national identity,Shared flag; sung anthem; common emblem; gathered national silhouette,context_heavy,snapshot,"Require corroborating text, provenance, sequence, or multiple independent visual anchors.",not_applicable,direct,Stanford Encyclopedia of Philosophy: nationalism,https://plato.stanford.edu/entries/nationalism/,2026-09-09,candidate
PHC-518,Axiology,"Global, Postcolonial & National Identity",Nationalism & Globalisation,Secession,Division; independence claims,Split map; divided flag-halves; broken connecting lines; independently erected boundary-stone,context_heavy,snapshot,"Require corroborating text, provenance, sequence, or multiple independent visual anchors.",not_applicable,direct,Stanford Encyclopedia of Philosophy: secession,https://plato.stanford.edu/entries/secession/,2026-09-09,candidate
PHC-519,Axiology,"Global, Postcolonial & National Identity",Nationalism & Globalisation,World Government (Kant),Supranational governance; universal order,Globe-encircling round table; united world-parliament icon; transnational flags; globe-spanning connecting lines,context_heavy,snapshot,"Require corroborating text, provenance, sequence, or multiple independent visual anchors.",not_applicable,direct,Stanford Encyclopedia of Philosophy: world government,https://plato.stanford.edu/entries/world-government/,2026-09-09,candidate
PHC-520,Axiology,Aesthetics & Philosophy of Art,Classical Aesthetics,Aesthetic Judgment (Hume),Appraisal; verdict; approval; subjective decision,Multiple hands scoring simultaneously; raised score cards; panel debate; gallery nods and shakes; gourmand's silent chew,symbol_mediated,snapshot,Treat the anchor as a culturally contingent cue and state the anchor-to-symbol rationale.,self_actualization,related,Stanford Encyclopedia of Philosophy: aesthetic judgment,https://plato.stanford.edu/entries/aesthetic-judgment/,2026-09-09,candidate
PHC-521,Axiology,Aesthetics & Philosophy of Art,Classical Aesthetics,Beautiful (Burke),Smooth; bright; delicate; warm texture,White porcelain gloss; blonde hair in backlight; silk's fluid fall; moonlit sea-silver; pearl's shifting nacre,symbol_mediated,snapshot,Treat the anchor as a culturally contingent cue and state the anchor-to-symbol rationale.,not_applicable,related,Stanford Encyclopedia of Philosophy: beauty,https://plato.stanford.edu/entries/beauty/,2026-09-09,candidate
PHC-522,Axiology,Aesthetics & Philosophy of Art,Classical Aesthetics,Beauty (Shaftesbury),Pleasure; delight; sensory joy,Symmetrical yew hedges; peacock tail fan; rose-garden reds; swan's water-slicing; warm estate in sunset,symbol_mediated,snapshot,Treat the anchor as a culturally contingent cue and state the anchor-to-symbol rationale.,not_applicable,related,Stanford Encyclopedia of Philosophy: beauty,https://plato.stanford.edu/entries/beauty/,2026-09-09,candidate
PHC-523,Axiology,Aesthetics & Philosophy of Art,Classical Aesthetics,"Beauty & Goodness (Plato, Plotinus)",Radiance; sacred; manifestation of the Good; source of light,Golden sun behind temple pediment; soft halo above saint; dawn-dyed marble; translucent angel wing; gilt background on icon,symbol_mediated,snapshot,Treat the anchor as a culturally contingent cue and state the anchor-to-symbol rationale.,not_applicable,related,Stanford Encyclopedia of Philosophy: beauty,https://plato.stanford.edu/entries/beauty/,2026-09-09,candidate
PHC-524,Axiology,Aesthetics & Philosophy of Art,Classical Aesthetics,Beauty Itself (Plato),Purity; source; absolute goodness; flawless light,Sunbeam striking earth; flawless diamond facets; blinding solar white; snow-capped peak; newborn's clear pupil,context_heavy,snapshot,"Require corroborating text, provenance, sequence, or multiple independent visual anchors.",not_applicable,related,Stanford Encyclopedia of Philosophy: beauty,https://plato.stanford.edu/entries/beauty/,2026-09-09,candidate
PHC-525,Axiology,Aesthetics & Philosophy of Art,Classical Aesthetics,Catharsis (Aristotle),Release; purgation; emotional sublimation,Clear sky after tears; mist rising after storm; stream-polished pebble; ash after incense; water droplets after bath,symbol_mediated,snapshot,Treat the anchor as a culturally contingent cue and state the anchor-to-symbol rationale.,not_applicable,related,Stanford Encyclopedia of Philosophy: aesthetics,https://plato.stanford.edu/entries/aristotle-aesthetics/,2026-09-09,candidate
PHC-526,Axiology,Aesthetics & Philosophy of Art,Classical Aesthetics,Disinterestedness (Shaftesbury),Detachment; contemplative; pure seeing,Gazing through gallery glass; viewing mountain from afar; standing before painting forgetting time; watching rain from indoors; staring at candle without use,symbol_mediated,snapshot,Treat the anchor as a culturally contingent cue and state the anchor-to-symbol rationale.,not_applicable,contextual,"Stanford Encyclopedia of Philosophy: aesthetic, concept of the",https://plato.stanford.edu/entries/aesthetic-concept/,2026-09-09,ontology_only
PHC-527,Axiology,Aesthetics & Philosophy of Art,Classical Aesthetics,"Grandeur (Burke, Kant)",Vastness; majesty; immense scale,Iguazu's spray and roar; layered Rocky peaks; sand-dune ocean; Grand Canyon strata; Milky Way brilliance,symbol_mediated,snapshot,Treat the anchor as a culturally contingent cue and state the anchor-to-symbol rationale.,not_applicable,thinker_or_tradition,"Stanford Encyclopedia of Philosophy: Kant, Immanuel",https://plato.stanford.edu/entries/kant/,2026-09-09,ontology_only
PHC-528,Axiology,Aesthetics & Philosophy of Art,Classical Aesthetics,Internal Sense (Shaftesbury),Instinct; intuition; pre-rational; immediate,Face warming to sun; music causing back-tingle; instinctive recoil; wordless choice between objects; dawn comfort,symbol_mediated,snapshot,Treat the anchor as a culturally contingent cue and state the anchor-to-symbol rationale.,not_applicable,contextual,"Stanford Encyclopedia of Philosophy: aesthetic, concept of the",https://plato.stanford.edu/entries/aesthetic-concept/,2026-09-09,ontology_only
PHC-529,Axiology,Aesthetics & Philosophy of Art,Classical Aesthetics,"Mimesis (Plato, Aristotle)",Representation; imitation; reflection; replication,Water-reflection of shore; child tracing tree-shadow; mirror-reflected room; photocopier print; elongated sunset shadow,symbol_mediated,snapshot,Treat the anchor as a culturally contingent cue and state the anchor-to-symbol rationale.,not_applicable,related,Stanford Encyclopedia of Philosophy: aesthetics,https://plato.stanford.edu/entries/aristotle-aesthetics/,2026-09-09,candidate
PHC-530,Axiology,Aesthetics & Philosophy of Art,Classical Aesthetics,"Moral Sense (Hutcheson, Hume)",Compassion; indignation; benevolence; moral intuition,Hand reaching to drowning; stepping around ants; warmth after helping; brow-knit at injustice; strangers lifting heavy weight,context_heavy,snapshot,"Require corroborating text, provenance, sequence, or multiple independent visual anchors.",not_applicable,thinker_or_tradition,"Stanford Encyclopedia of Philosophy: Hume, David",https://plato.stanford.edu/entries/hume/,2026-09-09,ontology_only
PHC-531,Axiology,Aesthetics & Philosophy of Art,Classical Aesthetics,Novelty (Hutcheson),Strange; exotic; rare; surprising,Mirage city; aurora curtain; double rainbow symmetry; eclipse darkening; exotic flower shapes,symbol_mediated,snapshot,Treat the anchor as a culturally contingent cue and state the anchor-to-symbol rationale.,not_applicable,contextual,"Stanford Encyclopedia of Philosophy: aesthetic, concept of the",https://plato.stanford.edu/entries/aesthetic-concept/,2026-09-09,ontology_only
PHC-532,Axiology,Aesthetics & Philosophy of Art,Classical Aesthetics,Poetics (Aristotle),Rule; meter; creative making; narrative art,Quill resting on parchment; empty Greek theatre steps; sonnet rhyme-end; knotted string on scroll; repeating geometric pattern on pottery,symbol_mediated,snapshot,Treat the anchor as a culturally contingent cue and state the anchor-to-symbol rationale.,not_applicable,related,Stanford Encyclopedia of Philosophy: aesthetics,https://plato.stanford.edu/entries/aristotle-aesthetics/,2026-09-09,candidate
PHC-533,Axiology,Aesthetics & Philosophy of Art,Classical Aesthetics,Propriety (Aristotle),Measure; restraint; aptness; due proportion,Perfect Doric column proportions; natural folds of draped robe; golden-section grid; perfect sip of tea; calm breathing interval,symbol_mediated,snapshot,Treat the anchor as a culturally contingent cue and state the anchor-to-symbol rationale.,not_applicable,thinker_or_tradition,Stanford Encyclopedia of Philosophy: Aristotle,https://plato.stanford.edu/entries/aristotle/,2026-09-09,ontology_only
PHC-534,Axiology,Aesthetics & Philosophy of Art,Classical Aesthetics,"Rhythm (Pythagoreans, Plato)",Pulse; recurrence; ordering beat,Wave against rock interval; chimes from large to small; repeated colonnade; rippling outward; steady heartbeat,symbol_mediated,snapshot,Treat the anchor as a culturally contingent cue and state the anchor-to-symbol rationale.,not_applicable,thinker_or_tradition,Stanford Encyclopedia of Philosophy: Plato,https://plato.stanford.edu/entries/plato/,2026-09-09,ontology_only
PHC-535,Axiology,Aesthetics & Philosophy of Art,Classical Aesthetics,"Sentiment (Hume, Smith)",Sympathy; emotion; being moved; shared feeling,Theatre audience sniffles; musician's closed-eye absorption; post-song silence; frown at sad image; standing ovation,symbol_mediated,snapshot,Treat the anchor as a culturally contingent cue and state the anchor-to-symbol rationale.,not_applicable,thinker_or_tradition,"Stanford Encyclopedia of Philosophy: Hume, David",https://plato.stanford.edu/entries/hume/,2026-09-09,ontology_only
PHC-536,Axiology,Aesthetics & Philosophy of Art,Classical Aesthetics,Standard of Taste (Hume),Paradigm; classic; ideal measure; shared benchmark,Critics' consensus on a work; reference tea sample; standard palette; tuning fork's A; scoring rubric,context_heavy,snapshot,"Require corroborating text, provenance, sequence, or multiple independent visual anchors.",not_applicable,related,Stanford Encyclopedia of Philosophy: aesthetic judgment,https://plato.stanford.edu/entries/aesthetic-judgment/,2026-09-09,candidate
PHC-537,Axiology,Aesthetics & Philosophy of Art,Classical Aesthetics,Sublime (Burke),Awe; terror; overwhelming power,Storm wave on cliff; Alpine cloud-pressure; thunder valley echo; edge vertigo; glacial blue-ice thunder,symbol_mediated,snapshot,Treat the anchor as a culturally contingent cue and state the anchor-to-symbol rationale.,not_applicable,related,"Stanford Encyclopedia of Philosophy: aesthetic, concept of the",https://plato.stanford.edu/entries/aesthetic-concept/,2026-09-09,candidate
PHC-538,Axiology,Aesthetics & Philosophy of Art,Classical Aesthetics,Taste (Hume),Discernment; appreciation; judgment; distinction,Sommelier holding glass to light; test-strip waving; tea-whisk pausing; comparing tea vintages; judge's pen pausing on score sheet,context_heavy,snapshot,"Require corroborating text, provenance, sequence, or multiple independent visual anchors.",not_applicable,thinker_or_tradition,"Stanford Encyclopedia of Philosophy: Hume, David",https://plato.stanford.edu/entries/hume/,2026-09-09,ontology_only
PHC-539,Axiology,Aesthetics & Philosophy of Art,Classical Aesthetics,Tragedy (Aristotle),Fall; fate; hero's ruin; inevitable loss,Crown rolling into mud; marble statue's broken head; soldier kneeling in sunset; theatre dust at curtain fall; last leaf falling from dead tree,symbol_mediated,snapshot,Treat the anchor as a culturally contingent cue and state the anchor-to-symbol rationale.,not_applicable,related,Stanford Encyclopedia of Philosophy: aesthetics,https://plato.stanford.edu/entries/aristotle-aesthetics/,2026-09-09,candidate
PHC-540,Axiology,Aesthetics & Philosophy of Art,Contemporary Analytic Aesthetics,Aesthetic Attitude (Beardsley),Readiness; self-setting-aside; open looking,Critic adjusting tie before show; child's first museum gaze; viewfinder framing; magnifier close-up; focus waiting,symbol_mediated,snapshot,Treat the anchor as a culturally contingent cue and state the anchor-to-symbol rationale.,self_actualization,related,Stanford Encyclopedia of Philosophy: aesthetic experience,https://plato.stanford.edu/entries/aesthetic-experience/,2026-09-09,candidate
PHC-541,Axiology,Aesthetics & Philosophy of Art,Contemporary Analytic Aesthetics,Aesthetic Concept (Sibley),Naming; classification; verbalisation; descriptive word,Palette with labelled colours; dictionary entry circled; poetically named swatches; glossary terms; gallery wall label,symbol_mediated,snapshot,Treat the anchor as a culturally contingent cue and state the anchor-to-symbol rationale.,self_actualization,direct,"Stanford Encyclopedia of Philosophy: aesthetic, concept of the",https://plato.stanford.edu/entries/aesthetic-concept/,2026-09-09,candidate
PHC-542,Axiology,Aesthetics & Philosophy of Art,Contemporary Analytic Aesthetics,"Aesthetic Experience (Dewey, Beardsley)",Immersion; captivated; full presence; absorption,Audience swaying with closed eyes; long-standing before painting forgetting time; repeated listening discovering anew; reading past dark; body unfolding in good weather,context_heavy,snapshot,"Require corroborating text, provenance, sequence, or multiple independent visual anchors.",self_actualization,related,Stanford Encyclopedia of Philosophy: aesthetic experience,https://plato.stanford.edu/entries/aesthetic-experience/,2026-09-09,candidate
PHC-543,Axiology,Aesthetics & Philosophy of Art,Contemporary Analytic Aesthetics,Aesthetic Property (Sibley),Describable quality; observable trait; formal trace,High-saturation red vs low-blue contrast; off-centre tension; paint impasto; chiaroscuro softness; hidden golden-section grid,symbol_mediated,snapshot,Treat the anchor as a culturally contingent cue and state the anchor-to-symbol rationale.,self_actualization,contextual,"Stanford Encyclopedia of Philosophy: aesthetic, concept of the",https://plato.stanford.edu/entries/aesthetic-concept/,2026-09-09,ontology_only
PHC-544,Axiology,Aesthetics & Philosophy of Art,Contemporary Analytic Aesthetics,Aesthetic Testimony,borrowed judgment; deference to another's appraisal,a viewer reading a review beside an artwork; ratings or recommendations shaping a later judgment; disagreement between direct viewing and reported appraisal,context_heavy,snapshot,"Require corroborating text, provenance, sequence, or multiple independent visual anchors.",self_actualization,direct,Stanford Encyclopedia of Philosophy: aesthetic testimony,https://plato.stanford.edu/entries/aesthetic-testimony/,2026-09-09,candidate
PHC-545,Axiology,Aesthetics & Philosophy of Art,Contemporary Analytic Aesthetics,Fiction (Walton),Non-real yet believed; make-believe; immersion,Fantasy-map cover; child talking to doll seriously; cinema castle believable; stage wall as room; gamer's engrossed gaze,symbol_mediated,snapshot,Treat the anchor as a culturally contingent cue and state the anchor-to-symbol rationale.,not_applicable,direct,Stanford Encyclopedia of Philosophy: fiction,https://plato.stanford.edu/entries/fiction/,2026-09-09,candidate
PHC-546,Axiology,Aesthetics & Philosophy of Art,Hegelian Aesthetics,Art as Manifestation of Absolute Spirit (Hegel),Sacred appearing; spiritual ascent; externalised Idea,Ceiling fresco of angels; Beethoven's choral finale; temple mural of Buddha's entourage; choir in vaulted space; colossal sculpture in dawn light,not_image_decidable,snapshot,"Do not assign from a single image without decisive text, provenance, or task context.",self_actualization,thinker_or_tradition,"Stanford Encyclopedia of Philosophy: Hegel, Georg Wilhelm Friedrich",https://plato.stanford.edu/entries/hegel/,2026-09-09,ontology_only
PHC-547,Axiology,Aesthetics & Philosophy of Art,Hegelian Aesthetics,Beauty (Hegel),Light of the Idea; sensuous manifestation of the Absolute,Gem in ancient statue's eye; sunrise cloud-edge gilding; golden halo in icon; coloured light through stained glass; diamond's refracted rainbow,symbol_mediated,snapshot,Treat the anchor as a culturally contingent cue and state the anchor-to-symbol rationale.,not_applicable,related,Stanford Encyclopedia of Philosophy: beauty,https://plato.stanford.edu/entries/beauty/,2026-09-09,candidate
PHC-548,Axiology,Aesthetics & Philosophy of Art,Hegelian Aesthetics,Classical Art (Hegel),Balance; golden ratio; perfect equilibrium,Parthenon's golden rectangle; Greek bronze's exact proportions; ideal human proportion; column-and-entablature load; serene divine expression,symbol_mediated,snapshot,Treat the anchor as a culturally contingent cue and state the anchor-to-symbol rationale.,self_actualization,thinker_or_tradition,"Stanford Encyclopedia of Philosophy: Hegel, Georg Wilhelm Friedrich",https://plato.stanford.edu/entries/hegel/,2026-09-09,ontology_only
PHC-549,Axiology,Aesthetics & Philosophy of Art,Hegelian Aesthetics,Ideal (Hegel),Spirit-form unity; perfect embodiment; ideal body,David's marble proportions; Athens school philosophers' poise; Venus de Milo's broken grace; Nike's wind-blown drapery; Thinker's muscular weight,symbol_mediated,snapshot,Treat the anchor as a culturally contingent cue and state the anchor-to-symbol rationale.,not_applicable,thinker_or_tradition,"Stanford Encyclopedia of Philosophy: Hegel, Georg Wilhelm Friedrich",https://plato.stanford.edu/entries/hegel/,2026-09-09,ontology_only
PHC-550,Axiology,Aesthetics & Philosophy of Art,Hegelian Aesthetics,Romantic Art (Hegel),Inward turn; spirit exceeding matter; depth,Gothic spire ascending; Rembrandt's self-gaze; infinite chiaroscuro greys; monk's solitary cell; abstract-expressionist paint flow,symbol_mediated,snapshot,Treat the anchor as a culturally contingent cue and state the anchor-to-symbol rationale.,self_actualization,thinker_or_tradition,"Stanford Encyclopedia of Philosophy: Hegel, Georg Wilhelm Friedrich",https://plato.stanford.edu/entries/hegel/,2026-09-09,ontology_only
PHC-551,Axiology,Aesthetics & Philosophy of Art,Kantian Aesthetics,Aesthetic Idea (Kant),Beyond image; unsayable; imaginative limit,Stairway to heaven vanishing in clouds; hybrid beast; mythical banquet; non-perspectival landscape; divine beast emerging from mist,symbol_mediated,snapshot,Treat the anchor as a culturally contingent cue and state the anchor-to-symbol rationale.,self_actualization,thinker_or_tradition,"Stanford Encyclopedia of Philosophy: Kant, Immanuel",https://plato.stanford.edu/entries/kant/,2026-09-09,ontology_only
PHC-552,Axiology,Aesthetics & Philosophy of Art,Kantian Aesthetics,Dependent Beauty (Kant),Purposive beauty; meaningful pleasure; concept-attached,Gothic stained-glass saint narrative; every line in anatomical sketch functional; religious hand gestures; map colour code; every line in blueprint purposeful,symbol_mediated,snapshot,Treat the anchor as a culturally contingent cue and state the anchor-to-symbol rationale.,not_applicable,related,Stanford Encyclopedia of Philosophy: beauty,https://plato.stanford.edu/entries/beauty/,2026-09-09,candidate
PHC-553,Axiology,Aesthetics & Philosophy of Art,Kantian Aesthetics,Dynamical Sublime (Kant),Facing force; inner transcendence; resistance,Wave hitting immovable lighthouse; one still figure before eruption; wind-bent but unbroken tree; soldier's back before army; ship advancing in storm,symbol_mediated,snapshot,Treat the anchor as a culturally contingent cue and state the anchor-to-symbol rationale.,not_applicable,related,"Stanford Encyclopedia of Philosophy: aesthetic, concept of the",https://plato.stanford.edu/entries/aesthetic-concept/,2026-09-09,candidate
PHC-554,Axiology,Aesthetics & Philosophy of Art,Kantian Aesthetics,Free Beauty (Kant),Non-conceptual pleasure; pure form; purposeless,Single white tulip petal; endless Arabian geometric pattern; colour patches with no referent; minimal spatial curve; repetitive window-grid shadows,symbol_mediated,snapshot,Treat the anchor as a culturally contingent cue and state the anchor-to-symbol rationale.,not_applicable,related,Stanford Encyclopedia of Philosophy: beauty,https://plato.stanford.edu/entries/beauty/,2026-09-09,candidate
PHC-555,Axiology,Aesthetics & Philosophy of Art,Kantian Aesthetics,Judgment of Taste (Kant),Approval; endorsement; passing; confirmation,Gourmand's slight nod after tasting; judges raising pass cards; all judges turning; signed approval on checklist; painter's quiet confirmation,context_heavy,snapshot,"Require corroborating text, provenance, sequence, or multiple independent visual anchors.",not_applicable,related,Stanford Encyclopedia of Philosophy: aesthetic judgment,https://plato.stanford.edu/entries/aesthetic-judgment/,2026-09-09,candidate
PHC-556,Axiology,Aesthetics & Philosophy of Art,Kantian Aesthetics,Mathematical Sublime (Kant),Incommensurable; infinite; immense,Endless desert dunes; countless summer stars; sea of forest crowns; infinite human faces; scrolling numeric infinity,symbol_mediated,snapshot,Treat the anchor as a culturally contingent cue and state the anchor-to-symbol rationale.,not_applicable,related,"Stanford Encyclopedia of Philosophy: aesthetic, concept of the",https://plato.stanford.edu/entries/aesthetic-concept/,2026-09-09,candidate
PHC-557,Axiology,Aesthetics & Philosophy of Art,Kantian Aesthetics,Reflective Judgment (Kant),Induction; seeing universal in particular; recognition,"Recognising same tree from multiple leaves; hearing same sonata form across performances; classifying colours as ""blue""; seeing same strategy in different games; identifying shared style across schools",symbol_mediated,snapshot,Treat the anchor as a culturally contingent cue and state the anchor-to-symbol rationale.,not_applicable,thinker_or_tradition,"Stanford Encyclopedia of Philosophy: Kant, Immanuel",https://plato.stanford.edu/entries/kant/,2026-09-09,ontology_only
PHC-558,Axiology,Aesthetics & Philosophy of Art,Kantian Aesthetics,Sublime (Kant),Elevation; transcendence; magnitude beyond grasp,Solitary peak in blizzard; nebular fire; glacier calving roar; silent aurora tear; lava-night solemnity,symbol_mediated,snapshot,Treat the anchor as a culturally contingent cue and state the anchor-to-symbol rationale.,not_applicable,related,"Stanford Encyclopedia of Philosophy: aesthetic, concept of the",https://plato.stanford.edu/entries/aesthetic-concept/,2026-09-09,candidate
PHC-559,Axiology,Aesthetics & Philosophy of Art,Voluntarist Aesthetics,Aesthetic Contemplation (Schopenhauer),Desireless; detached; pure seeing; will's suspension,Zen sitting in snow; cloud-watching on peak; stream-listening without crossing; watching sunset to the last; palm-holding fallen leaf,symbol_mediated,snapshot,Treat the anchor as a culturally contingent cue and state the anchor-to-symbol rationale.,self_actualization,thinker_or_tradition,"Stanford Encyclopedia of Philosophy: Schopenhauer, Arthur",https://plato.stanford.edu/entries/schopenhauer/,2026-09-09,ontology_only
PHC-560,Axiology,Aesthetics & Philosophy of Art,Voluntarist Aesthetics,Beauty (Schopenhauer),Still beauty; eternal pause; desireless contemplation,Moonlit black-sea silver line; white rose in darkness; lingering snow patches; silent bronze bell; solitary stone in gravel,symbol_mediated,snapshot,Treat the anchor as a culturally contingent cue and state the anchor-to-symbol rationale.,not_applicable,related,Stanford Encyclopedia of Philosophy: beauty,https://plato.stanford.edu/entries/beauty/,2026-09-09,candidate
PHC-561,Axiology,Aesthetics & Philosophy of Art,Voluntarist Aesthetics,Idea (Schopenhauer),Eternal archetype; unchanging Form; spatiotemporally free,"Side-by-side ""mother-child"" paintings across cultures; seasonal variations of same landscape; parallel hero figures; instrument timbre across registers; same text in varied fonts",symbol_mediated,snapshot,Treat the anchor as a culturally contingent cue and state the anchor-to-symbol rationale.,not_applicable,thinker_or_tradition,"Stanford Encyclopedia of Philosophy: Schopenhauer, Arthur",https://plato.stanford.edu/entries/schopenhauer/,2026-09-09,ontology_only
PHC-562,Axiology,Aesthetics & Philosophy of Art,Voluntarist Aesthetics,Music (Schopenhauer),Voice of the will; direct expression beyond representation,String quartet's question-and-answer; rosin dust on bow; singer's vibrating larynx; pianist's shadowed hands; conductor's silent arm-arc,symbol_mediated,snapshot,Treat the anchor as a culturally contingent cue and state the anchor-to-symbol rationale.,not_applicable,direct,Stanford Encyclopedia of Philosophy: philosophy of,https://plato.stanford.edu/entries/music/,2026-09-09,candidate
PHC-563,Axiology,Aesthetics & Philosophy of Art,Voluntarist Aesthetics,Tragedy (Nietzsche),Apollonian-Dionysian interweaving; ecstasy and ruin,Half-laugh/half-cry Greek mask; hero falling at aria climax; carnival and destruction simultaneous; tear-laugh confusion; fire's terrifying beauty,symbol_mediated,snapshot,Treat the anchor as a culturally contingent cue and state the anchor-to-symbol rationale.,not_applicable,thinker_or_tradition,"Stanford Encyclopedia of Philosophy: Nietzsche, Friedrich",https://plato.stanford.edu/entries/nietzsche/,2026-09-09,ontology_only
PHC-564,Axiology,Comparative Aesthetics,Eastern Aesthetics,Fuga / Poetic Elegance (Basho),poetic refinement; disciplined simplicity; communion with nature,a spare haiku beside a seasonal landscape; simple travel objects arranged with restraint; a poet observing a transient natural scene,symbol_mediated,snapshot,Treat the anchor as a culturally contingent cue and state the anchor-to-symbol rationale.,not_applicable,related,Stanford Encyclopedia of Philosophy: Japanese Philosophy: aesthetics,https://plato.stanford.edu/entries/japanese-aesthetics/,2026-09-09,candidate
PHC-565,Axiology,Comparative Aesthetics,Eastern Aesthetics,Iki (Kuki Shūzō),Chic; refined; languor; nonchalant grace,Exposed nape of kimono; tilted cigarette; tipsy profile; casual glance; lazy sitting posture,symbol_mediated,snapshot,Treat the anchor as a culturally contingent cue and state the anchor-to-symbol rationale.,not_applicable,contextual,"Stanford Encyclopedia of Philosophy: aesthetic, concept of the",https://plato.stanford.edu/entries/aesthetic-concept/,2026-09-09,ontology_only
PHC-566,Axiology,Comparative Aesthetics,Eastern Aesthetics,"Incomplete Beauty (tea aesthetics, Zen)",Reserve; asymmetry; unfinished; suggestive margin,One-eared vase; partial scroll; chipped tea bowl; asymmetrical flower arrangement; painting's empty space,symbol_mediated,snapshot,Treat the anchor as a culturally contingent cue and state the anchor-to-symbol rationale.,not_applicable,related,Stanford Encyclopedia of Philosophy: beauty,https://plato.stanford.edu/entries/beauty/,2026-09-09,candidate
PHC-567,Axiology,Comparative Aesthetics,Eastern Aesthetics,Liubai / Reserved Blankness (Zong Baihua),Void as infinity; presence in absence; generative emptiness,Lone bird against snowfield; pavilion against empty mountain; boat against river-mist; one leaf against autumn water; painting's white space,symbol_mediated,snapshot,Treat the anchor as a culturally contingent cue and state the anchor-to-symbol rationale.,not_applicable,contextual,"Stanford Encyclopedia of Philosophy: aesthetic, concept of the",https://plato.stanford.edu/entries/aesthetic-concept/,2026-09-09,ontology_only
PHC-568,Axiology,Comparative Aesthetics,Eastern Aesthetics,Mono no Aware (Motoori Norinaga),Impermanence; pathos; affective sensitivity,Falling cherry blossoms; raindrops on stone lantern; autumn leaves; melting snow; fading fireflies,symbol_mediated,snapshot,Treat the anchor as a culturally contingent cue and state the anchor-to-symbol rationale.,safety,related,Stanford Encyclopedia of Philosophy: Japanese Philosophy: aesthetics,https://plato.stanford.edu/entries/japanese-aesthetics/,2026-09-09,candidate
PHC-569,Axiology,Comparative Aesthetics,Eastern Aesthetics,"Mushin (Zen, Suzuki)",Non-attachment; clarity; original mind; void of mind,White-wall cushion; wind-touched bamboo; empty water bowl; wordless painting; sweeping leaves,symbol_mediated,snapshot,Treat the anchor as a culturally contingent cue and state the anchor-to-symbol rationale.,not_applicable,related,Stanford Encyclopedia of Philosophy: Japanese Philosophy: aesthetics,https://plato.stanford.edu/entries/japanese-aesthetics/,2026-09-09,candidate
PHC-570,Axiology,Comparative Aesthetics,Eastern Aesthetics,Nature in Japanese Aesthetics,Seasonality; harmony; temporal attunement,Bent branch for flower; maple seen from tea room; seasonal almanac; wind-bell chime; snow-viewing paper,symbol_mediated,snapshot,Treat the anchor as a culturally contingent cue and state the anchor-to-symbol rationale.,self_actualization,related,Stanford Encyclopedia of Philosophy: Japanese Philosophy: aesthetics,https://plato.stanford.edu/entries/japanese-aesthetics/,2026-09-09,candidate
PHC-571,Axiology,Comparative Aesthetics,Eastern Aesthetics,Qiyun Shengdong / Vital Rhythm (Xie He),Life-pulse; spirit; flowing vitality,Ink-wash mountain form; wind-blown bamboo; moving clouds; flying-brushstroke; splashed ink,symbol_mediated,snapshot,Treat the anchor as a culturally contingent cue and state the anchor-to-symbol rationale.,not_applicable,contextual,"Stanford Encyclopedia of Philosophy: aesthetic, concept of the",https://plato.stanford.edu/entries/aesthetic-concept/,2026-09-09,ontology_only
PHC-572,Axiology,Comparative Aesthetics,Eastern Aesthetics,"Sabi (Bashō, wabi-sabi tradition)",Quiet; antique; depth; time's traces,Incense smoke; temple verdigris; bell echo; rock arrangement; well-moss,symbol_mediated,snapshot,Treat the anchor as a culturally contingent cue and state the anchor-to-symbol rationale.,not_applicable,related,Stanford Encyclopedia of Philosophy: Japanese Philosophy: aesthetics,https://plato.stanford.edu/entries/japanese-aesthetics/,2026-09-09,candidate
PHC-573,Axiology,Comparative Aesthetics,Eastern Aesthetics,"Tea Aesthetics (Rikyū, Ii Naosuke)",Simplicity; respect; purity; ritual harmony,Bamboo tea scoop; black Raku bowl; fine whisk; folded cloth; charcoal embers,symbol_mediated,snapshot,Treat the anchor as a culturally contingent cue and state the anchor-to-symbol rationale.,self_actualization,related,Stanford Encyclopedia of Philosophy: Japanese Philosophy: aesthetics,https://plato.stanford.edu/entries/japanese-aesthetics/,2026-09-09,candidate
PHC-574,Axiology,Comparative Aesthetics,Eastern Aesthetics,"Wabi-Sabi (Sen no Rikyū, tea aesthetics)",Imperfection; rusticity; serenity; aged beauty,Gold-repaired cracks; mossy stone Buddha; withered lotus; rough ancient pottery; silent rusted iron,symbol_mediated,snapshot,Treat the anchor as a culturally contingent cue and state the anchor-to-symbol rationale.,not_applicable,related,Stanford Encyclopedia of Philosophy: Japanese Philosophy: aesthetics,https://plato.stanford.edu/entries/japanese-aesthetics/,2026-09-09,candidate
PHC-575,Axiology,Comparative Aesthetics,Eastern Aesthetics,Yijing / Artistic Conception (Wang Guowei),Emotion-scene fusion; poetic space; image-beyond-object,Fishing boat in mist; plum blossoms at crescent moon; misty Jiangnan; distant lone sail; rain-washed empty mountain,symbol_mediated,snapshot,Treat the anchor as a culturally contingent cue and state the anchor-to-symbol rationale.,self_actualization,contextual,"Stanford Encyclopedia of Philosophy: aesthetic, concept of the",https://plato.stanford.edu/entries/aesthetic-concept/,2026-09-09,ontology_only
PHC-576,Axiology,Comparative Aesthetics,Eastern Aesthetics,Yūgen (Zeami),Obscurity; depth; subtlety; shadowy mystery,Mountains in mist; Noh's downcast eyes; dim light; shadow behind bamboo blind; twilight's spread,symbol_mediated,snapshot,Treat the anchor as a culturally contingent cue and state the anchor-to-symbol rationale.,not_applicable,related,Stanford Encyclopedia of Philosophy: Japanese Philosophy: aesthetics,https://plato.stanford.edu/entries/japanese-aesthetics/,2026-09-09,candidate
PHC-577,Axiology,Comparative Aesthetics,Eastern Aesthetics,Zen Aesthetics (Suzuki),Insight; emptiness; direct pointing; wordless,Sand-ripples in dry garden; sitting meditation back; bamboo water-sound; ensō circle; wordless sutra,symbol_mediated,snapshot,Treat the anchor as a culturally contingent cue and state the anchor-to-symbol rationale.,self_actualization,contextual,"Stanford Encyclopedia of Philosophy: aesthetic, concept of the",https://plato.stanford.edu/entries/aesthetic-concept/,2026-09-09,ontology_only
PHC-578,Axiology,Critical & Social Aesthetics,Feminist Aesthetics,Critique of the Gaze (Mulvey),Being-looked-at and looking-back; power of vision; visual domination,Nude woman in painting returning the viewer's gaze; audience silent before nude sculpture; self-aware gaze in selfie; silent reversal of seeing/being-seen; passive pose of women in classical painting,symbol_mediated,snapshot,Treat the anchor as a culturally contingent cue and state the anchor-to-symbol rationale.,not_applicable,related,"Stanford Encyclopedia of Philosophy: feminist philosophy, interventions: aesthetics",https://plato.stanford.edu/entries/feminism-aesthetics/,2026-09-09,candidate
PHC-579,Axiology,Critical & Social Aesthetics,Feminist Aesthetics,Decentred Aesthetics (feminist aesthetics),Plurality; inclusiveness; non-normative beauty,Models of diverse body types and skin colours lined up; portraits of non-standard faces each with dignity; women of different ages in one frame; ethnic minority traditional clothing in everyday mix; disabled dancers' unique bodily language on stage,symbol_mediated,snapshot,Treat the anchor as a culturally contingent cue and state the anchor-to-symbol rationale.,self_actualization,related,"Stanford Encyclopedia of Philosophy: feminist philosophy, interventions: aesthetics",https://plato.stanford.edu/entries/feminism-aesthetics/,2026-09-09,candidate
PHC-580,Axiology,Critical & Social Aesthetics,Feminist Aesthetics,Feminist Aesthetics (feminist aesthetic tradition),Women's perspective; self-expression; breaking silence,Steady gaze in women artists' self-portraits; tension in body-as-material installations; intimacy of private-diary creative texture; aestheticisation of everyday experience; intimate scale of whispering-like works,symbol_mediated,snapshot,Treat the anchor as a culturally contingent cue and state the anchor-to-symbol rationale.,self_actualization,related,"Stanford Encyclopedia of Philosophy: feminist philosophy, interventions: aesthetics",https://plato.stanford.edu/entries/feminism-aesthetics/,2026-09-09,candidate
PHC-581,Axiology,Critical & Social Aesthetics,Feminist Aesthetics,The Politicized Body,Bodily contestation; site of identity struggle; resisting flesh,Silver-white stretch marks on abdominal skin; contrast between tight constraint and loose liberation; political graffiti on body; story-bearing scars on skin; contrasting young and aged body textures,context_heavy,snapshot,"Require corroborating text, provenance, sequence, or multiple independent visual anchors.",physiological,related,Stanford Encyclopedia of Philosophy: perspectives on the body,https://plato.stanford.edu/entries/feminist-body/,2026-09-09,candidate
PHC-582,Axiology,Critical & Social Aesthetics,Frankfurt School,Aesthetic Autonomy (Adorno),Independence; self-sufficiency; not serving others,Composer burning finished score; artist destroying work; refusing commercial collaboration; creating unseen; destroying impure works,symbol_mediated,snapshot,Treat the anchor as a culturally contingent cue and state the anchor-to-symbol rationale.,esteem; self_actualization,related,"Stanford Encyclopedia of Philosophy: Adorno, Theodor W.",https://plato.stanford.edu/entries/adorno/,2026-09-09,candidate
PHC-583,Axiology,Critical & Social Aesthetics,Frankfurt School,Aura (Benjamin),Unique; here-and-now; authentic presence,Ancient Egyptian mask with fingerprints and cracks; crowd gazing at Mona Lisa; Beethoven's faded ink; signed title page; leaf's unique insect-hole,symbol_mediated,snapshot,Treat the anchor as a culturally contingent cue and state the anchor-to-symbol rationale.,not_applicable,related,"Stanford Encyclopedia of Philosophy: Benjamin, Walter",https://plato.stanford.edu/entries/benjamin/,2026-09-09,candidate
PHC-584,Axiology,Critical & Social Aesthetics,Frankfurt School,"Culture Industry (Adorno, Horkheimer)",Standardisation; homogeneity; assembly-line reproduction,Thousands identical dolls on line; identical film posters; homogenised pop playlists; uniformised talent shows; identical chain-store facades,symbol_mediated,snapshot,Treat the anchor as a culturally contingent cue and state the anchor-to-symbol rationale.,not_applicable,related,"Stanford Encyclopedia of Philosophy: Adorno, Theodor W.",https://plato.stanford.edu/entries/adorno/,2026-09-09,candidate
PHC-585,Axiology,Critical & Social Aesthetics,Frankfurt School,Mechanical Reproduction (Benjamin),Repeatable; mass-producible; loss of original,Printing-roller output; looped digital image; stacked posters; identical shelf items; identical hard-drive copies,symbol_mediated,process,Treat the anchor as a culturally contingent cue and state the anchor-to-symbol rationale.,not_applicable,related,"Stanford Encyclopedia of Philosophy: Benjamin, Walter",https://plato.stanford.edu/entries/benjamin/,2026-09-09,candidate
PHC-586,Axiology,Critical & Social Aesthetics,Frankfurt School,Negation (Adorno),Refusal; critique; dissonance; negative force,Single slash on blank canvas; dissonant sting in symphony; atonality's lost centre; sharp sound after silence; black cube in white room,symbol_mediated,snapshot,Treat the anchor as a culturally contingent cue and state the anchor-to-symbol rationale.,not_applicable,related,"Stanford Encyclopedia of Philosophy: Adorno, Theodor W.",https://plato.stanford.edu/entries/adorno/,2026-09-09,candidate
PHC-587,Axiology,Critical & Social Aesthetics,Postcolonial & Globalisation Aesthetics,Colonial Encounter (Fanon),Cultural tearing; self-alienation; mimicry and being-looked-at,Black face wearing a white mask; native imitating coloniser's dress; two different selves in the mirror; body in Western suit after cutting traditional clothes; speaking coloniser's language but with an accent,context_heavy,snapshot,"Require corroborating text, provenance, sequence, or multiple independent visual anchors.",not_applicable,contextual,"Stanford Encyclopedia of Philosophy: aesthetic, concept of the",https://plato.stanford.edu/entries/aesthetic-concept/,2026-09-09,ontology_only
PHC-588,Axiology,Critical & Social Aesthetics,Postcolonial & Globalisation Aesthetics,"Diasporic Aesthetics (Said, Gilroy)",Fluid identity; nostalgia; self in exile,Suitcase and old photo side-by-side; exile gazing back at homeland sea; familiar food in unfamiliar kitchen; diary written in two languages; homeland music on foreign street,context_heavy,snapshot,"Require corroborating text, provenance, sequence, or multiple independent visual anchors.",self_actualization,contextual,"Stanford Encyclopedia of Philosophy: aesthetic, concept of the",https://plato.stanford.edu/entries/aesthetic-concept/,2026-09-09,ontology_only
PHC-589,Axiology,Critical & Social Aesthetics,Postcolonial & Globalisation Aesthetics,Global Aesthetics,Cross-cultural resonance; tension between local and global,Poster juxtaposing symbols from different cultures; same theme expressed in different cultural idioms; sense of rupture between global and local; cultural map with dissolving borders; local narratives at international biennales,context_heavy,snapshot,"Require corroborating text, provenance, sequence, or multiple independent visual anchors.",self_actualization,related,"Stanford Encyclopedia of Philosophy: aesthetic, concept of the",https://plato.stanford.edu/entries/aesthetic-concept/,2026-09-09,candidate
PHC-590,Axiology,Critical & Social Aesthetics,Postcolonial & Globalisation Aesthetics,Hybridity (Bhabha),Cultural cross-breeding; third space; interwoven identities,European building with local ornamentation; native folk song sung in English; cheongsam with sneakers; traditional pattern on modern T-shirt; local spices in Western dish,context_heavy,snapshot,"Require corroborating text, provenance, sequence, or multiple independent visual anchors.",not_applicable,contextual,"Stanford Encyclopedia of Philosophy: aesthetic, concept of the",https://plato.stanford.edu/entries/aesthetic-concept/,2026-09-09,ontology_only
PHC-591,Axiology,Critical & Social Aesthetics,Postcolonial & Globalisation Aesthetics,Mimicry (Bhabha),Imitation without completeness; almost but not quite,Localised decoration in colonial church; distinctive Indian English pronunciation; recognisably adapted local cuisine; Western-style furniture made of native materials; local gestures retained while mimicking coloniser,context_heavy,snapshot,"Require corroborating text, provenance, sequence, or multiple independent visual anchors.",not_applicable,contextual,"Stanford Encyclopedia of Philosophy: aesthetic, concept of the",https://plato.stanford.edu/entries/aesthetic-concept/,2026-09-09,ontology_only
PHC-592,Axiology,Critical & Social Aesthetics,Postmodern Aesthetics,Late Capitalist Cultural Logic (Jameson),Waning of affect; exhaustion of style; spread of nostalgia culture,Fragmented collage in music videos; historical quotation in architecture; retro nostalgia in film; appropriation of past decades in advertising; historical-style mashup in fashion,symbol_mediated,snapshot,Treat the anchor as a culturally contingent cue and state the anchor-to-symbol rationale.,not_applicable,thinker_or_tradition,"Stanford Encyclopedia of Philosophy: James, William",https://plato.stanford.edu/entries/james/,2026-09-09,ontology_only
PHC-593,Axiology,Critical & Social Aesthetics,Postmodern Aesthetics,Metanarrative (Lyotard),End of grand narratives; suspicion of all big stories,Unified history book broken into multiple small narratives; questioning the myth of scientific progress; fragmentation of communist ideals; limits of Enlightenment reason; multiple voices of liberation narratives,context_heavy,snapshot,"Require corroborating text, provenance, sequence, or multiple independent visual anchors.",not_applicable,contextual,"Stanford Encyclopedia of Philosophy: aesthetic, concept of the",https://plato.stanford.edu/entries/aesthetic-concept/,2026-09-09,ontology_only
PHC-594,Axiology,Critical & Social Aesthetics,Postmodern Aesthetics,Parody and Pastiche (Jameson),Ironic imitation; stylistic mashup; defamiliarisation of meaning,Mona Lisa with a moustache; contemporary objects in classical paintings; parodic re-paintings of historical works; architectural mashup of different historical styles; literary collage of multiple classic texts,symbol_mediated,snapshot,Treat the anchor as a culturally contingent cue and state the anchor-to-symbol rationale.,not_applicable,thinker_or_tradition,"Stanford Encyclopedia of Philosophy: James, William",https://plato.stanford.edu/entries/james/,2026-09-09,ontology_only
PHC-595,Axiology,Critical & Social Aesthetics,Postmodern Aesthetics,Sublime (Lyotard),Presentation of the unpresentable; fracture between concept and form,Materiality in abstract expressionist canvas; incomprehensibility in avant-garde music; fracture and dislocation in postmodern architecture; experience beyond language; non-linear narrative time,symbol_mediated,snapshot,Treat the anchor as a culturally contingent cue and state the anchor-to-symbol rationale.,not_applicable,related,"Stanford Encyclopedia of Philosophy: aesthetic, concept of the",https://plato.stanford.edu/entries/aesthetic-concept/,2026-09-09,candidate
PHC-596,Axiology,Critical & Social Aesthetics,Queer & Gender Aesthetics,Camp (Sontag),Exaggeration; artificiality; excessive beauty,Over-dramatised stage gestures; exaggerated silhouettes in fashion; deliberately affected acting in film; unconventional aesthetic experiments in fashion; deliberate elevation of the ordinary into art,context_heavy,snapshot,"Require corroborating text, provenance, sequence, or multiple independent visual anchors.",not_applicable,related,Stanford Encyclopedia of Philosophy: perspectives on sex and gender,https://plato.stanford.edu/entries/feminism-gender/,2026-09-09,candidate
PHC-597,Axiology,Critical & Social Aesthetics,Queer & Gender Aesthetics,Gender Performativity (Butler),Gender as performance; everyday repetition; normative shaping,Gendered walking postures in daily life; deliberately maintained feminine mannerisms; unthinkingly repeated gender habits; gendered smiles and gestures in social settings; gender markers and their subversion in dress and hair,context_heavy,snapshot,"Require corroborating text, provenance, sequence, or multiple independent visual anchors.",not_applicable,related,Stanford Encyclopedia of Philosophy: perspectives on sex and gender,https://plato.stanford.edu/entries/feminism-gender/,2026-09-09,candidate
PHC-598,Axiology,Critical & Social Aesthetics,Queer & Gender Aesthetics,Queer Aesthetics,Anomalous beauty; resistance to norms; light beyond boundaries,Drag performance on stage; gender-ambiguous outfits in underground clubs; identity markers beyond binary; body modifications against mainstream aesthetics; non-normative expressions of desire,context_heavy,snapshot,"Require corroborating text, provenance, sequence, or multiple independent visual anchors.",self_actualization,related,"Stanford Encyclopedia of Philosophy: feminist philosophy, interventions: aesthetics",https://plato.stanford.edu/entries/feminism-aesthetics/,2026-09-09,candidate
PHC-599,Axiology,Critical & Social Aesthetics,Queer & Gender Aesthetics,Subversion of Gender Norms (Butler),Questioning gender norms; deconstructing binary divisions,"Transgender self-portraits; gender-neutral makeup and daily outfits; body postures not matching gender expectations; questioning ""male/female"" binary labels; self-naming against gender labels",context_heavy,snapshot,"Require corroborating text, provenance, sequence, or multiple independent visual anchors.",not_applicable,related,Stanford Encyclopedia of Philosophy: perspectives on sex and gender,https://plato.stanford.edu/entries/feminism-gender/,2026-09-09,candidate
PHC-600,Axiology,Media & Technology Aesthetics,Media Theory,Algorithmic Aesthetics (contemporary media theory),Recommendation as taste; data as verdict; personalisation as determination,"Endless recommended similar content based on viewing time on short-video platforms; ""guess you like"" playlists on music apps; ""you may also want"" related recommendations on shopping sites; content visibility determined by likes on social platforms; news headline ranking by click rate",context_heavy,snapshot,"Require corroborating text, provenance, sequence, or multiple independent visual anchors.",self_actualization,contextual,"Stanford Encyclopedia of Philosophy: aesthetic, concept of the",https://plato.stanford.edu/entries/aesthetic-concept/,2026-09-09,ontology_only
PHC-601,Axiology,Media & Technology Aesthetics,Media Theory,Global Village (McLuhan),Simultaneity; interconnection; neighbour across oceans,Side-by-side clocks from different time zones; split-screen faces across continents in video call; submarine fibre-optic cables spanning oceans; global news reaching every screen simultaneously; faces of different colours in one video conference,context_heavy,snapshot,"Require corroborating text, provenance, sequence, or multiple independent visual anchors.",not_applicable,contextual,"Stanford Encyclopedia of Philosophy: aesthetic, concept of the",https://plato.stanford.edu/entries/aesthetic-concept/,2026-09-09,ontology_only
PHC-602,Axiology,Media & Technology Aesthetics,Media Theory,Hot and Cool Media (McLuhan),Degree of participation; difference in definition,Comic-strip gaps requiring reader imagination vs continuous film footage; blurred phone voice vs clear face-to-face speech; handwritten scrawl vs printed signboard; radio requiring imaginative visualisation vs television providing given image,symbol_mediated,snapshot,Treat the anchor as a culturally contingent cue and state the anchor-to-symbol rationale.,not_applicable,contextual,"Stanford Encyclopedia of Philosophy: aesthetic, concept of the",https://plato.stanford.edu/entries/aesthetic-concept/,2026-09-09,ontology_only
PHC-603,Axiology,Media & Technology Aesthetics,Media Theory,Media as Extensions of Human Senses (McLuhan),media reshape perception; extension and reorganization of the senses,a device mediating what a person can see or hear; the same event framed differently across media; a human sense linked to a technological interface,symbol_mediated,snapshot,Treat the anchor as a culturally contingent cue and state the anchor-to-symbol rationale.,not_applicable,contextual,"Stanford Encyclopedia of Philosophy: aesthetic, concept of the",https://plato.stanford.edu/entries/aesthetic-concept/,2026-09-09,ontology_only
PHC-604,Axiology,Media & Technology Aesthetics,Media Theory,Pictorial Turn (Mitchell),Visual hegemony; retreat of text; rise of image,"Book covers more valued than content; image communication outpacing text on social media; news prioritising ""a picture is worth a thousand words""; infographics replacing tables in textbooks; memory surfacing as image rather than text",context_heavy,snapshot,"Require corroborating text, provenance, sequence, or multiple independent visual anchors.",not_applicable,contextual,"Stanford Encyclopedia of Philosophy: aesthetic, concept of the",https://plato.stanford.edu/entries/aesthetic-concept/,2026-09-09,ontology_only
PHC-605,Axiology,Media & Technology Aesthetics,Media Theory,The Medium is the Message (McLuhan),Medium determines content; tool is meaning,Rough texture of parchment vs neat print of movable type; hollow sound from radio speaker; pixel-grid image on TV screen; tactile difference between paper and smooth screen; telegraph clicking vs silent handwritten letter,symbol_mediated,snapshot,Treat the anchor as a culturally contingent cue and state the anchor-to-symbol rationale.,not_applicable,contextual,"Stanford Encyclopedia of Philosophy: aesthetic, concept of the",https://plato.stanford.edu/entries/aesthetic-concept/,2026-09-09,ontology_only
PHC-606,Axiology,Media & Technology Aesthetics,Techno-Culture & Posthuman Aesthetics,Biopunk (21st-century posthumanism),Life-anxiety; organic-inorganic blur; bio-ethical edge,Glowing GM flora/fauna in dark; tissue-electronic fusion; tissue-mechanical interface stitch; mutant close-up; lab-born artificial life,symbol_mediated,snapshot,Treat the anchor as a culturally contingent cue and state the anchor-to-symbol rationale.,not_applicable,contextual,"Stanford Encyclopedia of Philosophy: aesthetic, concept of the",https://plato.stanford.edu/entries/aesthetic-concept/,2026-09-09,ontology_only
PHC-607,Axiology,Media & Technology Aesthetics,Techno-Culture & Posthuman Aesthetics,Cyberpunk (Gibson),High-tech low-life; desperate rebellion; marginal resistance,Neon reflection in wet alleys; perfect hologram beside shack; soaring glass vs street-level grime; cyborg outcast; rain-neon solitary figure,symbol_mediated,snapshot,Treat the anchor as a culturally contingent cue and state the anchor-to-symbol rationale.,not_applicable,contextual,"Stanford Encyclopedia of Philosophy: aesthetic, concept of the",https://plato.stanford.edu/entries/aesthetic-concept/,2026-09-09,ontology_only
PHC-608,Axiology,Media & Technology Aesthetics,Techno-Culture & Posthuman Aesthetics,Cyborg (Haraway),Boundary dissolution; human-machine intermesh; identity reconstruction,Stitched metal arm and flesh; eye-implant glowing; corrective-device silhouette; subdermal circuitry; fused human-machine silhouette,symbol_mediated,snapshot,Treat the anchor as a culturally contingent cue and state the anchor-to-symbol rationale.,not_applicable,contextual,"Stanford Encyclopedia of Philosophy: aesthetic, concept of the",https://plato.stanford.edu/entries/aesthetic-concept/,2026-09-09,ontology_only
PHC-609,Axiology,Media & Technology Aesthetics,Techno-Culture & Posthuman Aesthetics,Glitch Art (21st-century digital aesthetics),Uncontrolled beauty; system error; digital breakdown,High-contrast mosaic; RGB-channel misregistration; screen-tear block; frozen pixel stacking; error-code scroll,symbol_mediated,snapshot,Treat the anchor as a culturally contingent cue and state the anchor-to-symbol rationale.,self_actualization,contextual,"Stanford Encyclopedia of Philosophy: aesthetic, concept of the",https://plato.stanford.edu/entries/aesthetic-concept/,2026-09-09,ontology_only
PHC-610,Axiology,Media & Technology Aesthetics,Techno-Culture & Posthuman Aesthetics,Hyperreality (Baudrillard),Truer-than-real; excessive realism; indistinguishable simulation,8K virtual scene sharper than real; impossible perfect lighting in studio; over-detailed prehistoric reconstruction; unnaturally clean historical set; hologram of lost building,symbol_mediated,snapshot,Treat the anchor as a culturally contingent cue and state the anchor-to-symbol rationale.,not_applicable,related,"Stanford Encyclopedia of Philosophy: Baudrillard, Jean",https://plato.stanford.edu/entries/baudrillard/,2026-09-09,candidate
PHC-611,Axiology,Media & Technology Aesthetics,Techno-Culture & Posthuman Aesthetics,Posthuman (Braidotti),Non-anthropocentric; species-boundary blur; co-evolution,Human-animal gene fusion; seamless prosthetic-flesh interface; AI-human dialogue; human-machine co-working; combined species traits,symbol_mediated,snapshot,Treat the anchor as a culturally contingent cue and state the anchor-to-symbol rationale.,not_applicable,contextual,"Stanford Encyclopedia of Philosophy: aesthetic, concept of the",https://plato.stanford.edu/entries/aesthetic-concept/,2026-09-09,ontology_only
PHC-612,Axiology,Media & Technology Aesthetics,Techno-Culture & Posthuman Aesthetics,Simulacrum (Baudrillard),Copy replacing original; simulation as real; original's disappearance,"Disney castle ""more real"" than real; high-fake vs original; AI-generated painting indistinguishable; 3D-printed replica beside original; viewers gazing at reproduction",symbol_mediated,snapshot,Treat the anchor as a culturally contingent cue and state the anchor-to-symbol rationale.,not_applicable,related,"Stanford Encyclopedia of Philosophy: Baudrillard, Jean",https://plato.stanford.edu/entries/baudrillard/,2026-09-09,candidate
PHC-613,Axiology,Media & Technology Aesthetics,Techno-Culture & Posthuman Aesthetics,Solarpunk (21st-century ecologic sci-fi),Ecological hope; techno-symbiosis; green future,Green-covered transparent building; PV arrays with forest; high-tech treehouses; eco-robot walking; sunlit sustainable city,symbol_mediated,snapshot,Treat the anchor as a culturally contingent cue and state the anchor-to-symbol rationale.,not_applicable,contextual,"Stanford Encyclopedia of Philosophy: aesthetic, concept of the",https://plato.stanford.edu/entries/aesthetic-concept/,2026-09-09,ontology_only
PHC-614,Axiology,Media & Technology Aesthetics,Techno-Culture & Posthuman Aesthetics,Spectacle (Debord),Visual hegemony; appearance as reality; inescapable image,Times Square LED layering; packaging design war; app notification crowding; LED-clad facade; airbrushed celebrity covers,symbol_mediated,snapshot,Treat the anchor as a culturally contingent cue and state the anchor-to-symbol rationale.,not_applicable,contextual,"Stanford Encyclopedia of Philosophy: aesthetic, concept of the",https://plato.stanford.edu/entries/aesthetic-concept/,2026-09-09,ontology_only
PHC-615,Axiology,Media & Technology Aesthetics,Techno-Culture & Posthuman Aesthetics,Vaporwave (2010s internet subculture),Nostalgic fragmentation; consumer memory; corrupted beauty,Classical statue with pixel grid; pink-blue gradient; pixelated broken floating font; CRT-tinged sky; VHS noise over Greek column,symbol_mediated,snapshot,Treat the anchor as a culturally contingent cue and state the anchor-to-symbol rationale.,not_applicable,contextual,"Stanford Encyclopedia of Philosophy: aesthetic, concept of the",https://plato.stanford.edu/entries/aesthetic-concept/,2026-09-09,ontology_only
PHC-616,Axiology,Environmental Aesthetics,Environmental & Ecological Aesthetics,Ecological Aesthetics (Berleant),Holistic perception; ecological network; co-existence,River through forest into fields; wetlands with birds and reeds; ecological cycle arrows; underground root-fungus network; hummingbird-flower mutual dependency,symbol_mediated,snapshot,Treat the anchor as a culturally contingent cue and state the anchor-to-symbol rationale.,self_actualization,contextual,"Stanford Encyclopedia of Philosophy: aesthetic, concept of the",https://plato.stanford.edu/entries/aesthetic-concept/,2026-09-09,ontology_only
PHC-617,Axiology,Environmental Aesthetics,Environmental & Ecological Aesthetics,Everyday Aesthetics (Saito),Unnoticed beauty; mundane radiance; ordinary poignancy,Rainbow cast by water glass on table; white shirt billowing on clothesline; dew on potted plant leaf; steam rising from a bowl of rice; sun-patch moving slowly across wall,symbol_mediated,snapshot,Treat the anchor as a culturally contingent cue and state the anchor-to-symbol rationale.,self_actualization,related,Stanford Encyclopedia of Philosophy: aesthetics of the everyday,https://plato.stanford.edu/entries/aesthetics-of-everyday/,2026-09-09,candidate
PHC-618,Axiology,Environmental Aesthetics,Environmental & Ecological Aesthetics,Participatory Aesthetics (Berleant),Immersion; firsthand engagement; no observer status,Feeling current and rocks while wading; hand feeling campfire heat and hearing crackling wood; tent-canvas rain-drumming; gentle pull and vibration on fishing line; different ground rhythms underfoot from different trails,symbol_mediated,snapshot,Treat the anchor as a culturally contingent cue and state the anchor-to-symbol rationale.,self_actualization,contextual,"Stanford Encyclopedia of Philosophy: aesthetic, concept of the",https://plato.stanford.edu/entries/aesthetic-concept/,2026-09-09,ontology_only
PHC-619,Axiology,Environmental Aesthetics,Environmental & Ecological Aesthetics,Sense of Place (Norberg-Schulz),Anchor of memory; root of belonging; sedimentation of time,Doorstep worn smooth by footsteps; track colour deepened by countless runs; stone bench worn smooth under old village tree; well-edge grooved by rope friction; initials carved into old church pew,symbol_mediated,snapshot,Treat the anchor as a culturally contingent cue and state the anchor-to-symbol rationale.,not_applicable,contextual,"Stanford Encyclopedia of Philosophy: aesthetic, concept of the",https://plato.stanford.edu/entries/aesthetic-concept/,2026-09-09,ontology_only
PHC-620,Axiology,Environmental Aesthetics,Environmental & Ecological Aesthetics,Wilderness Aesthetics (Rolston),Wildness; untamed; uninhabitable,Alaskan glacier in polar daylight; ash-covered volcano field without footprints; desert dunes reshaped by wind; rainforest vine-strangling and interweaving; sea-cliff impact in uninhabited strait,symbol_mediated,snapshot,Treat the anchor as a culturally contingent cue and state the anchor-to-symbol rationale.,self_actualization,contextual,"Stanford Encyclopedia of Philosophy: aesthetic, concept of the",https://plato.stanford.edu/entries/aesthetic-concept/,2026-09-09,ontology_only
PHC-621,Axiology,Phenomenological & Psychoanalytic Aesthetics,Phenomenological Aesthetics,Aesthetic Object (Dufrenne),Happened-upon beauty; encounter; unlooked-for pleasure,Looking up at an unexpected cloud; random radio song; perfect sun patch through leaves; street cat's turned head; puddle sky-reflection,symbol_mediated,snapshot,Treat the anchor as a culturally contingent cue and state the anchor-to-symbol rationale.,self_actualization,contextual,"Stanford Encyclopedia of Philosophy: aesthetic, concept of the",https://plato.stanford.edu/entries/aesthetic-concept/,2026-09-09,ontology_only
PHC-622,Axiology,Phenomenological & Psychoanalytic Aesthetics,Phenomenological Aesthetics,"Aesthetic Perception (Merleau-Ponty, Dufrenne)",Bodily immersion; felt sense; tactile knowing,Fingertip sliding over silk; barefoot grass sting and softness; marble cold embrace; sand running through fingers; cool water resistance around ankle,symbol_mediated,snapshot,Treat the anchor as a culturally contingent cue and state the anchor-to-symbol rationale.,self_actualization,related,Stanford Encyclopedia of Philosophy: aesthetic experience,https://plato.stanford.edu/entries/aesthetic-experience/,2026-09-09,candidate
PHC-623,Axiology,Phenomenological & Psychoanalytic Aesthetics,Phenomenological Aesthetics,Art as Truth (Heidegger),Disclosure; unconcealment; deep reality,Van Gogh's worn shoe-mud; cracked-open crystal interior; old wall layer-reveal; veteran's wrinkled scar; snapped branch's fresh white,symbol_mediated,snapshot,Treat the anchor as a culturally contingent cue and state the anchor-to-symbol rationale.,self_actualization,related,"Stanford Encyclopedia of Philosophy: Heidegger, Martin: aesthetics",https://plato.stanford.edu/entries/heidegger-aesthetics/,2026-09-09,candidate
PHC-624,Axiology,Phenomenological & Psychoanalytic Aesthetics,Phenomenological Aesthetics,Beauty (Heidegger),Unconcealment; being-as-it-is; luminous showing,Mist-cleared valley's every tree; water-wet pebble surface; full-open petal in sun; dawn ridge transition; post-bath skin's water-drop light,symbol_mediated,snapshot,Treat the anchor as a culturally contingent cue and state the anchor-to-symbol rationale.,not_applicable,related,Stanford Encyclopedia of Philosophy: beauty,https://plato.stanford.edu/entries/beauty/,2026-09-09,candidate
PHC-625,Axiology,Phenomenological & Psychoanalytic Aesthetics,Phenomenological Aesthetics,The Poetic (Heidegger),Language's sacred; innocent word; origin-naming,Child's invented moon-word; napkin draft; ungrammatical but exact expression; irretrievable improvisation; dream-shattered speech,symbol_mediated,snapshot,Treat the anchor as a culturally contingent cue and state the anchor-to-symbol rationale.,not_applicable,related,"Stanford Encyclopedia of Philosophy: Heidegger, Martin",https://plato.stanford.edu/entries/heidegger/,2026-09-09,candidate
PHC-626,Axiology,Phenomenological & Psychoanalytic Aesthetics,Psychoanalytic Aesthetics,Sublimation (Freud),Transformation of desire; sublimation of drive; turning of force,Unfulfilled longing turned into a poem; repressed anger turned into abstract painting; inexpressible pain turned into music; forbidden impulse turned into sculptural curve; raw energy turned into delicate dance,symbol_mediated,process,Treat the anchor as a culturally contingent cue and state the anchor-to-symbol rationale.,not_applicable,contextual,"Stanford Encyclopedia of Philosophy: aesthetic, concept of the",https://plato.stanford.edu/entries/aesthetic-concept/,2026-09-09,ontology_only
PHC-627,Axiology,Phenomenological & Psychoanalytic Aesthetics,Psychoanalytic Aesthetics,The Gaze (Lacan),Desiring look; trap of seeing; self-misrecognition,Figure in painting following viewer; mirror image taken as self but not self; illusion of being looked back at by the painting; embarrassment of being seen while looking; misplacement of desire in eye-contact,symbol_mediated,snapshot,Treat the anchor as a culturally contingent cue and state the anchor-to-symbol rationale.,not_applicable,contextual,"Stanford Encyclopedia of Philosophy: aesthetic, concept of the",https://plato.stanford.edu/entries/aesthetic-concept/,2026-09-09,ontology_only
PHC-628,Axiology,Phenomenological & Psychoanalytic Aesthetics,Psychoanalytic Aesthetics,The Real and the Limits of Representation (Lacan),breakdown of representation; encounter with what resists symbolization,a representational image interrupted by an unrendered void; a frame that points to something it cannot show; language or imagery visibly failing at a boundary,symbol_mediated,snapshot,Treat the anchor as a culturally contingent cue and state the anchor-to-symbol rationale.,not_applicable,related,"Stanford Encyclopedia of Philosophy: Lacan, Jacques",https://plato.stanford.edu/entries/lacan/,2026-09-09,candidate
PHC-629,Axiology,Empirical Aesthetics & Humor,Neuroaesthetics & Experimental Aesthetics,Evolutionary Aesthetic Preferences (Dutton),Innate selection; evolutionary bias; inborn likes,Infants fixating longer on symmetric faces; automatic preference for open landscapes; subliminal attraction to the golden ratio; instinctive capture of attention by bright colours,symbol_mediated,snapshot,Treat the anchor as a culturally contingent cue and state the anchor-to-symbol rationale.,self_actualization,contextual,"Stanford Encyclopedia of Philosophy: aesthetic, concept of the",https://plato.stanford.edu/entries/aesthetic-concept/,2026-09-09,ontology_only
PHC-630,Axiology,Empirical Aesthetics & Humor,Neuroaesthetics & Experimental Aesthetics,Neural Basis of Aesthetic Pleasure (Zeki),Brain-region activation; reward circuitry; dopamine release,fMRI brain regions lighting up in response to beauty; diagram of the brain's reward system; neuronal firing in response to aesthetic stimuli; pupil dilation when viewing beauty,symbol_mediated,snapshot,Treat the anchor as a culturally contingent cue and state the anchor-to-symbol rationale.,self_actualization,contextual,"Stanford Encyclopedia of Philosophy: aesthetic, concept of the",https://plato.stanford.edu/entries/aesthetic-concept/,2026-09-09,ontology_only
PHC-631,Axiology,Empirical Aesthetics & Humor,Neuroaesthetics & Experimental Aesthetics,"Synaesthesia and Cross-modal Perception (neuroaesthetics, cognitive science)",Sensory crossing; colour with sound; hearing as seeing,Hearing sound when seeing colour; fixed colour associations with letters/numbers; colour associations triggered by music; correspondences between taste and shape; colour imagination triggered by touch,context_heavy,snapshot,"Require corroborating text, provenance, sequence, or multiple independent visual anchors.",not_applicable,contextual,"Stanford Encyclopedia of Philosophy: aesthetic, concept of the",https://plato.stanford.edu/entries/aesthetic-concept/,2026-09-09,ontology_only
PHC-632,Axiology,Empirical Aesthetics & Humor,Philosophy of Humor,Philosophy of Humor,incongruity; play; comic framing; amusement,a visual incongruity framed as a joke; laughter linked to a visible punchline; parody recognizable through comparison with its target,context_heavy,snapshot,"Require corroborating text, provenance, sequence, or multiple independent visual anchors.",love_belonging,direct,"Stanford Encyclopedia of Philosophy: humor, philosophy of",https://plato.stanford.edu/entries/humor/,2026-09-09,candidate
