sample_id,split,group_id,source,track
PHL1800_HAIV_0001,test,HAIV:CoPoet:my heart is a cage for dark angels,HAIVMet,positive
PHL1800_HAIV_0002,calibration,HAIV:CoPoet:faith is a dangerous road that leads to the tattered ends of the earth,HAIVMet,positive
PHL1800_HAIV_0003,test,HAIV:CoPoet:my heart is a library,HAIVMet,positive
PHL1800_HAIV_0004,test,HAIV:CoPoet:the mirror is a lie.,HAIVMet,positive
PHL1800_HAIV_0005,test,HAIV:CoPoet:earth is a prison,HAIVMet,positive
PHL1800_HAIV_0006,dev,HAIV:Bizzoni:i was alone in a sea of unknown faces,HAIVMet,positive
PHL1800_HAIV_0007,test,HAIV:Bizzoni:we still ignore how the seed of life was planted on our planet,HAIVMet,positive
PHL1800_HAIV_0008,test,HAIV:CoPoet:time is a thief,HAIVMet,positive
PHL1800_HAIV_0009,test,HAIV:Tsvetkov:envy eats away at your soul.,HAIVMet,positive
PHL1800_HAIV_0010,test,HAIV:FigQA:she was an angel in disguise.,HAIVMet,positive
PHL1800_HAIV_0011,dev,HAIV:FigQA:life is a maze.,HAIVMet,positive
PHL1800_HAIV_0012,dev,HAIV:FigQA:she’s a walking dictionary.,HAIVMet,positive
PHL1800_HAIV_0013,test,HAIV:CoPoet:my soul is a broken mirror,HAIVMet,positive
PHL1800_HAIV_0014,test,HAIV:FigQA:the mind is a computer.,HAIVMet,positive
PHL1800_HAIV_0015,test,HAIV:FigQA:the stormy ocean was a raging bull.,HAIVMet,positive
PHL1800_HAIV_0016,test,HAIV:Advertisement:as freeing as the statue of liberty,HAIVMet,positive
PHL1800_HAIV_0017,test,"HAIV:Advertisement:don_t be one of the sheep, be heard!",HAIVMet,positive
PHL1800_HAIV_0018,test,HAIV:Advertisement:words burn,HAIVMet,positive
PHL1800_HAIV_0019,test,HAIV:Advertisement:global warming is a ticking bomb.,HAIVMet,positive
PHL1800_HAIV_0020,test,HAIV:Advertisement:love is in your bones,HAIVMet,positive
PHL1800_HAIV_0021,test,HAIV:CoPoet:love is a dead end,HAIVMet,positive
PHL1800_HAIV_0022,test,HAIV:Bizzoni:he pleaded for her forgiveness but janet was a statue,HAIVMet,positive
PHL1800_HAIV_0023,test,HAIV:Bizzoni:the roots of the war were in the economical crisis,HAIVMet,positive
PHL1800_HAIV_0024,test,HAIV:Bizzoni:the crowd was a roaring river,HAIVMet,positive
PHL1800_HAIV_0025,test,HAIV:Bizzoni:the wind howled; the waves dashed their bucklers together - we were in the jaws of death,HAIVMet,positive
PHL1800_HAIV_0026,test,HAIV:Bizzoni:an ancient anger exploded in his heart,HAIVMet,positive
PHL1800_HAIV_0027,calibration,HAIV:Bizzoni:adam did not understand the root of the crisis,HAIVMet,positive
PHL1800_HAIV_0028,calibration,HAIV:FLUTE:death is knocking at the door.,HAIVMet,positive
PHL1800_HAIV_0029,test,HAIV:FLUTE:the ex-slave tasted freedom shortly before he died.,HAIVMet,positive
PHL1800_HAIV_0030,test,"HAIV:FLUTE:all religions, arts and sciences are branches of the same tree",HAIVMet,positive
PHL1800_HAIV_0031,test,HAIV:FLUTE:people say that eyes are windows to the soul,HAIVMet,positive
PHL1800_HAIV_0032,dev,HAIV:FLUTE:my soul is lost and tossed like a ship unruddered in a shoreless sea,HAIVMet,positive
PHL1800_HAIV_0033,test,"HAIV:FLUTE:hope is the thing with feathers that perches in the soul, and sings the tune without the words, and never stops at all",HAIVMet,positive
PHL1800_HAIV_0034,test,HAIV:FLUTE:art washes away from the soul the dust of everyday life,HAIVMet,positive
PHL1800_HAIV_0035,test,HAIV:FLUTE:books are the mirror to the soul,HAIVMet,positive
PHL1800_HAIV_0036,test,HAIV:FLUTE:laughter is the music of the soul.,HAIVMet,positive
PHL1800_HAIV_0037,test,HAIV:FLUTE:while it has been confirmed to not be blood the truth is even more like broken skeletons in a closet.,HAIVMet,positive
PHL1800_HAIV_0038,dev,HAIV:FLUTE:my soul was a lampless sea and she was the tempest.,HAIVMet,positive
PHL1800_HAIV_0039,test,HAIV:FLUTE:yet as the days would pass the user would become more like a lost student.,HAIVMet,positive
PHL1800_HAIV_0040,test,HAIV:FLUTE:we streamed money into the education of our children.,HAIVMet,positive
PHL1800_HAIV_0041,test,"HAIV:FLUTE:in it, anita looked like an aged queen from king arthur's court.",HAIVMet,positive
PHL1800_HAIV_0042,test,HAIV:FLUTE:he has the heart of a lion,HAIVMet,positive
PHL1800_HAIV_0043,test,HAIV:FLUTE:love is a battlefield.,HAIVMet,positive
PHL1800_HAIV_0044,test,"HAIV:FLUTE:our hearts, though stout and brave, still, like muffled drums, are beating funeral marches to the grave",HAIVMet,positive
PHL1800_HAIV_0045,test,HAIV:FLUTE:love is an open door,HAIVMet,positive
PHL1800_HAIV_0046,test,HAIV:FLUTE:the hope in her voice now made me think of a flower growing in shadow.,HAIVMet,positive
PHL1800_HAIV_0047,test,"HAIV:FLUTE:time stood still, the world was like a bizarre carnival ride .",HAIVMet,positive
PHL1800_HAIV_0048,test,HAIV:FLUTE:the body is a container for emotion.,HAIVMet,positive
PHL1800_HAIV_0049,test,HAIV:FLUTE:there were dark corners in his past things he didn't like to remember.,HAIVMet,positive
PHL1800_HAIV_0050,test,HAIV:FLUTE:they say that scars are the roadmap to the soul,HAIVMet,positive
PHL1800_HAIV_0051,test,HAIV:FLUTE:with his war-club smote the doorways.,HAIVMet,positive
PHL1800_HAIV_0052,test,"HAIV:FLUTE:painting is an untamed animal, that a painter is free to show his:her feelings",HAIVMet,positive
PHL1800_HAIV_0053,test,HAIV:FLUTE:we have learned that the ending of the earth is like death and taxes.,HAIVMet,positive
PHL1800_HAIV_0054,test,HAIV:FLUTE:death is flowing at the door.,HAIVMet,positive
PHL1800_HAIV_0055,test,HAIV:FLUTE:the responsibility was weighing on my mind.,HAIVMet,positive
PHL1800_HAIV_0056,test,"HAIV:FLUTE:for centuries, the ruler has made life like a dreary prison.",HAIVMet,positive
PHL1800_HAIV_0057,test,HAIV:FLUTE:but my heart is a lonely hunter that hunts on a lonely hill.,HAIVMet,positive
PHL1800_HAIV_0058,test,HAIV:FLUTE:maybe my heart will be pounding like a worn out clock,HAIVMet,positive
PHL1800_HAIV_0059,dev,HAIV:FLUTE:the snow blanketed the earth like a mother would her infant child.,HAIVMet,positive
PHL1800_HAIV_0060,test,"HAIV:FLUTE:growing up, people always thought you were like a social pariah.",HAIVMet,positive
PHL1800_HAIV_0061,test,HAIV:FLUTE:when i looked at my friend after the storm he was a ghost.,HAIVMet,positive
PHL1800_HAIV_0062,test,HAIV:FLUTE:she has the heart of a lion,HAIVMet,positive
PHL1800_HAIV_0063,calibration,HAIV:FLUTE:the snow swaddled the earth like a mother would her infant child.,HAIVMet,positive
PHL1800_HAIV_0064,test,"HAIV:FLUTE:language is a road map of a culture. it tells you where its people come from, and where they are going.",HAIVMet,positive
PHL1800_HAIV_0065,test,HAIV:FLUTE:fear clogged her mind.,HAIVMet,positive
PHL1800_HAIV_0066,test,HAIV:FLUTE:and the face of the waters that spread away was as gray as the face of the dead,HAIVMet,positive
PHL1800_HAIV_0067,test,"HAIV:FLUTE:love is a truck and an open road,somewhere to start and a place to go",HAIVMet,positive
PHL1800_HAIV_0068,test,HAIV:FLUTE:anger bottled up inside her,HAIVMet,positive
PHL1800_HAIV_0069,test,"HAIV:FLUTE:he jerked his head, indicating to michael where to go, then backed up a couple of steps, his face like a funeral director's.",HAIVMet,positive
PHL1800_HAIV_0070,test,HAIV:FLUTE:time is money.,HAIVMet,positive
PHL1800_HAIV_0071,test,HAIV:FLUTE:he was a lion on the battlefield,HAIVMet,positive
PHL1800_HAIV_0072,test,HAIV:FLUTE:the warrior was a lion on the battlefield.,HAIVMet,positive
PHL1800_HAIV_0073,test,"HAIV:FLUTE:in the glass's reflection, her face was like a tapered flame .",HAIVMet,positive
PHL1800_HAIV_0074,test,HAIV:FLUTE:the path climbed all the way to the top of the hill.,HAIVMet,positive
PHL1800_HAIV_0075,test,HAIV:FLUTE:the faculty meeting was a real war.,HAIVMet,positive
PHL1800_HAIV_0076,calibration,HAIV:FLUTE:war was a nightmare.,HAIVMet,positive
PHL1800_HAIV_0077,dev,HAIV:FLUTE:my memory is a little cloudy about that incident.,HAIVMet,positive
PHL1800_HAIV_0078,test,"HAIV:FLUTE:i was starting to realize that although at first the whole ""star-crossed lovers"" thing seemed like an exotic love story or classic tale right out of a page of history , it was a lot more complicated and messy than i had ever wished for.",HAIVMet,positive
PHL1800_HAIV_0079,test,HAIV:FLUTE:the book was received warmly.,HAIVMet,positive
PHL1800_HAIV_0080,test,"HAIV:FLUTE:it struck from truth alone , the truth we live.",HAIVMet,positive
PHL1800_HAIV_0081,dev,HAIV:FLUTE:anger is the wind which blows out the lamp of the mind.,HAIVMet,positive
PHL1800_HAIV_0082,test,HAIV:FLUTE:vietnam was in his brain like a stringy piece of meat caught between his teeth that wouldn't be dislodged for love or money.,HAIVMet,positive
PHL1800_HAIV_0083,test,HAIV:FLUTE:fear choked her mind.,HAIVMet,positive
PHL1800_HAIV_0084,test,HAIV:FLUTE:the war devoured so many lives.,HAIVMet,positive
PHL1800_HAIV_0085,test,HAIV:FLUTE:a hundred different voices assailed my mind at the same instant like a karate kick to the face.,HAIVMet,positive
PHL1800_HAIV_0086,calibration,"HAIV:FLUTE:when the next tremor of terror tore though me, it made a very physical appearance when i was like a lone leaf in the dead of winter.",HAIVMet,positive
PHL1800_HAIV_0087,test,"HAIV:FLUTE:because of this, all interstellar species evolved on gas giants and thought earth was like a barren wasteland.",HAIVMet,positive
PHL1800_HAIV_0088,test,HAIV:FLUTE:you have no idea why people suddenly have become like pale frail zombies.,HAIVMet,positive
PHL1800_HAIV_0089,test,"HAIV:FLUTE:he saw the change in the boy's face: a streak of pain, there and gone like a comet.",HAIVMet,positive
PHL1800_HAIV_0090,test,"HAIV:FLUTE:face it, caine, the whole ashland police department is like a pair of three- week-old gym socks.",HAIVMet,positive
PHL1800_HAIV_0091,test,HAIV:FLUTE:valentinos mind was like a spilled box of beads bouncing in every direction.,HAIVMet,positive
PHL1800_HAIV_0092,test,HAIV:FLUTE:we funneled money into the education of our children.,HAIVMet,positive
PHL1800_HAIV_0093,test,HAIV:FLUTE:i had already planted the idea in her mind.,HAIVMet,positive
PHL1800_HAIV_0094,test,HAIV:FLUTE:but forming ideas about the future seemed like a mist-wreathed mountain path .,HAIVMet,positive
PHL1800_HAIV_0095,calibration,HAIV:FLUTE:a thought forms in my mind and it's like a sun-filled day .,HAIVMet,positive
PHL1800_HAIV_0096,test,HAIV:FLUTE:he embraced the knowledge or beliefs of his tribe.,HAIVMet,positive
PHL1800_HAIV_0097,test,HAIV:FLUTE:lay a responsibility on someone.,HAIVMet,positive
PHL1800_HAIV_0098,test,HAIV:FLUTE:six weeks after alex's death and peter's grief was like an open wound.,HAIVMet,positive
PHL1800_HAIV_0099,test,HAIV:FLUTE:middle age minimized her appetite for travel.,HAIVMet,positive
PHL1800_HAIV_0100,calibration,"HAIV:FLUTE:several thousand years in the future, humans evolved to be like fleshed automatons.",HAIVMet,positive
PHL1800_HAIV_0101,test,"HAIV:FLUTE:when ninja robot squad came on tv, the boys were glued in their seats.",HAIVMet,positive
PHL1800_HAIV_0102,test,HAIV:FLUTE:i was lost in a sea of nameless faces.,HAIVMet,positive
PHL1800_HAIV_0103,test,HAIV:FLUTE:love's wing molts when caged and captured,HAIVMet,positive
PHL1800_HAIV_0104,test,HAIV:FLUTE:the police finally netted a bank robber after an intense search.,HAIVMet,positive
PHL1800_HAIV_0105,dev,HAIV:FLUTE:the government digested the entire law into a code.,HAIVMet,positive
PHL1800_HAIV_0106,test,HAIV:FLUTE:i was swamped with work.,HAIVMet,positive
PHL1800_HAIV_0107,test,HAIV:FLUTE:we are all shadows on the wall of time,HAIVMet,positive
PHL1800_HAIV_0108,test,"HAIV:FLUTE:unfortunately, their ideas about your past life are like drunken bat swings at a dart board.",HAIVMet,positive
PHL1800_HAIV_0109,test,HAIV:FLUTE:the door seemed like a ring of assassins.,HAIVMet,positive
PHL1800_HAIV_0110,test,HAIV:FLUTE:her home is a prison to her.,HAIVMet,positive
PHL1800_HAIV_0111,test,HAIV:FLUTE:time flies when you're having fun.,HAIVMet,positive
PHL1800_HAIV_0112,test,HAIV:FLUTE:he was so happy he felt his heart was exploding.,HAIVMet,positive
PHL1800_HAIV_0113,calibration,HAIV:FLUTE:your guardian angel is just a little too much like a nerd at a comic convention.,HAIVMet,positive
PHL1800_HAIV_0114,test,HAIV:FLUTE:the book owned her imagination.,HAIVMet,positive
PHL1800_HAIV_0115,test,"HAIV:FLUTE:thank you so much, you are an angel.",HAIVMet,positive
PHL1800_HAIV_0116,test,HAIV:FLUTE:my heart swelled with a sea of tears,HAIVMet,positive
PHL1800_HAIV_0117,dev,"HAIV:FLUTE:that the time may pass more gayly ,",HAIVMet,positive
PHL1800_HAIV_0118,test,HAIV:FLUTE:the rich man had a cold heart.,HAIVMet,positive
PHL1800_HAIV_0119,test,"HAIV:FLUTE:her romantic mind was like the tiny boxes, one within the other, that come from the puzzling east",HAIVMet,positive
PHL1800_HAIV_0120,test,HAIV:FLUTE:their home was a prison.,HAIVMet,positive
PHL1800_HAIV_0121,test,HAIV:FLUTE:her relationships with family and friends are like puzzles with missing pieces.,HAIVMet,positive
PHL1800_HAIV_0122,test,HAIV:FLUTE:his devotion to his sick wife condemned him to a lonely existence.,HAIVMet,positive
PHL1800_HAIV_0123,dev,"HAIV:FLUTE:the knocking on the door was more assertive now, more like a herald's declaration.",HAIVMet,positive
PHL1800_HAIV_0124,test,"HAIV:FLUTE:and his heart within him fluttered ,",HAIVMet,positive
PHL1800_HAIV_0125,test,HAIV:FLUTE:the event carved itself into her memory.,HAIVMet,positive
PHL1800_HAIV_0126,test,HAIV:FLUTE:the event engraved itself into her memory.,HAIVMet,positive
PHL1800_HAIV_0127,test,HAIV:FLUTE:he has a heart of gold.,HAIVMet,positive
PHL1800_HAIV_0128,test,HAIV:FLUTE:jack nodded like a child at christmas.,HAIVMet,positive
PHL1800_HAIV_0129,calibration,HAIV:FLUTE:fear had changed him to a shaken jelly.,HAIVMet,positive
PHL1800_HAIV_0130,test,HAIV:FLUTE:trying to rationalize the situation eventually becomes like trapping a bird in a cage.,HAIVMet,positive
PHL1800_HAIV_0131,test,HAIV:FLUTE:my mind is a cupboard,HAIVMet,positive
PHL1800_HAIV_0132,test,"HAIV:FLUTE:he cruised slowly down main street, which was like a ghost-town street .",HAIVMet,positive
PHL1800_HAIV_0133,test,"HAIV:FLUTE:authority is a chair, it needs legs to stand.",HAIVMet,positive
PHL1800_HAIV_0134,test,HAIV:FLUTE:she was as emotional as a funeral director,HAIVMet,positive
PHL1800_HAIV_0135,test,HAIV:FLUTE:dying is a wild night and a new road,HAIVMet,positive
PHL1800_HAIV_0136,test,HAIV:FLUTE:my heart sings when he walks in the room.,HAIVMet,positive
PHL1800_HAIV_0137,test,HAIV:FLUTE:he froze with fear when he saw it.,HAIVMet,positive
PHL1800_HAIV_0138,test,"HAIV:FLUTE:next to her, xander is holding himself like a groom on a wedding cake.",HAIVMet,positive
PHL1800_HAIV_0139,test,HAIV:FLUTE:she's the kind of girl who climbed the ladder of success wrong by wrong.,HAIVMet,positive
PHL1800_HAIV_0140,test,"HAIV:FLUTE:love is a guest that comes, unbidden",HAIVMet,positive
PHL1800_HAIV_0141,test,"HAIV:FLUTE:right next to her, pausanius himself sat like a punished child.",HAIVMet,positive
PHL1800_HAIV_0142,test,HAIV:FLUTE:the roots of progress are in technological development.,HAIVMet,positive
PHL1800_HAIV_0143,calibration,HAIV:FLUTE:your body is a wonderland,HAIVMet,positive
PHL1800_HAIV_0144,test,"HAIV:FLUTE:now and again, as other people walked by, she passed through them as if she were like a mirage.",HAIVMet,positive
PHL1800_HAIV_0145,test,HAIV:FLUTE:matt stood like a big bronzed statue,HAIVMet,positive
PHL1800_HAIV_0146,calibration,HAIV:FLUTE:the government bowed to the military pressure.,HAIVMet,positive
PHL1800_HAIV_0147,test,HAIV:FLUTE:my face was like an empty plate .,HAIVMet,positive
PHL1800_HAIV_0148,test,"HAIV:FLUTE:he stands like a perfect marbled statue, never once looking away from me.",HAIVMet,positive
PHL1800_HAIV_0149,test,HAIV:FLUTE:computers are like old testament gods; lots of rules and no mercy.,HAIVMet,positive
PHL1800_HAIV_0150,test,"HAIV:FLUTE:’life' wrote a friend of mine, 'is a public performance on the violin, in which you must learn the instrument as you go along.”",HAIVMet,positive
PHL1800_HAIV_0151,test,"HAIV:FLUTE:mrs. hastings kept clucking about how nice the surroundings were, but spencer thought the restaurant was like a funeral home.",HAIVMet,positive
PHL1800_HAIV_0152,test,HAIV:FLUTE:the bad review of his work deflated his self-confidence.,HAIVMet,positive
PHL1800_HAIV_0153,test,HAIV:FLUTE:after a few weeks he’s starting to feel like an outcast.,HAIVMet,positive
PHL1800_HAIV_0154,test,HAIV:FLUTE:they sent a shudder through my being still.,HAIVMet,positive
PHL1800_HAIV_0155,test,HAIV:FLUTE:he always had an interest for the fruit of knowledge.,HAIVMet,positive
PHL1800_HAIV_0156,test,HAIV:FLUTE:death is like moonlight in a lofty wood that pours pale magic through the shadowy leaves,HAIVMet,positive
PHL1800_HAIV_0157,calibration,HAIV:FLUTE:he carried the knowledge or beliefs of his tribe.,HAIVMet,positive
PHL1800_HAIV_0158,test,HAIV:FLUTE:the teacher planted the seeds of wisdom.,HAIVMet,positive
PHL1800_HAIV_0159,test,HAIV:FLUTE:i battled with this decision for years.,HAIVMet,positive
PHL1800_HAIV_0160,calibration,HAIV:FLUTE:i have to bear the responsibility for this.,HAIVMet,positive
PHL1800_HAIV_0161,test,HAIV:FLUTE:i wrestled with this decision for years.,HAIVMet,positive
PHL1800_HAIV_0162,test,HAIV:FLUTE:she let such beautiful pearls of wisdom slip from her mouth without even knowing.,HAIVMet,positive
PHL1800_HAIV_0163,test,HAIV:FLUTE:whom fate has yoked with a weight of woes.,HAIVMet,positive
PHL1800_HAIV_0164,calibration,HAIV:FLUTE:i waded through the work.,HAIVMet,positive
PHL1800_HAIV_0165,test,HAIV:FLUTE:the computers at school are old dinosaurs,HAIVMet,positive
PHL1800_HAIV_0166,test,"HAIV:FLUTE:mom was inside the dim yellow kitchen, pacing like a caged tiger",HAIVMet,positive
PHL1800_HAIV_0167,test,HAIV:FLUTE:the seeds of change were planted in 1943.,HAIVMet,positive
PHL1800_HAIV_0168,test,HAIV:FLUTE:he is drowning at work.,HAIVMet,positive
PHL1800_HAIV_0169,test,HAIV:FLUTE:chaos is a friend of mine,HAIVMet,positive
PHL1800_HAIV_0170,dev,"HAIV:FLUTE:i looked to my right, toward the platform, and saw standing there a solitary figure, a rifle cradled in his arms, staring down at us like a sentry on the watch.",HAIVMet,positive
PHL1800_HAIV_0171,calibration,"HAIV:FLUTE:when the prophet told you that all your dreams would come true, you were like a million-dollar lottery winner.",HAIVMet,positive
PHL1800_HAIV_0172,test,"HAIV:FLUTE:he knew tommy was alright, in love and like a clam in wet mud.",HAIVMet,positive
PHL1800_HAIV_0173,test,"HAIV:FLUTE:everyone is a robot subtly testing you, but you are starting to get like an amateur detective.",HAIVMet,positive
PHL1800_HAIV_0174,test,HAIV:FLUTE:i'm as honest as a used car salesman,HAIVMet,positive
PHL1800_HAIV_0175,test,HAIV:FLUTE:after letting off his rage he sat down like a lamb.,HAIVMet,positive
PHL1800_HAIV_0176,test,"HAIV:FLUTE:a fatal letter wings its way across the sea, like a bird of prey",HAIVMet,positive
PHL1800_HAIV_0177,dev,HAIV:FLUTE:people think the old man has a sour temper.,HAIVMet,positive
PHL1800_HAIV_0178,test,"HAIV:FLUTE:you both have something important to say, but time is like a dwindling hourglass.",HAIVMet,positive
PHL1800_HAIV_0179,dev,"HAIV:FLUTE:he wanted to fight, but he was like a pup being held by the scruff.",HAIVMet,positive
PHL1800_HAIV_0180,test,"HAIV:FLUTE:despite all the other turmoil in my life, just the thought of seeing bo made me like a caffeine junkie.",HAIVMet,positive
PHL1800_HAIV_0181,test,HAIV:FLUTE:i won't stoop to reading other people's mail.,HAIVMet,positive
PHL1800_HAIV_0182,test,HAIV:FLUTE:jane knew these dicsussions were the seeds of a potential conflict.,HAIVMet,positive
PHL1800_HAIV_0183,test,HAIV:FLUTE:the party died as soon as she left.,HAIVMet,positive
PHL1800_HAIV_0184,test,"HAIV:FLUTE:he is a bright star, shining all the time, and helping and guiding everyone.",HAIVMet,positive
PHL1800_HAIV_0185,test,"HAIV:FLUTE:what-the-hell was right: looming behind them was a boxy building tall as a church steeple, resembling a recycling bin.",HAIVMet,positive
PHL1800_HAIV_0186,test,HAIV:FLUTE:they clawed their way to the top of the mountain.,HAIVMet,positive
PHL1800_HAIV_0187,test,HAIV:FLUTE:mistrust had poisoned their relationship,HAIVMet,positive
PHL1800_HAIV_0188,test,"HAIV:FLUTE:by the time sixth period photography rolled around, hardy was like a bear with a thorn in its paw.",HAIVMet,positive
PHL1800_HAIV_0189,test,"HAIV:FLUTE:i have absolutely no control over my life, and yet i'm like a fish in deep water.",HAIVMet,positive
PHL1800_HAIV_0190,test,HAIV:FLUTE:her home was a prison.,HAIVMet,positive
PHL1800_HAIV_0191,test,HAIV:FLUTE:the skies of his future began to darken,HAIVMet,positive
PHL1800_HAIV_0192,test,"HAIV:FLUTE:i barely even noticed, though, because now that i was holding her hand, i saw a network of lights flaring inside of her like a bright snarled ball that sparked in millions of colors.",HAIVMet,positive
PHL1800_HAIV_0193,test,HAIV:FLUTE:the event dug itself into her memory.,HAIVMet,positive
PHL1800_HAIV_0194,dev,HAIV:FLUTE:hope shines–a pebble in the gloom,HAIVMet,positive
PHL1800_HAIV_0195,test,HAIV:FLUTE:slowly his sense and strength bloomed.,HAIVMet,positive
PHL1800_HAIV_0196,calibration,HAIV:FLUTE:the atmosphere was like a funeral chamber for some big shot human being.,HAIVMet,positive
PHL1800_HAIV_0197,test,HAIV:FLUTE:donations to the charity were a tsunami.,HAIVMet,positive
PHL1800_HAIV_0198,test,HAIV:FLUTE:i restrained my anger and kept quiet.,HAIVMet,positive
PHL1800_HAIV_0199,test,"HAIV:FLUTE:‘ i think she 'd do better to understand herself , ’ ellen said tartly .",HAIVMet,positive
PHL1800_HAIV_0200,calibration,HAIV:FLUTE:hope is the thing with feathers,HAIVMet,positive
PHL1800_HAIV_0201,test,HAIV:FLUTE:the carriage was put in motion like a funeral car.,HAIVMet,positive
PHL1800_HAIV_0202,calibration,"HAIV:FLUTE:arise, fair sun, and kill the envious moon",HAIVMet,positive
PHL1800_HAIV_0203,test,HAIV:FLUTE:strength and dignity are her clothing,HAIVMet,positive
PHL1800_HAIV_0204,test,HAIV:FLUTE:not a change came o'er their features .,HAIVMet,positive
PHL1800_HAIV_0205,test,HAIV:FLUTE:he looked neither one way nor the other way but sat like a carved image.,HAIVMet,positive
PHL1800_HAIV_0206,test,"HAIV:FLUTE:but on top of that, we were wandering through some new england forest and the thick canopy of trees, spaced so impossibly close together, made the darkness feel like like a man-eating anaconda .",HAIVMet,positive
PHL1800_HAIV_0207,test,HAIV:FLUTE:people were streaming out of the theater.,HAIVMet,positive
PHL1800_HAIV_0208,test,HAIV:FLUTE:the library grew back like ivy on a castle.,HAIVMet,positive
PHL1800_HAIV_0209,test,HAIV:FLUTE:the eye of the mind is dazzled and vanquished,HAIVMet,positive
PHL1800_HAIV_0210,test,HAIV:FLUTE:his declarations sparked a fire in the community.,HAIVMet,positive
PHL1800_HAIV_0211,test,HAIV:FLUTE:toby manipulated the people in his life as though they were chess pieces,HAIVMet,positive
PHL1800_HAIV_0212,test,HAIV:FLUTE:the majority of law enforcement has become like a phonograph at a smartphone convention.,HAIVMet,positive
PHL1800_HAIV_0213,test,HAIV:FLUTE:i was in a very stormy relationship.,HAIVMet,positive
PHL1800_HAIV_0214,test,HAIV:FLUTE:describe your 'real' self in third person without sounding like a pompous beauty guru.,HAIVMet,positive
PHL1800_HAIV_0215,test,HAIV:FLUTE:he heaped him with work.,HAIVMet,positive
PHL1800_HAIV_0216,test,HAIV:FLUTE:it was a very stormy relationship.,HAIVMet,positive
PHL1800_HAIV_0217,calibration,HAIV:FLUTE:people were bolting out of the theater.,HAIVMet,positive
PHL1800_HAIV_0218,test,"HAIV:FLUTE:the human brain is a computer. it has programs that allow thinking, acting, and making decisions.",HAIVMet,positive
PHL1800_HAIV_0219,test,HAIV:FLUTE:mistrust had poisoned their relationship.,HAIVMet,positive
PHL1800_HAIV_0220,test,HAIV:FLUTE:the captain was a tall and noble statue.,HAIVMet,positive
PHL1800_HAIV_0221,test,HAIV:FLUTE:he felt like a great oak tree with roots that went deep.,HAIVMet,positive
PHL1800_HAIV_0222,test,HAIV:FLUTE:your brain is a computer.,HAIVMet,positive
PHL1800_HAIV_0223,test,"HAIV:FLUTE:a maintenance access ladder carried them down; it was like a damned barrel , and he wasn't delighted with having three people climbing down on top of him.",HAIVMet,positive
PHL1800_HAIV_0224,test,HAIV:FLUTE:my heart’s a stereo it beats for you so listen close,HAIVMet,positive
PHL1800_HAIV_0225,dev,"HAIV:FLUTE:his sensitive ears picked up every sound, but it was like a library on friday night",HAIVMet,positive
PHL1800_HAIV_0226,test,HAIV:FLUTE:love is a crocodile in the river of desire,HAIVMet,positive
PHL1800_HAIV_0227,test,HAIV:FLUTE:i really think you’re barking up the wrong tree.,HAIVMet,positive
PHL1800_HAIV_0228,test,HAIV:FLUTE:the judge clapped him in jail.,HAIVMet,positive
PHL1800_HAIV_0229,test,HAIV:FLUTE:she didn’t notice the time slipping by,HAIVMet,positive
PHL1800_HAIV_0230,test,HAIV:FLUTE:he was looking like a wounded lion .,HAIVMet,positive
PHL1800_HAIV_0231,test,HAIV:FLUTE:middle age dulled her appetite for travel.,HAIVMet,positive
PHL1800_HAIV_0232,test,HAIV:FLUTE:during the conflict the seeds of peace were planted.,HAIVMet,positive
PHL1800_HAIV_0233,dev,HAIV:FLUTE:she was like a tranquil lake inside now,HAIVMet,positive
PHL1800_HAIV_0234,test,HAIV:FLUTE:love is a spice with many tastes—a dizzying array of textures and moments,HAIVMet,positive
PHL1800_HAIV_0235,dev,HAIV:FLUTE:i think we should think about the roots of the problem.,HAIVMet,positive
PHL1800_HAIV_0236,test,HAIV:FLUTE:the play is going to burn few people.,HAIVMet,positive
PHL1800_HAIV_0237,test,"HAIV:FLUTE:each face was like the setting sun, as, broad and red",HAIVMet,positive
PHL1800_HAIV_0238,test,HAIV:FLUTE:kisses are the flowers of love in bloom.,HAIVMet,positive
PHL1800_HAIV_0239,test,HAIV:FLUTE:her face glowed when she came out of the sauna.,HAIVMet,positive
PHL1800_HAIV_0240,test,HAIV:FLUTE:the moment had arrived for killing the past and coming back to life.,HAIVMet,positive
PHL1800_HAIV_0241,test,"HAIV:FLUTE:i mean, he sits in the front and i sit in the back, but - """"it should still be fine,"" he says, sounding about like a doctor who's just dropped his keys in his patient's open heart cavity.",HAIVMet,positive
PHL1800_HAIV_0242,test,HAIV:FLUTE:lay the foundation for a new health care plan.,HAIVMet,positive
PHL1800_HAIV_0243,test,HAIV:FLUTE:the book captured her imagination.,HAIVMet,positive
PHL1800_HAIV_0244,test,HAIV:FLUTE:the avalanche polvarized anything standing in its way.,HAIVMet,positive
PHL1800_HAIV_0245,test,HAIV:FLUTE:he is the shining star of our school,HAIVMet,positive
PHL1800_HAIV_0246,test,HAIV:FLUTE:she is drowning in the sea of love.,HAIVMet,positive
PHL1800_HAIV_0247,calibration,HAIV:FLUTE:you wake one morning to find your entire family lying like gray slabs of cement.,HAIVMet,positive
PHL1800_HAIV_0248,test,HAIV:FLUTE:your guardian angel is just a little too much like a kid on christmas morning.,HAIVMet,positive
PHL1800_HAIV_0249,test,HAIV:FLUTE:the library grew back like a persistent garden.,HAIVMet,positive
PHL1800_HAIV_0250,dev,HAIV:FLUTE:the immigrants were quickly absorbed into society.,HAIVMet,positive
PHL1800_HAIV_0251,test,HAIV:FLUTE:love is fire,HAIVMet,positive
PHL1800_HAIV_0252,test,"HAIV:FLUTE:she smirked when she saw me looking at it, eyes huge and mouth like a door ajar.",HAIVMet,positive
PHL1800_HAIV_0253,test,HAIV:FLUTE:her body became like a partially full bag of grain.,HAIVMet,positive
PHL1800_HAIV_0254,dev,"HAIV:FLUTE:she met his gaze again, her pale green eyes like a warrior girded for battle.",HAIVMet,positive
PHL1800_HAIV_0255,test,"HAIV:FLUTE:while the gauze stopped the bleeding, it also soaked up the rain, making his every movement resemble a rusty wagon on a bumpy road.",HAIVMet,positive
PHL1800_HAIV_0256,test,HAIV:FLUTE:all our words are but crumbs that fall down from the feast of the mind,HAIVMet,positive
PHL1800_HAIV_0257,test,HAIV:FLUTE:he was feeling like a lone survivor returning from the battlefield.,HAIVMet,positive
PHL1800_HAIV_0258,test,"HAIV:FLUTE:i wanted to get money, but the atm froze.",HAIVMet,positive
PHL1800_HAIV_0259,calibration,"HAIV:FLUTE:whenever the sun goes away, he stays up there keeping the magic like a sacred burning flame.",HAIVMet,positive
PHL1800_HAIV_0260,test,HAIV:FLUTE:my golden toned skin met my internal heat welcomingly and it spread across my body like a wildfire in a drought.,HAIVMet,positive
PHL1800_HAIV_0261,test,"HAIV:FLUTE:his skin felt like a doves feathers and his little face was round, set by a golden crown of curls.",HAIVMet,positive
PHL1800_HAIV_0262,test,HAIV:FLUTE:the bridge towers over the river.,HAIVMet,positive
PHL1800_HAIV_0263,test,HAIV:FLUTE:a global catastrophe causes all major technology to be rendered like burned ashes.,HAIVMet,positive
PHL1800_HAIV_0264,test,HAIV:FLUTE:my eyes burned up and i could feel my face turning red.,HAIVMet,positive
PHL1800_HAIV_0265,test,HAIV:FLUTE:there are few things worse than being bludgeoned into reading a book you hate .,HAIVMet,positive
PHL1800_HAIV_0266,calibration,HAIV:FLUTE:the employee swallows her anger.,HAIVMet,positive
PHL1800_HAIV_0267,test,HAIV:FLUTE:the book glowed like a lit coal .,HAIVMet,positive
PHL1800_HAIV_0268,test,"HAIV:FLUTE:let us be grateful to people who make us happy, they are the charming gardeners who make our souls blossom",HAIVMet,positive
PHL1800_HAIV_0269,test,"HAIV:FLUTE:he adjusted himself groggily, but upon seeing me, he sprang up like a soldier at dawn.",HAIVMet,positive
PHL1800_HAIV_0270,calibration,HAIV:FLUTE:the changing of the guard was like a well-oiled clock .,HAIVMet,positive
PHL1800_HAIV_0271,test,HAIV:FLUTE:the gun kicked back into my shoulder.,HAIVMet,positive
PHL1800_HAIV_0272,test,HAIV:FLUTE:how can we build a ’global economy’ if finance is handcuffed?,HAIVMet,positive
PHL1800_HAIV_0273,calibration,"HAIV:FLUTE:life is a mere dream, a fleeting shadow on a cloudy day",HAIVMet,positive
PHL1800_HAIV_0274,test,HAIV:FLUTE:that building looks as strong as a broken bridge,HAIVMet,positive
PHL1800_HAIV_0275,calibration,HAIV:FLUTE:she has a heart of stone,HAIVMet,positive
PHL1800_HAIV_0276,test,HAIV:FLUTE:i muffled my anger and kept quiet.,HAIVMet,positive
PHL1800_HAIV_0277,calibration,HAIV:FLUTE:he kissed her as though he were trying to win a sword fight,HAIVMet,positive
PHL1800_HAIV_0278,test,HAIV:FLUTE:she is like a rare stone in a museum surrounded by laser lights.,HAIVMet,positive
PHL1800_HAIV_0279,test,"HAIV:FLUTE:the lid was stuck shut, and my entire face felt like a submerged corpse 's.",HAIVMet,positive
PHL1800_HAIV_0280,test,HAIV:FLUTE:the old woman had an open heart.,HAIVMet,positive
PHL1800_HAIV_0281,test,HAIV:FLUTE:he worked as hard as dead slug,HAIVMet,positive
PHL1800_HAIV_0282,test,HAIV:FLUTE:the detective listened to her tales with a wooden face.,HAIVMet,positive
PHL1800_HAIV_0283,dev,"HAIV:FLUTE:i looked down at him, and he smiled at me like an angel.",HAIVMet,positive
PHL1800_HAIV_0284,test,"HAIV:FLUTE:nobody notices until your body is found, like a gray frostbitten log.",HAIVMet,positive
PHL1800_HAIV_0285,calibration,HAIV:FLUTE:my heart skips when he walks in the room.,HAIVMet,positive
PHL1800_HAIV_0286,dev,"HAIV:FLUTE:life is a book, lying on a tabletop, its pages outspread like a thousand wings of a bird",HAIVMet,positive
PHL1800_HAIV_0287,test,"HAIV:FLUTE:maxine fortenberry came in, her walk ponderous and her face like a thunderstorm.",HAIVMet,positive
PHL1800_HAIV_0288,test,HAIV:FLUTE:you’ve discovered that your body is like bulletproof steel.,HAIVMet,positive
PHL1800_HAIV_0289,test,HAIV:FLUTE:my eyes teared up and i could feel my face turning into a bruised tomato.,HAIVMet,positive
PHL1800_HAIV_0290,test,HAIV:FLUTE:the road was a ribbon of moonlight over the purple moor,HAIVMet,positive
PHL1800_HAIV_0291,test,HAIV:FLUTE:the window panes were trembling as the wind blew through them.,HAIVMet,positive
PHL1800_HAIV_0292,test,HAIV:FLUTE:slowly his sense and strength grew.,HAIVMet,positive
PHL1800_HAIV_0293,dev,"HAIV:FLUTE:she goes all so softly like a shadow on the hill, a faint wind at twilight",HAIVMet,positive
PHL1800_HAIV_0294,test,HAIV:FLUTE:a break up can leave you with a broken heart.,HAIVMet,positive
PHL1800_HAIV_0295,test,HAIV:FLUTE:he wanted to set sail on the ocean of love but he just wasted away in the desert.,HAIVMet,positive
PHL1800_HAIV_0296,dev,HAIV:FLUTE:each stride he took was like a tennis court.,HAIVMet,positive
PHL1800_HAIV_0297,test,HAIV:FLUTE:his heart is a cold iron.,HAIVMet,positive
PHL1800_HAIV_0298,calibration,HAIV:FLUTE:my eyes welled up and i could feel my face turning red.,HAIVMet,positive
PHL1800_HAIV_0299,test,HAIV:FLUTE:his body was weathered by leprosy.,HAIVMet,positive
PHL1800_HAIV_0300,test,HAIV:FLUTE:the road ahead was a ribbon stretching across the desert.,HAIVMet,positive
PHL1800_HAIV_0301,test,HAIV:FLUTE:the left side of his face was like a healing injury,HAIVMet,positive
PHL1800_HAIV_0302,test,HAIV:FLUTE:her heart fluttered in her ribs like a butterflys wings .,HAIVMet,positive
PHL1800_HAIV_0303,test,HAIV:FLUTE:the road is life,HAIVMet,positive
PHL1800_HAIV_0304,test,HAIV:FLUTE:the evening stretches before me like a road,HAIVMet,positive
PHL1800_HAIV_0305,test,HAIV:FLUTE:she had a heart of stone.,HAIVMet,positive
PHL1800_HAIV_0306,test,HAIV:FLUTE:love is a fine wine,HAIVMet,positive
PHL1800_HAIV_0307,test,HAIV:FLUTE:we're starting to discover life is like an endless road.,HAIVMet,positive
PHL1800_HAIV_0308,dev,HAIV:FLUTE:his mind groped to make the connection.,HAIVMet,positive
PHL1800_HAIV_0309,test,"HAIV:FLUTE:cherek, i replied in a pained tone, 'that path's like a broken-backed snake",HAIVMet,positive
PHL1800_HAIV_0310,test,"HAIV:FLUTE:as in depths of many seas, my heart was drowned in memories",HAIVMet,positive
PHL1800_HAIV_0311,test,HAIV:FLUTE:these events could tilt the balance of power.,HAIVMet,positive
PHL1800_HAIV_0312,test,"HAIV:FLUTE:you both have something important to say, but time is like a half-blink.",HAIVMet,positive
PHL1800_HAIV_0313,test,HAIV:FLUTE:this idea will never amount to anything.,HAIVMet,positive
PHL1800_HAIV_0314,test,HAIV:FLUTE:i let my body like a rag doll.,HAIVMet,positive
PHL1800_HAIV_0315,test,HAIV:FLUTE:she was like a timeless statue .,HAIVMet,positive
PHL1800_HAIV_0316,test,HAIV:FLUTE:love is a plant of the most tender kind,HAIVMet,positive
PHL1800_HAIV_0317,dev,HAIV:FLUTE:and the sky overhead had turned like a polluted body of water.,HAIVMet,positive
PHL1800_HAIV_0318,test,HAIV:FLUTE:her face was already like a beet.,HAIVMet,positive
PHL1800_HAIV_0319,test,HAIV:FLUTE:the critics paid tribute to this broadway production.,HAIVMet,positive
PHL1800_HAIV_0320,test,HAIV:FLUTE:the notion of loving too much seemed like a real-life wuthering heights with heathcliff crying out his anguish to the windswept moors.,HAIVMet,positive
PHL1800_HAIV_0321,calibration,HAIV:FLUTE:the faculty meeting was a circus.,HAIVMet,positive
PHL1800_HAIV_0322,test,HAIV:FLUTE:she seized all the men's hearts.,HAIVMet,positive
PHL1800_HAIV_0323,test,"HAIV:FLUTE:then, as a hunted deer that could not flee, i turned upon my thoughts and stood at bay, wounded and weak and panting",HAIVMet,positive
PHL1800_HAIV_0324,test,HAIV:FLUTE:we can lean on this man.,HAIVMet,positive
PHL1800_HAIV_0325,test,"HAIV:FLUTE:duryodhan's life had a superb cast, but he couldn't figure out the plot.",HAIVMet,positive
PHL1800_HAIV_0326,test,HAIV:FLUTE:my alarm roared at me this morning.,HAIVMet,positive
PHL1800_HAIV_0327,dev,HAIV:FLUTE:he was as depressed as a kid on his birthday,HAIVMet,positive
PHL1800_HAIV_0328,calibration,HAIV:CoPoet:her soul is like a quiet sea,HAIVMet,positive
PHL1800_HAIV_0329,test,HAIV:CoPoet:anger is a demon that preys on the soul,HAIVMet,positive
PHL1800_HAIV_0330,test,HAIV:CoPoet:my soul is like a prisoned lark,HAIVMet,positive
PHL1800_HAIV_0331,test,HAIV:CoPoet:her soul is like a wolf that glides,HAIVMet,positive
PHL1800_HAIV_0332,test,HAIV:CoPoet:my heart is a clock you make it go tick,HAIVMet,positive
PHL1800_HAIV_0333,calibration,HAIV:CoPoet:death is a monster i’ll face with no fear,HAIVMet,positive
PHL1800_HAIV_0334,test,HAIV:CoPoet:her soul is like a wolf that stands,HAIVMet,positive
PHL1800_HAIV_0335,calibration,HAIV:CoPoet:my soul is like a bird with broken wings,HAIVMet,positive
PHL1800_HAIV_0336,test,HAIV:CoPoet:love is a door that i don_t want it to close,HAIVMet,positive
PHL1800_HAIV_0337,test,HAIV:CoPoet:love is a shadow,HAIVMet,positive
PHL1800_HAIV_0338,dev,HAIV:CoPoet:his body is a temple excavated evacuated deserted and desolated,HAIVMet,positive
PHL1800_HAIV_0339,test,HAIV:CoPoet:my heart is a rock laying on the earth,HAIVMet,positive
PHL1800_HAIV_0340,test,HAIV:CoPoet:death is a good disguise,HAIVMet,positive
PHL1800_HAIV_0341,test,HAIV:CoPoet:this fear is a memory that burns into the night,HAIVMet,positive
PHL1800_HAIV_0342,test,HAIV:CoPoet:death is a gate of dreariness and gloom,HAIVMet,positive
PHL1800_HAIV_0343,test,HAIV:CoPoet:faith is a kind of parasitic plant,HAIVMet,positive
PHL1800_HAIV_0344,test,HAIV:CoPoet:my heart is like a ship that finds no rest,HAIVMet,positive
PHL1800_HAIV_0345,test,HAIV:CoPoet:my mind is a tangle of fishing wire,HAIVMet,positive
PHL1800_HAIV_0346,test,HAIV:CoPoet:pain is a seed that sprouts growth,HAIVMet,positive
PHL1800_HAIV_0347,test,HAIV:CoPoet:my heart is a dancer,HAIVMet,positive
PHL1800_HAIV_0348,calibration,HAIV:CoPoet:love is a warrior_s yearning,HAIVMet,positive
PHL1800_HAIV_0349,test,HAIV:CoPoet:thought is a vulture,HAIVMet,positive
PHL1800_HAIV_0350,test,HAIV:CoPoet:your mind is a house for your own giant galaxy,HAIVMet,positive
PHL1800_HAIV_0351,test,HAIV:CoPoet:my heart is a garden tired with autumn,HAIVMet,positive
PHL1800_HAIV_0352,dev,HAIV:CoPoet:love is like a dizziness,HAIVMet,positive
PHL1800_HAIV_0353,test,HAIV:CoPoet:my broken heart is a gateway,HAIVMet,positive
PHL1800_HAIV_0354,test,HAIV:CoPoet:every mind is like a shark,HAIVMet,positive
PHL1800_HAIV_0355,dev,HAIV:CoPoet:absence is a dark room where lover develops negatives,HAIVMet,positive
PHL1800_HAIV_0356,test,HAIV:CoPoet:the screaming is a mirror that reflects my pain,HAIVMet,positive
PHL1800_HAIV_0357,calibration,HAIV:CoPoet:death is like moonlight in a lofty wood,HAIVMet,positive
PHL1800_HAIV_0358,dev,HAIV:CoPoet:death is a hard pill to swallow,HAIVMet,positive
PHL1800_HAIV_0359,test,HAIV:CoPoet:death is a table spread,HAIVMet,positive
PHL1800_HAIV_0360,test,HAIV:CoPoet:work is a living hell,HAIVMet,positive
PHL1800_HAIV_0361,test,HAIV:CoPoet:time is a bus that i am running behind,HAIVMet,positive
PHL1800_HAIV_0362,test,HAIV:CoPoet:alcohol is a friend,HAIVMet,positive
PHL1800_HAIV_0363,test,HAIV:CoPoet:love is a test full of trick questions,HAIVMet,positive
PHL1800_HAIV_0364,test,HAIV:CoPoet:true love is like plum blossoms in bloom,HAIVMet,positive
PHL1800_HAIV_0365,calibration,HAIV:CoPoet:your body is a forest,HAIVMet,positive
PHL1800_HAIV_0366,test,HAIV:CoPoet:an unexpected loss is a blow to the face,HAIVMet,positive
PHL1800_HAIV_0367,test,HAIV:CoPoet:love is a conquest,HAIVMet,positive
PHL1800_HAIV_0368,test,HAIV:CoPoet:depression is a mind of dark cluttered jumbles,HAIVMet,positive
PHL1800_HAIV_0369,test,HAIV:CoPoet:my heart is like a rousing bell,HAIVMet,positive
PHL1800_HAIV_0370,test,HAIV:CoPoet:my heart is like an apple-tree,HAIVMet,positive
PHL1800_HAIV_0371,test,HAIV:CoPoet:our love is a board game,HAIVMet,positive
PHL1800_HAIV_0372,test,HAIV:CoPoet:my heart is a river,HAIVMet,positive
PHL1800_HAIV_0373,test,HAIV:CoPoet:love is a burden,HAIVMet,positive
PHL1800_HAIV_0374,test,HAIV:CoPoet:her smile is a warm fire that melts my heart,HAIVMet,positive
PHL1800_HAIV_0375,test,HAIV:CoPoet:her love is a hurricane,HAIVMet,positive
PHL1800_HAIV_0376,test,HAIV:CoPoet:his body is a wooden puzzle,HAIVMet,positive
PHL1800_HAIV_0377,test,HAIV:CoPoet:your face is a puzzle of a scene with few discriminate landmarks,HAIVMet,positive
PHL1800_HAIV_0378,test,HAIV:CoPoet:the earth is like a mother,HAIVMet,positive
PHL1800_HAIV_0379,test,HAIV:CoPoet:a woman_s heart is like a harp of gold,HAIVMet,positive
PHL1800_HAIV_0380,test,HAIV:CoPoet:love is a sickness,HAIVMet,positive
PHL1800_HAIV_0381,test,HAIV:CoPoet:my heart is a rose thorn,HAIVMet,positive
PHL1800_HAIV_0382,test,HAIV:CoPoet:my heart is like a fountain,HAIVMet,positive
PHL1800_HAIV_0383,test,HAIV:CoPoet:america is a gun,HAIVMet,positive
PHL1800_HAIV_0384,test,HAIV:CoPoet:the ocean is a turbid grave,HAIVMet,positive
PHL1800_HAIV_0385,test,HAIV:CoPoet:your face is a canvas,HAIVMet,positive
PHL1800_HAIV_0386,test,HAIV:CoPoet:my whole mind is a leaking black hole,HAIVMet,positive
PHL1800_HAIV_0387,test,HAIV:CoPoet:love is like outer space,HAIVMet,positive
PHL1800_HAIV_0388,test,HAIV:CoPoet:love is like a shooting star,HAIVMet,positive
PHL1800_HAIV_0389,dev,HAIV:CoPoet:love is a double-edged sword,HAIVMet,positive
PHL1800_HAIV_0390,calibration,HAIV:CoPoet:the earth is a succulent sunday roast,HAIVMet,positive
PHL1800_HAIV_0391,test,HAIV:CoPoet:love is a silent phantom,HAIVMet,positive
PHL1800_HAIV_0392,calibration,HAIV:CoPoet:my heart is like glass transparent and fragile,HAIVMet,positive
PHL1800_HAIV_0393,dev,"HAIV:CoPoet:my heart is like the sun, dear",HAIVMet,positive
PHL1800_HAIV_0394,test,HAIV:CoPoet:the body is a flame,HAIVMet,positive
PHL1800_HAIV_0395,test,HAIV:CoPoet:love is a hole in my chest,HAIVMet,positive
PHL1800_HAIV_0396,test,HAIV:CoPoet:love is like jenga,HAIVMet,positive
PHL1800_HAIV_0397,test,HAIV:CoPoet:my body is a vessel empty,HAIVMet,positive
PHL1800_HAIV_0398,test,HAIV:CoPoet:my heart is like a singing bird,HAIVMet,positive
PHL1800_HAIV_0399,test,HAIV:CoPoet:love is like a parisian night,HAIVMet,positive
PHL1800_HAIV_0400,test,HAIV:CoPoet:the real poison is a broken heart,HAIVMet,positive
PHL1800_HAIV_0401,test,HAIV:CoPoet:my heart is a blank canvas waiting to be painted,HAIVMet,positive
PHL1800_HAIV_0402,test,HAIV:CoPoet:the sky is a mirror,HAIVMet,positive
PHL1800_HAIV_0403,test,HAIV:CoPoet:your mind is a powerful tool,HAIVMet,positive
PHL1800_HAIV_0404,test,HAIV:CoPoet:the planet is a sinking ship,HAIVMet,positive
PHL1800_HAIV_0405,dev,HAIV:CoPoet:the world is a a tomb,HAIVMet,positive
PHL1800_HAIV_0406,test,HAIV:CoPoet:his dwelling is a labyrinth of thorns,HAIVMet,positive
PHL1800_HAIV_0407,test,"HAIV:CoPoet:love is a circle, and an endless sphere",HAIVMet,positive
PHL1800_HAIV_0408,test,HAIV:CoPoet:my path is a river with many tributaries,HAIVMet,positive
PHL1800_HAIV_0409,test,HAIV:CoPoet:the mind is a glass fortress,HAIVMet,positive
PHL1800_HAIV_0410,test,HAIV:CoPoet:hope is a slow progress like a dying immortal flame,HAIVMet,positive
PHL1800_HAIV_0411,dev,HAIV:CoPoet:your body is a vein of the infinite,HAIVMet,positive
PHL1800_HAIV_0412,test,"HAIV:CoPoet:each face is a story, a tragedy and a doubt",HAIVMet,positive
PHL1800_HAIV_0413,test,HAIV:CoPoet:each morning is a battle with the bed,HAIVMet,positive
PHL1800_HAIV_0414,dev,HAIV:CoPoet:my silence is like a weapon,HAIVMet,positive
PHL1800_HAIV_0415,test,HAIV:CoPoet:fear is a lock,HAIVMet,positive
PHL1800_HAIV_0416,test,HAIV:CoPoet:my mind’s eye is a hammock,HAIVMet,positive
PHL1800_HAIV_0417,test,HAIV:CoPoet:friendship is a sheltering tree,HAIVMet,positive
PHL1800_HAIV_0418,test,HAIV:CoPoet:my mind is a desert dry from emotion filled with a burning tinge of red,HAIVMet,positive
PHL1800_HAIV_0419,dev,HAIV:CoPoet:time is a train,HAIVMet,positive
PHL1800_HAIV_0420,test,HAIV:CoPoet:my mind is a waterfall,HAIVMet,positive
PHL1800_HAIV_0421,test,HAIV:CoPoet:time is like a snail,HAIVMet,positive
PHL1800_HAIV_0422,test,HAIV:CoPoet:love is a smoke made with the fumes of sighs,HAIVMet,positive
PHL1800_HAIV_0423,test,HAIV:CoPoet:my mind is a desert and i am an explorer,HAIVMet,positive
PHL1800_HAIV_0424,test,HAIV:CoPoet:time is a sword which divides,HAIVMet,positive
PHL1800_HAIV_0425,test,HAIV:CoPoet:love is a sea which wrecks and sinks our craft,HAIVMet,positive
PHL1800_HAIV_0426,dev,HAIV:CoPoet:anxiety is a freight train as it runs over a deer,HAIVMet,positive
PHL1800_HAIV_0427,dev,HAIV:CoPoet:the house is like a garden,HAIVMet,positive
PHL1800_HAIV_0428,test,HAIV:CoPoet:hate is a blizzard,HAIVMet,positive
PHL1800_HAIV_0429,calibration,HAIV:CoPoet:man is a feral pig ravenously trampling,HAIVMet,positive
PHL1800_HAIV_0430,test,HAIV:CoPoet:every flower is a lover of mine,HAIVMet,positive
PHL1800_HAIV_0431,test,HAIV:CoPoet:my brain is a sea,HAIVMet,positive
PHL1800_HAIV_0432,test,HAIV:CoPoet:my jaw is a rollercoaster gripping the tracks,HAIVMet,positive
PHL1800_HAIV_0433,test,"HAIV:CoPoet:your smile is a heron, flying",HAIVMet,positive
PHL1800_HAIV_0434,test,HAIV:CoPoet:england is a cup of tea,HAIVMet,positive
PHL1800_HAIV_0435,test,HAIV:CoPoet:her voice is like a rose,HAIVMet,positive
PHL1800_HAIV_0436,test,HAIV:CoPoet:the world is a ravenous beast,HAIVMet,positive
PHL1800_HAIV_0437,test,HAIV:CoPoet:a heartbeat is like a never-ending stampede of buffalo,HAIVMet,positive
PHL1800_HAIV_0438,test,HAIV:CoPoet:my wineglass is a chapel,HAIVMet,positive
PHL1800_HAIV_0439,test,HAIV:CoPoet:his silence is a music heard,HAIVMet,positive
PHL1800_HAIV_0440,dev,HAIV:Tsvetkov:please join me as we work together to fight hunger in your community.,HAIVMet,positive
PHL1800_HAIV_0441,test,HAIV:Tsvetkov:your destiny is tied to the person you work for.,HAIVMet,positive
PHL1800_HAIV_0442,calibration,HAIV:Tsvetkov:in white anger he threw the book down - and proceeded along another line.,HAIVMet,positive
PHL1800_HAIV_0443,test,HAIV:Tsvetkov:the company is letting money walk out the door.,HAIVMet,positive
PHL1800_HAIV_0444,test,HAIV:Tsvetkov:out-of-control spending was hurting the economy.,HAIVMet,positive
PHL1800_HAIV_0445,test,HAIV:Tsvetkov:i really hope society wakes up soon.,HAIVMet,positive
PHL1800_HAIV_0446,test,HAIV:Tsvetkov:fat chance that gets resolved any time soon.,HAIVMet,positive
PHL1800_HAIV_0447,test,HAIV:Tsvetkov:their hearts cry out for worship.,HAIVMet,positive
PHL1800_HAIV_0448,test,HAIV:Tsvetkov:the rich are getting richer while the middle class slides into poverty.,HAIVMet,positive
PHL1800_HAIV_0449,calibration,HAIV:Tsvetkov:the police closed the investigation.,HAIVMet,positive
PHL1800_HAIV_0450,test,HAIV:Tsvetkov:a breezy disregard for the preservation of the pence was a family trait,HAIVMet,positive
PHL1800_HAIV_0451,test,HAIV:Tsvetkov:you have a shiny goal in mind that is distracting you with its awesomeness.,HAIVMet,positive
PHL1800_HAIV_0452,dev,HAIV:Tsvetkov:my computer battery died.,HAIVMet,positive
PHL1800_HAIV_0453,test,HAIV:Tsvetkov:life rushes to replace death.,HAIVMet,positive
PHL1800_HAIV_0454,test,HAIV:Tsvetkov:at southwest airlines they understand that success rides on friendly service.,HAIVMet,positive
PHL1800_HAIV_0455,calibration,HAIV:Tsvetkov:the future of our transportation system hangs in the balance.,HAIVMet,positive
PHL1800_HAIV_0456,test,HAIV:Tsvetkov:i thought all this very pretty and engaging and steerforth seemed to think so too as we looked after them fading away in the light of a young moon.,HAIVMet,positive
PHL1800_HAIV_0457,test,HAIV:Tsvetkov:airports are swimming in money from passenger fees.,HAIVMet,positive
PHL1800_HAIV_0458,calibration,HAIV:Tsvetkov:the pride bursts from my heart.,HAIVMet,positive
PHL1800_HAIV_0459,test,HAIV:Tsvetkov:my computer slipped into coma.,HAIVMet,positive
PHL1800_HAIV_0460,test,HAIV:Tsvetkov:don’t go and blow your paycheck though.,HAIVMet,positive
PHL1800_HAIV_0461,test,HAIV:Tsvetkov:her reaction to spelt was dizziness nausea and a strong feeling of foggy brain.,HAIVMet,positive
PHL1800_HAIV_0462,calibration,HAIV:Tsvetkov:countless marriages have survived initial problems.,HAIVMet,positive
PHL1800_HAIV_0463,test,HAIV:Tsvetkov:the creativity flowed from the parents as well as the children.,HAIVMet,positive
PHL1800_HAIV_0464,test,HAIV:Tsvetkov:now i read the post the poster was showing a written example of purple prose.,HAIVMet,positive
PHL1800_HAIV_0465,test,HAIV:Tsvetkov:an honest meal at a reasonable price is a rarity in milan.,HAIVMet,positive
PHL1800_HAIV_0466,test,HAIV:Tsvetkov:following the earlier quake turkey accepted help from dozens of countries including israel and armenia with which it has frosty relations.,HAIVMet,positive
PHL1800_HAIV_0467,test,HAIV:Tsvetkov:most of us thought it was just wild speculation.,HAIVMet,positive
PHL1800_HAIV_0468,test,HAIV:Tsvetkov:how is consumer electronics driving innovation in the u.s. and abroad?,HAIVMet,positive
PHL1800_HAIV_0469,dev,HAIV:Tsvetkov:the economy sailed through the world recession of 2001.,HAIVMet,positive
PHL1800_HAIV_0470,calibration,HAIV:Tsvetkov:the protagonist trinity pierce is a college professor with a murky past who lives and works in cambridge massachusetts.,HAIVMet,positive
PHL1800_HAIV_0471,test,HAIV:Tsvetkov:care to offer some evidence that this bald assertion is true?,HAIVMet,positive
PHL1800_HAIV_0472,test,HAIV:Tsvetkov:i hope all her marketing materials live the dream.,HAIVMet,positive
PHL1800_HAIV_0473,test,HAIV:Tsvetkov:the brain uses a sort of fuzzy logic.,HAIVMet,positive
PHL1800_HAIV_0474,test,HAIV:Tsvetkov:the good news is that even while congress sleeps there are those on both the right and left that recognize the dangers.,HAIVMet,positive
PHL1800_HAIV_0475,test,HAIV:Tsvetkov:forced overtime burns goodwill at an extremely high rate.,HAIVMet,positive
PHL1800_HAIV_0476,test,HAIV:Tsvetkov:ok so some girls know what we have in our filthy minds.,HAIVMet,positive
PHL1800_HAIV_0477,test,HAIV:Tsvetkov:for a brief moment this week excitement filled the streets of both havana and miami.,HAIVMet,positive
PHL1800_HAIV_0478,test,HAIV:Tsvetkov:the ukrainian singer was rewarded with stormy applause.,HAIVMet,positive
PHL1800_HAIV_0479,test,HAIV:Tsvetkov:come to think of it this is a rather cool feature of aol.,HAIVMet,positive
PHL1800_HAIV_0480,test,HAIV:Tsvetkov:luck loves those that expect it.,HAIVMet,positive
PHL1800_HAIV_0481,test,HAIV:Tsvetkov:this summer and part of the fall will be a mad sprint to finish up various projects.,HAIVMet,positive
PHL1800_HAIV_0482,test,HAIV:Tsvetkov:black humor seems very irish to me.,HAIVMet,positive
PHL1800_HAIV_0483,test,HAIV:Tsvetkov:horses possess a sunny disposition and much natural charm.,HAIVMet,positive
PHL1800_HAIV_0484,test,HAIV:Tsvetkov:midwesterners try to spread the wealth evenly.,HAIVMet,positive
PHL1800_HAIV_0485,test,HAIV:Tsvetkov:we inherited a team that was the sad sack of the league.,HAIVMet,positive
PHL1800_HAIV_0486,test,HAIV:Tsvetkov:the only requirement is that you have to be receptive and become a dry and thirsty sponge.,HAIVMet,positive
PHL1800_HAIV_0487,test,HAIV:Tsvetkov:comprehensive solutions marry ideas favored by one party and opposed by the other.,HAIVMet,positive
PHL1800_HAIV_0488,test,HAIV:Tsvetkov:the independence day parade and the christmas event in fairfield all have cloudy futures.,HAIVMet,positive
PHL1800_HAIV_0489,test,HAIV:Tsvetkov:i find it a constant struggle to shut my brain off sometimes.,HAIVMet,positive
PHL1800_HAIV_0490,calibration,HAIV:Tsvetkov:his kindness has really touched me.,HAIVMet,positive
PHL1800_HAIV_0491,test,HAIV:Tsvetkov:their initial icy glares had turned to restless agitation.,HAIVMet,positive
PHL1800_HAIV_0492,test,HAIV:Tsvetkov:our conversation turned to the subject of “tongues”.,HAIVMet,positive
PHL1800_HAIV_0493,test,HAIV:Tsvetkov:they are accidents waiting to happen.,HAIVMet,positive
PHL1800_HAIV_0494,test,HAIV:Tsvetkov:it was great to see a warm reception for it on twitter.,HAIVMet,positive
PHL1800_HAIV_0495,test,HAIV:Tsvetkov:primary battles have torn the party apart.,HAIVMet,positive
PHL1800_HAIV_0496,test,HAIV:Tsvetkov:look at their smiling faces and their zeal as they try to wash their sins away.,HAIVMet,positive
PHL1800_HAIV_0497,test,HAIV:Tsvetkov:this is a solution to a hairy problem.,HAIVMet,positive
PHL1800_HAIV_0498,test,HAIV:Tsvetkov:flustered i could only stammer out thin excuses.,HAIVMet,positive
PHL1800_HAIV_0499,test,HAIV:FigQA:her soul is black.,HAIVMet,positive
PHL1800_HAIV_0500,dev,HAIV:FigQA:his anger bottled up inside.,HAIVMet,positive
PHL1800_HAIV_0501,test,HAIV:FigQA:her heart sank on hearing the terrible news.,HAIVMet,positive
PHL1800_HAIV_0502,test,HAIV:FigQA:her heart melts when she sees him.,HAIVMet,positive
PHL1800_HAIV_0503,test,HAIV:FigQA:i’m the master of my sea.,HAIVMet,positive
PHL1800_HAIV_0504,dev,HAIV:FigQA:the complex case landed the detectives barking up the wrong tree.,HAIVMet,positive
PHL1800_HAIV_0505,calibration,HAIV:FigQA:a friend is a treasure.,HAIVMet,positive
PHL1800_HAIV_0506,test,HAIV:FigQA:teachers mould their students for their future.,HAIVMet,positive
PHL1800_HAIV_0507,test,HAIV:FigQA:the police officer was digging up details about the suspects.,HAIVMet,positive
PHL1800_HAIV_0508,test,HAIV:FigQA:the news of the accident was a dagger in her heart.,HAIVMet,positive
PHL1800_HAIV_0509,test,HAIV:FigQA:her heart of stone was the result of the previous unfortunate events in her life.,HAIVMet,positive
PHL1800_HAIV_0510,calibration,HAIV:FigQA:his heart was made of gold.,HAIVMet,positive
PHL1800_HAIV_0511,test,HAIV:FigQA:love is a rose.,HAIVMet,positive
PHL1800_HAIV_0512,test,HAIV:FigQA:there’s a rat among us.,HAIVMet,positive
PHL1800_HAIV_0513,test,HAIV:FigQA:she followed her instincts and changed tack.,HAIVMet,positive
PHL1800_HAIV_0514,test,HAIV:FigQA:the wind screamed in his face while he was riding the bike.,HAIVMet,positive
PHL1800_HAIV_0515,calibration,HAIV:FigQA:the mind is an ocean.,HAIVMet,positive
PHL1800_HAIV_0516,test,HAIV:FigQA:his anger was a wildfire waiting to ignite.,HAIVMet,positive
PHL1800_HAIV_0517,dev,HAIV:FigQA:you’re sitting on a winning lottery.,HAIVMet,positive
PHL1800_HAIV_0518,test,HAIV:FigQA:life is no bed of roses.,HAIVMet,positive
PHL1800_HAIV_0519,test,HAIV:FigQA:laughter is the best medicine.,HAIVMet,positive
PHL1800_HAIV_0520,test,HAIV:FigQA:he was a cheetah in the race.,HAIVMet,positive
PHL1800_HAIV_0521,dev,HAIV:FigQA:i’ll make sure she pays for her doings.,HAIVMet,positive
PHL1800_HAIV_0522,calibration,HAIV:FigQA:her mom warned her about the monsters in the world.,HAIVMet,positive
PHL1800_HAIV_0523,dev,HAIV:FigQA:she was drowning in grief.,HAIVMet,positive
PHL1800_HAIV_0524,test,HAIV:Advertisement:i gave her my heart but she wanted my soul,HAIVMet,positive
PHL1800_HAIV_0525,test,HAIV:Advertisement:adorn the windows to your soul.,HAIVMet,positive
PHL1800_HAIV_0526,test,HAIV:Advertisement:you will always have their heart in your hand.,HAIVMet,positive
PHL1800_HAIV_0527,test,HAIV:Advertisement:love is a heart-shaped donut.,HAIVMet,positive
PHL1800_HAIV_0528,test,HAIV:Advertisement:a strong love is like solid foundation.,HAIVMet,positive
PHL1800_HAIV_0529,dev,HAIV:Advertisement:dominate the road.,HAIVMet,positive
PHL1800_HAIV_0530,test,HAIV:Advertisement:unleash the inner power,HAIVMet,positive
PHL1800_HAIV_0531,test,HAIV:Advertisement:let your heart soar,HAIVMet,positive
PHL1800_HAIV_0532,dev,HAIV:Advertisement:turn back the clock,HAIVMet,positive
PHL1800_HAIV_0533,test,HAIV:Advertisement:a perfect marriage between creamy and crispy,HAIVMet,positive
PHL1800_HAIV_0534,test,HAIV:Advertisement:your heart is calling,HAIVMet,positive
PHL1800_HAIV_0535,test,HAIV:Advertisement:love is in the air.,HAIVMet,positive
PHL1800_HAIV_0536,test,HAIV:Advertisement:one message could blow up in your face.,HAIVMet,positive
PHL1800_HAIV_0537,test,HAIV:Advertisement:listen with your heart.,HAIVMet,positive
PHL1800_HAIV_0538,dev,"HAIV:Advertisement:when people leave, they take pieces of you with them that you may never get back.",HAIVMet,positive
PHL1800_HAIV_0539,test,HAIV:Bizzoni:by that time my friend was broken so he had to sell his house,HAIVMet,positive
PHL1800_HAIV_0540,calibration,HAIV:Bizzoni:it is sad to observe the fruits of ignorance.,HAIVMet,positive
PHL1800_HAIV_0541,test,HAIV:Bizzoni:time flies,HAIVMet,positive
PHL1800_HAIV_0542,test,HAIV:Bizzoni:he felt a wave of anger,HAIVMet,positive
PHL1800_HAIV_0543,test,HAIV:Bizzoni:she was ready to turn her hand and heart to anything that promised to yield safety.,HAIVMet,positive
PHL1800_HAIV_0544,dev,HAIV:Bizzoni:my love is a summer day,HAIVMet,positive
PHL1800_HAIV_0545,dev,HAIV:Bizzoni:she had a bright idea,HAIVMet,positive
PHL1800_HAIV_0546,test,HAIV:Bizzoni:she was lost in her thoughts and memories,HAIVMet,positive
PHL1800_HAIV_0547,test,HAIV:Bizzoni:the republican convention was a horror show,HAIVMet,positive
PHL1800_HAIV_0548,test,HAIV:Bizzoni:the sky was on fire and he felt pain pouring down.,HAIVMet,positive
PHL1800_HAIV_0549,test,HAIV:Bizzoni:when it rains in tokyo the city becomes a sea of umbrellas.,HAIVMet,positive
PHL1800_HAIV_0550,test,HAIV:Bizzoni:the faculty meeting was a nightmare,HAIVMet,positive
PHL1800_HL_0001,calibration,HL:train_10878.png,HL Dataset,positive
PHL1800_HL_0002,calibration,HL:train_9063.png,HL Dataset,positive
PHL1800_HL_0003,test,HL:train_1544.png,HL Dataset,positive
PHL1800_HL_0004,test,HL:train_12482.png,HL Dataset,positive
PHL1800_HL_0005,test,HL:train_10240.png,HL Dataset,positive
PHL1800_HL_0006,test,HL:train_9145.png,HL Dataset,positive
PHL1800_HL_0007,test,HL:train_6494.png,HL Dataset,positive
PHL1800_HL_0008,test,HL:train_254.png,HL Dataset,positive
PHL1800_HL_0009,test,HL:train_8558.png,HL Dataset,positive
PHL1800_HL_0010,test,HL:train_2665.png,HL Dataset,positive
PHL1800_HL_0011,dev,HL:train_2834.png,HL Dataset,positive
PHL1800_HL_0012,dev,HL:train_224.png,HL Dataset,positive
PHL1800_HL_0013,test,HL:train_3617.png,HL Dataset,positive
PHL1800_HL_0014,test,HL:train_4733.png,HL Dataset,positive
PHL1800_HL_0015,test,HL:train_6399.png,HL Dataset,positive
PHL1800_HL_0016,test,HL:train_6210.png,HL Dataset,positive
PHL1800_HL_0017,test,HL:train_2740.png,HL Dataset,positive
PHL1800_HL_0018,test,HL:train_10384.png,HL Dataset,positive
PHL1800_HL_0019,calibration,HL:train_2532.png,HL Dataset,positive
PHL1800_HL_0020,test,HL:train_11952.png,HL Dataset,positive
PHL1800_HL_0021,test,HL:train_1981.png,HL Dataset,positive
PHL1800_HL_0022,test,HL:train_5809.png,HL Dataset,positive
PHL1800_HL_0023,test,HL:train_11481.png,HL Dataset,positive
PHL1800_HL_0024,test,HL:train_11563.png,HL Dataset,positive
PHL1800_HL_0025,test,HL:train_5894.png,HL Dataset,positive
PHL1800_HL_0026,test,HL:train_7098.png,HL Dataset,positive
PHL1800_HL_0027,calibration,HL:train_4300.png,HL Dataset,positive
PHL1800_HL_0028,test,HL:train_5283.png,HL Dataset,positive
PHL1800_HL_0029,test,HL:train_12984.png,HL Dataset,positive
PHL1800_HL_0030,test,HL:train_7590.png,HL Dataset,positive
PHL1800_HL_0031,test,HL:test_1021.png,HL Dataset,positive
PHL1800_HL_0032,test,HL:train_3054.png,HL Dataset,positive
PHL1800_HL_0033,test,HL:train_1761.png,HL Dataset,positive
PHL1800_HL_0034,test,HL:train_4295.png,HL Dataset,positive
PHL1800_HL_0035,test,HL:train_8903.png,HL Dataset,positive
PHL1800_HL_0036,calibration,HL:test_270.png,HL Dataset,positive
PHL1800_HL_0037,test,HL:train_12202.png,HL Dataset,positive
PHL1800_HL_0038,test,HL:train_162.png,HL Dataset,positive
PHL1800_HL_0039,dev,HL:train_7392.png,HL Dataset,positive
PHL1800_HL_0040,test,HL:train_12368.png,HL Dataset,positive
PHL1800_HL_0041,test,HL:train_11239.png,HL Dataset,positive
PHL1800_HL_0042,test,HL:train_12784.png,HL Dataset,positive
PHL1800_HL_0043,test,HL:train_3191.png,HL Dataset,positive
PHL1800_HL_0044,test,HL:train_4537.png,HL Dataset,positive
PHL1800_HL_0045,test,HL:train_8958.png,HL Dataset,positive
PHL1800_HL_0046,test,HL:train_12813.png,HL Dataset,positive
PHL1800_HL_0047,test,HL:train_1745.png,HL Dataset,positive
PHL1800_HL_0048,test,HL:test_1105.png,HL Dataset,positive
PHL1800_HL_0049,test,HL:train_12036.png,HL Dataset,positive
PHL1800_HL_0050,test,HL:train_39.png,HL Dataset,positive
PHL1800_HL_0051,calibration,HL:train_7516.png,HL Dataset,positive
PHL1800_HL_0052,test,HL:train_10713.png,HL Dataset,positive
PHL1800_HL_0053,dev,HL:train_4335.png,HL Dataset,positive
PHL1800_HL_0054,test,HL:train_251.png,HL Dataset,positive
PHL1800_HL_0055,test,HL:train_3144.png,HL Dataset,positive
PHL1800_HL_0056,calibration,HL:train_6954.png,HL Dataset,positive
PHL1800_HL_0057,test,HL:train_12146.png,HL Dataset,positive
PHL1800_HL_0058,test,HL:train_266.png,HL Dataset,positive
PHL1800_HL_0059,test,HL:train_13045.png,HL Dataset,positive
PHL1800_HL_0060,test,HL:train_6313.png,HL Dataset,positive
PHL1800_HL_0061,dev,HL:train_6757.png,HL Dataset,positive
PHL1800_HL_0062,test,HL:train_5820.png,HL Dataset,positive
PHL1800_HL_0063,test,HL:train_978.png,HL Dataset,positive
PHL1800_HL_0064,test,HL:train_2582.png,HL Dataset,positive
PHL1800_HL_0065,test,HL:train_3115.png,HL Dataset,positive
PHL1800_HL_0066,calibration,HL:train_9971.png,HL Dataset,positive
PHL1800_HL_0067,test,HL:train_6043.png,HL Dataset,positive
PHL1800_HL_0068,test,HL:train_5140.png,HL Dataset,positive
PHL1800_HL_0069,test,HL:train_12285.png,HL Dataset,positive
PHL1800_HL_0070,test,HL:train_7989.png,HL Dataset,positive
PHL1800_HL_0071,test,HL:train_12750.png,HL Dataset,positive
PHL1800_HL_0072,test,HL:train_6740.png,HL Dataset,positive
PHL1800_HL_0073,test,HL:test_151.png,HL Dataset,positive
PHL1800_HL_0074,test,HL:train_7726.png,HL Dataset,positive
PHL1800_HL_0075,test,HL:train_10656.png,HL Dataset,positive
PHL1800_HL_0076,test,HL:train_13181.png,HL Dataset,positive
PHL1800_HL_0077,test,HL:train_5841.png,HL Dataset,positive
PHL1800_HL_0078,test,HL:train_3067.png,HL Dataset,positive
PHL1800_HL_0079,test,HL:train_8201.png,HL Dataset,positive
PHL1800_HL_0080,test,HL:test_1423.png,HL Dataset,positive
PHL1800_HL_0081,calibration,HL:test_1239.png,HL Dataset,positive
PHL1800_HL_0082,calibration,HL:train_936.png,HL Dataset,positive
PHL1800_HL_0083,test,HL:train_9330.png,HL Dataset,positive
PHL1800_HL_0084,test,HL:train_9725.png,HL Dataset,positive
PHL1800_HL_0085,test,HL:train_11659.png,HL Dataset,positive
PHL1800_HL_0086,dev,HL:train_6863.png,HL Dataset,positive
PHL1800_HL_0087,dev,HL:test_1164.png,HL Dataset,positive
PHL1800_HL_0088,test,HL:train_12667.png,HL Dataset,positive
PHL1800_HL_0089,dev,HL:train_8232.png,HL Dataset,positive
PHL1800_HL_0090,test,HL:train_9689.png,HL Dataset,positive
PHL1800_HL_0091,test,HL:train_9317.png,HL Dataset,positive
PHL1800_HL_0092,test,HL:train_7976.png,HL Dataset,positive
PHL1800_HL_0093,test,HL:train_4009.png,HL Dataset,positive
PHL1800_HL_0094,dev,HL:train_11900.png,HL Dataset,positive
PHL1800_HL_0095,test,HL:train_11836.png,HL Dataset,positive
PHL1800_HL_0096,test,HL:train_783.png,HL Dataset,positive
PHL1800_HL_0097,test,HL:train_11311.png,HL Dataset,positive
PHL1800_HL_0098,calibration,HL:test_725.png,HL Dataset,positive
PHL1800_HL_0099,test,HL:train_6656.png,HL Dataset,positive
PHL1800_HL_0100,test,HL:train_5687.png,HL Dataset,positive
PHL1800_HL_0101,test,HL:train_7993.png,HL Dataset,positive
PHL1800_HL_0102,calibration,HL:train_11147.png,HL Dataset,positive
PHL1800_HL_0103,calibration,HL:train_5440.png,HL Dataset,positive
PHL1800_HL_0104,test,HL:train_11580.png,HL Dataset,positive
PHL1800_HL_0105,dev,HL:train_7619.png,HL Dataset,positive
PHL1800_HL_0106,test,HL:train_3479.png,HL Dataset,positive
PHL1800_HL_0107,test,HL:train_2839.png,HL Dataset,positive
PHL1800_HL_0108,test,HL:train_892.png,HL Dataset,positive
PHL1800_HL_0109,dev,HL:train_10368.png,HL Dataset,positive
PHL1800_HL_0110,test,HL:train_13038.png,HL Dataset,positive
PHL1800_HL_0111,dev,HL:train_10803.png,HL Dataset,positive
PHL1800_HL_0112,test,HL:train_2675.png,HL Dataset,positive
PHL1800_HL_0113,test,HL:train_9845.png,HL Dataset,positive
PHL1800_HL_0114,test,HL:test_886.png,HL Dataset,positive
PHL1800_HL_0115,dev,HL:train_4017.png,HL Dataset,positive
PHL1800_HL_0116,test,HL:test_479.png,HL Dataset,positive
PHL1800_HL_0117,test,HL:train_10266.png,HL Dataset,positive
PHL1800_HL_0118,test,HL:test_77.png,HL Dataset,positive
PHL1800_HL_0119,test,HL:train_1269.png,HL Dataset,positive
PHL1800_HL_0120,test,HL:train_12907.png,HL Dataset,positive
PHL1800_HL_0121,test,HL:train_3178.png,HL Dataset,positive
PHL1800_HL_0122,test,HL:train_12209.png,HL Dataset,positive
PHL1800_HL_0123,test,HL:train_13173.png,HL Dataset,positive
PHL1800_HL_0124,test,HL:train_7918.png,HL Dataset,positive
PHL1800_HL_0125,test,HL:test_236.png,HL Dataset,positive
PHL1800_HL_0126,dev,HL:test_316.png,HL Dataset,positive
PHL1800_HL_0127,dev,HL:train_12793.png,HL Dataset,positive
PHL1800_HL_0128,test,HL:train_2695.png,HL Dataset,positive
PHL1800_HL_0129,dev,HL:test_1354.png,HL Dataset,positive
PHL1800_HL_0130,test,HL:train_8034.png,HL Dataset,positive
PHL1800_HL_0131,test,HL:train_6470.png,HL Dataset,positive
PHL1800_HL_0132,test,HL:test_873.png,HL Dataset,positive
PHL1800_HL_0133,test,HL:train_9673.png,HL Dataset,positive
PHL1800_HL_0134,test,HL:test_119.png,HL Dataset,positive
PHL1800_HL_0135,calibration,HL:train_9963.png,HL Dataset,positive
PHL1800_HL_0136,test,HL:train_5562.png,HL Dataset,positive
PHL1800_HL_0137,test,HL:train_4339.png,HL Dataset,positive
PHL1800_HL_0138,test,HL:train_3149.png,HL Dataset,positive
PHL1800_HL_0139,dev,HL:test_1400.png,HL Dataset,positive
PHL1800_HL_0140,test,HL:train_12542.png,HL Dataset,positive
PHL1800_HL_0141,test,HL:train_10649.png,HL Dataset,positive
PHL1800_HL_0142,dev,HL:test_847.png,HL Dataset,positive
PHL1800_HL_0143,test,HL:train_12244.png,HL Dataset,positive
PHL1800_HL_0144,test,HL:train_3146.png,HL Dataset,positive
PHL1800_HL_0145,dev,HL:train_8735.png,HL Dataset,positive
PHL1800_HL_0146,test,HL:train_13126.png,HL Dataset,positive
PHL1800_HL_0147,test,HL:train_3824.png,HL Dataset,positive
PHL1800_HL_0148,test,HL:train_9068.png,HL Dataset,positive
PHL1800_HL_0149,test,HL:train_10126.png,HL Dataset,positive
PHL1800_HL_0150,test,HL:train_13073.png,HL Dataset,positive
PHL1800_HL_0151,test,HL:train_5286.png,HL Dataset,positive
PHL1800_HL_0152,test,HL:train_6412.png,HL Dataset,positive
PHL1800_HL_0153,test,HL:train_9942.png,HL Dataset,positive
PHL1800_HL_0154,test,HL:train_933.png,HL Dataset,positive
PHL1800_HL_0155,test,HL:train_10661.png,HL Dataset,positive
PHL1800_HL_0156,test,HL:test_956.png,HL Dataset,positive
PHL1800_HL_0157,dev,HL:train_3997.png,HL Dataset,positive
PHL1800_HL_0158,test,HL:train_13158.png,HL Dataset,positive
PHL1800_HL_0159,test,HL:train_5078.png,HL Dataset,positive
PHL1800_HL_0160,test,HL:train_9793.png,HL Dataset,positive
PHL1800_HL_0161,test,HL:train_2121.png,HL Dataset,positive
PHL1800_HL_0162,dev,HL:train_11452.png,HL Dataset,positive
PHL1800_HL_0163,test,HL:train_591.png,HL Dataset,positive
PHL1800_HL_0164,test,HL:test_1150.png,HL Dataset,positive
PHL1800_HL_0165,calibration,HL:train_2396.png,HL Dataset,positive
PHL1800_HL_0166,test,HL:train_10700.png,HL Dataset,positive
PHL1800_HL_0167,test,HL:train_6119.png,HL Dataset,positive
PHL1800_HL_0168,test,HL:train_8991.png,HL Dataset,positive
PHL1800_HL_0169,test,HL:train_8464.png,HL Dataset,positive
PHL1800_HL_0170,test,HL:train_1074.png,HL Dataset,positive
PHL1800_HL_0171,test,HL:train_12215.png,HL Dataset,positive
PHL1800_HL_0172,test,HL:train_13051.png,HL Dataset,positive
PHL1800_HL_0173,test,HL:train_9386.png,HL Dataset,positive
PHL1800_HL_0174,test,HL:train_6701.png,HL Dataset,positive
PHL1800_HL_0175,test,HL:test_1467.png,HL Dataset,positive
PHL1800_HL_0176,test,HL:train_3315.png,HL Dataset,positive
PHL1800_HL_0177,dev,HL:train_5126.png,HL Dataset,positive
PHL1800_HL_0178,test,HL:test_648.png,HL Dataset,positive
PHL1800_HL_0179,calibration,HL:train_265.png,HL Dataset,positive
PHL1800_HL_0180,test,HL:train_7606.png,HL Dataset,positive
PHL1800_HL_0181,test,HL:train_6289.png,HL Dataset,positive
PHL1800_HL_0182,test,HL:train_12527.png,HL Dataset,positive
PHL1800_HL_0183,test,HL:test_912.png,HL Dataset,positive
PHL1800_HL_0184,test,HL:train_3402.png,HL Dataset,positive
PHL1800_HL_0185,test,HL:train_4201.png,HL Dataset,positive
PHL1800_HL_0186,calibration,HL:test_1303.png,HL Dataset,positive
PHL1800_HL_0187,calibration,HL:train_3387.png,HL Dataset,positive
PHL1800_HL_0188,test,HL:train_12837.png,HL Dataset,positive
PHL1800_HL_0189,test,HL:train_8321.png,HL Dataset,positive
PHL1800_HL_0190,test,HL:train_8120.png,HL Dataset,positive
PHL1800_HL_0191,dev,HL:test_692.png,HL Dataset,positive
PHL1800_HL_0192,test,HL:train_43.png,HL Dataset,positive
PHL1800_HL_0193,dev,HL:train_3214.png,HL Dataset,positive
PHL1800_HL_0194,test,HL:train_3222.png,HL Dataset,positive
PHL1800_HL_0195,test,HL:train_8043.png,HL Dataset,positive
PHL1800_HL_0196,test,HL:test_147.png,HL Dataset,positive
PHL1800_HL_0197,dev,HL:train_6660.png,HL Dataset,positive
PHL1800_HL_0198,test,HL:train_12291.png,HL Dataset,positive
PHL1800_HL_0199,test,HL:train_10574.png,HL Dataset,positive
PHL1800_HL_0200,test,HL:train_8662.png,HL Dataset,positive
PHL1800_HL_0201,dev,HL:train_12635.png,HL Dataset,positive
PHL1800_HL_0202,test,HL:train_4989.png,HL Dataset,positive
PHL1800_HL_0203,calibration,HL:train_4170.png,HL Dataset,positive
PHL1800_HL_0204,calibration,HL:train_11756.png,HL Dataset,positive
PHL1800_HL_0205,calibration,HL:train_9345.png,HL Dataset,positive
PHL1800_HL_0206,test,HL:train_5086.png,HL Dataset,positive
PHL1800_HL_0207,test,HL:train_102.png,HL Dataset,positive
PHL1800_HL_0208,test,HL:train_7144.png,HL Dataset,positive
PHL1800_HL_0209,test,HL:train_875.png,HL Dataset,positive
PHL1800_HL_0210,calibration,HL:test_1490.png,HL Dataset,positive
PHL1800_HL_0211,test,HL:train_5383.png,HL Dataset,positive
PHL1800_HL_0212,test,HL:train_7253.png,HL Dataset,positive
PHL1800_HL_0213,test,HL:train_9286.png,HL Dataset,positive
PHL1800_HL_0214,test,HL:train_7746.png,HL Dataset,positive
PHL1800_HL_0215,calibration,HL:train_7684.png,HL Dataset,positive
PHL1800_HL_0216,test,HL:train_11042.png,HL Dataset,positive
PHL1800_HL_0217,test,HL:train_930.png,HL Dataset,positive
PHL1800_HL_0218,dev,HL:train_11851.png,HL Dataset,positive
PHL1800_HL_0219,test,HL:train_2015.png,HL Dataset,positive
PHL1800_HL_0220,test,HL:train_6095.png,HL Dataset,positive
PHL1800_HL_0221,test,HL:train_6911.png,HL Dataset,positive
PHL1800_HL_0222,test,HL:train_10475.png,HL Dataset,positive
PHL1800_HL_0223,test,HL:train_9727.png,HL Dataset,positive
PHL1800_HL_0224,calibration,HL:train_299.png,HL Dataset,positive
PHL1800_HL_0225,test,HL:train_7949.png,HL Dataset,positive
PHL1800_HL_0226,test,HL:train_12196.png,HL Dataset,positive
PHL1800_HL_0227,test,HL:train_11657.png,HL Dataset,positive
PHL1800_HL_0228,test,HL:train_7601.png,HL Dataset,positive
PHL1800_HL_0229,dev,HL:train_3724.png,HL Dataset,positive
PHL1800_HL_0230,test,HL:train_2007.png,HL Dataset,positive
PHL1800_HL_0231,test,HL:train_199.png,HL Dataset,positive
PHL1800_HL_0232,test,HL:train_104.png,HL Dataset,positive
PHL1800_HL_0233,test,HL:test_492.png,HL Dataset,positive
PHL1800_HL_0234,dev,HL:train_4439.png,HL Dataset,positive
PHL1800_HL_0235,test,HL:train_7361.png,HL Dataset,positive
PHL1800_HL_0236,test,HL:train_5972.png,HL Dataset,positive
PHL1800_HL_0237,calibration,HL:train_2488.png,HL Dataset,positive
PHL1800_HL_0238,test,HL:train_284.png,HL Dataset,positive
PHL1800_HL_0239,test,HL:train_1535.png,HL Dataset,positive
PHL1800_HL_0240,dev,HL:train_6484.png,HL Dataset,positive
PHL1800_HL_0241,test,HL:train_10663.png,HL Dataset,positive
PHL1800_HL_0242,test,HL:train_3729.png,HL Dataset,positive
PHL1800_HL_0243,test,HL:test_1264.png,HL Dataset,positive
PHL1800_HL_0244,test,HL:train_6250.png,HL Dataset,positive
PHL1800_HL_0245,test,HL:train_759.png,HL Dataset,positive
PHL1800_HL_0246,test,HL:train_12221.png,HL Dataset,positive
PHL1800_HL_0247,test,HL:train_7110.png,HL Dataset,positive
PHL1800_HL_0248,test,HL:train_10631.png,HL Dataset,positive
PHL1800_HL_0249,test,HL:train_9107.png,HL Dataset,positive
PHL1800_HL_0250,dev,HL:train_4041.png,HL Dataset,positive
PHL1800_HL_0251,test,HL:train_13466.png,HL Dataset,positive
PHL1800_HL_0252,calibration,HL:train_4457.png,HL Dataset,positive
PHL1800_HL_0253,calibration,HL:train_4722.png,HL Dataset,positive
PHL1800_HL_0254,dev,HL:train_6018.png,HL Dataset,positive
PHL1800_HL_0255,test,HL:train_11358.png,HL Dataset,positive
PHL1800_HL_0256,test,HL:train_6997.png,HL Dataset,positive
PHL1800_HL_0257,test,HL:train_3107.png,HL Dataset,positive
PHL1800_HL_0258,test,HL:train_9220.png,HL Dataset,positive
PHL1800_HL_0259,calibration,HL:train_12050.png,HL Dataset,positive
PHL1800_HL_0260,test,HL:train_323.png,HL Dataset,positive
PHL1800_HL_0261,test,HL:test_281.png,HL Dataset,positive
PHL1800_HL_0262,dev,HL:train_11557.png,HL Dataset,positive
PHL1800_HL_0263,calibration,HL:train_4512.png,HL Dataset,positive
PHL1800_HL_0264,test,HL:test_59.png,HL Dataset,positive
PHL1800_HL_0265,test,HL:train_7054.png,HL Dataset,positive
PHL1800_HL_0266,test,HL:train_12436.png,HL Dataset,positive
PHL1800_HL_0267,test,HL:train_4819.png,HL Dataset,positive
PHL1800_HL_0268,test,HL:train_7010.png,HL Dataset,positive
PHL1800_HL_0269,test,HL:test_445.png,HL Dataset,positive
PHL1800_HL_0270,dev,HL:train_3415.png,HL Dataset,positive
PHL1800_HL_0271,test,HL:train_11712.png,HL Dataset,positive
PHL1800_HL_0272,test,HL:train_10890.png,HL Dataset,positive
PHL1800_HL_0273,test,HL:train_1488.png,HL Dataset,positive
PHL1800_HL_0274,test,HL:test_795.png,HL Dataset,positive
PHL1800_HL_0275,test,HL:train_5723.png,HL Dataset,positive
PHL1800_HL_0276,test,HL:train_9450.png,HL Dataset,positive
PHL1800_HL_0277,test,HL:train_237.png,HL Dataset,positive
PHL1800_HL_0278,calibration,HL:train_13030.png,HL Dataset,positive
PHL1800_HL_0279,test,HL:train_298.png,HL Dataset,positive
PHL1800_HL_0280,test,HL:train_1758.png,HL Dataset,positive
PHL1800_HL_0281,test,HL:train_5873.png,HL Dataset,positive
PHL1800_HL_0282,dev,HL:train_7954.png,HL Dataset,positive
PHL1800_HL_0283,calibration,HL:test_1260.png,HL Dataset,positive
PHL1800_HL_0284,test,HL:train_2462.png,HL Dataset,positive
PHL1800_HL_0285,test,HL:train_355.png,HL Dataset,positive
PHL1800_HL_0286,test,HL:train_319.png,HL Dataset,positive
PHL1800_HL_0287,test,HL:train_5423.png,HL Dataset,positive
PHL1800_HL_0288,test,HL:train_11245.png,HL Dataset,positive
PHL1800_HL_0289,test,HL:train_106.png,HL Dataset,positive
PHL1800_HL_0290,test,HL:train_12623.png,HL Dataset,positive
PHL1800_HL_0291,test,HL:train_11753.png,HL Dataset,positive
PHL1800_HL_0292,dev,HL:train_11026.png,HL Dataset,positive
PHL1800_HL_0293,test,HL:train_4558.png,HL Dataset,positive
PHL1800_HL_0294,test,HL:train_2468.png,HL Dataset,positive
PHL1800_HL_0295,test,HL:train_4360.png,HL Dataset,positive
PHL1800_HL_0296,calibration,HL:test_1110.png,HL Dataset,positive
PHL1800_HL_0297,dev,HL:train_3783.png,HL Dataset,positive
PHL1800_HL_0298,test,HL:train_6202.png,HL Dataset,positive
PHL1800_HL_0299,test,HL:train_13116.png,HL Dataset,positive
PHL1800_HL_0300,test,HL:train_751.png,HL Dataset,positive
PHL1800_HL_0301,test,HL:train_3949.png,HL Dataset,positive
PHL1800_HL_0302,test,HL:train_10089.png,HL Dataset,positive
PHL1800_HL_0303,test,HL:test_1187.png,HL Dataset,positive
PHL1800_HL_0304,test,HL:train_10282.png,HL Dataset,positive
PHL1800_HL_0305,dev,HL:train_7631.png,HL Dataset,positive
PHL1800_HL_0306,test,HL:train_244.png,HL Dataset,positive
PHL1800_HL_0307,test,HL:train_7105.png,HL Dataset,positive
PHL1800_HL_0308,test,HL:train_12621.png,HL Dataset,positive
PHL1800_HL_0309,test,HL:train_9925.png,HL Dataset,positive
PHL1800_HL_0310,test,HL:train_1694.png,HL Dataset,positive
PHL1800_HL_0311,test,HL:train_10439.png,HL Dataset,positive
PHL1800_HL_0312,test,HL:train_946.png,HL Dataset,positive
PHL1800_HL_0313,test,HL:train_2028.png,HL Dataset,positive
PHL1800_HL_0314,calibration,HL:train_12323.png,HL Dataset,positive
PHL1800_HL_0315,test,HL:train_1399.png,HL Dataset,positive
PHL1800_HL_0316,dev,HL:train_2204.png,HL Dataset,positive
PHL1800_HL_0317,test,HL:train_10504.png,HL Dataset,positive
PHL1800_HL_0318,test,HL:train_2967.png,HL Dataset,positive
PHL1800_HL_0319,test,HL:train_5716.png,HL Dataset,positive
PHL1800_HL_0320,calibration,HL:train_13232.png,HL Dataset,positive
PHL1800_HL_0321,test,HL:train_13217.png,HL Dataset,positive
PHL1800_HL_0322,test,HL:train_1837.png,HL Dataset,positive
PHL1800_HL_0323,test,HL:train_5756.png,HL Dataset,positive
PHL1800_HL_0324,test,HL:train_12497.png,HL Dataset,positive
PHL1800_HL_0325,test,HL:train_6353.png,HL Dataset,positive
PHL1800_HL_0326,test,HL:train_11731.png,HL Dataset,positive
PHL1800_HL_0327,test,HL:train_753.png,HL Dataset,positive
PHL1800_HL_0328,test,HL:train_7648.png,HL Dataset,positive
PHL1800_HL_0329,test,HL:train_1823.png,HL Dataset,positive
PHL1800_HL_0330,test,HL:train_7435.png,HL Dataset,positive
PHL1800_HL_0331,test,HL:train_1082.png,HL Dataset,positive
PHL1800_HL_0332,test,HL:test_193.png,HL Dataset,positive
PHL1800_HL_0333,test,HL:train_11328.png,HL Dataset,positive
PHL1800_HL_0334,test,HL:train_10703.png,HL Dataset,positive
PHL1800_HL_0335,test,HL:train_1760.png,HL Dataset,positive
PHL1800_HL_0336,test,HL:train_7189.png,HL Dataset,positive
PHL1800_HL_0337,test,HL:train_10409.png,HL Dataset,positive
PHL1800_HL_0338,dev,HL:train_9075.png,HL Dataset,positive
PHL1800_HL_0339,dev,HL:test_1347.png,HL Dataset,positive
PHL1800_HL_0340,test,HL:train_12473.png,HL Dataset,positive
PHL1800_HL_0341,test,HL:test_170.png,HL Dataset,positive
PHL1800_HL_0342,calibration,HL:train_6438.png,HL Dataset,positive
PHL1800_HL_0343,test,HL:train_5105.png,HL Dataset,positive
PHL1800_HL_0344,dev,HL:train_11337.png,HL Dataset,positive
PHL1800_HL_0345,calibration,HL:train_12471.png,HL Dataset,positive
PHL1800_HL_0346,test,HL:train_2672.png,HL Dataset,positive
PHL1800_HL_0347,test,HL:test_925.png,HL Dataset,positive
PHL1800_HL_0348,test,HL:train_1789.png,HL Dataset,positive
PHL1800_HL_0349,test,HL:train_5454.png,HL Dataset,positive
PHL1800_HL_0350,test,HL:train_7686.png,HL Dataset,positive
PHL1800_HL_0351,test,HL:train_663.png,HL Dataset,positive
PHL1800_HL_0352,test,HL:train_6205.png,HL Dataset,positive
PHL1800_HL_0353,calibration,HL:train_8705.png,HL Dataset,positive
PHL1800_HL_0354,test,HL:train_332.png,HL Dataset,positive
PHL1800_HL_0355,calibration,HL:train_10233.png,HL Dataset,positive
PHL1800_HL_0356,test,HL:train_4794.png,HL Dataset,positive
PHL1800_HL_0357,test,HL:train_701.png,HL Dataset,positive
PHL1800_HL_0358,test,HL:test_1032.png,HL Dataset,positive
PHL1800_HL_0359,test,HL:train_4158.png,HL Dataset,positive
PHL1800_HL_0360,test,HL:train_9693.png,HL Dataset,positive
PHL1800_HL_0361,test,HL:train_9484.png,HL Dataset,positive
PHL1800_HL_0362,test,HL:train_7849.png,HL Dataset,positive
PHL1800_HL_0363,test,HL:train_3566.png,HL Dataset,positive
PHL1800_HL_0364,test,HL:train_10987.png,HL Dataset,positive
PHL1800_HL_0365,test,HL:train_11939.png,HL Dataset,positive
PHL1800_HL_0366,test,HL:train_5534.png,HL Dataset,positive
PHL1800_HL_0367,test,HL:train_10288.png,HL Dataset,positive
PHL1800_HL_0368,test,HL:train_8868.png,HL Dataset,positive
PHL1800_HL_0369,test,HL:train_9040.png,HL Dataset,positive
PHL1800_HL_0370,test,HL:train_10828.png,HL Dataset,positive
PHL1800_HL_0371,test,HL:train_12850.png,HL Dataset,positive
PHL1800_HL_0372,test,HL:train_7511.png,HL Dataset,positive
PHL1800_HL_0373,calibration,HL:train_4839.png,HL Dataset,positive
PHL1800_HL_0374,test,HL:train_12674.png,HL Dataset,positive
PHL1800_HL_0375,dev,HL:train_2606.png,HL Dataset,positive
PHL1800_HL_0376,calibration,HL:train_11571.png,HL Dataset,positive
PHL1800_HL_0377,test,HL:train_12795.png,HL Dataset,positive
PHL1800_HL_0378,dev,HL:train_3706.png,HL Dataset,positive
PHL1800_HL_0379,calibration,HL:train_12115.png,HL Dataset,positive
PHL1800_HL_0380,test,HL:train_13269.png,HL Dataset,positive
PHL1800_HL_0381,test,HL:train_6063.png,HL Dataset,positive
PHL1800_HL_0382,calibration,HL:train_12216.png,HL Dataset,positive
PHL1800_HL_0383,test,HL:train_115.png,HL Dataset,positive
PHL1800_HL_0384,test,HL:train_4973.png,HL Dataset,positive
PHL1800_HL_0385,test,HL:train_5055.png,HL Dataset,positive
PHL1800_HL_0386,test,HL:train_1272.png,HL Dataset,positive
PHL1800_HL_0387,test,HL:train_11771.png,HL Dataset,positive
PHL1800_HL_0388,test,HL:train_4693.png,HL Dataset,positive
PHL1800_HL_0389,test,HL:train_12444.png,HL Dataset,positive
PHL1800_HL_0390,dev,HL:train_259.png,HL Dataset,positive
PHL1800_HL_0391,test,HL:train_8226.png,HL Dataset,positive
PHL1800_HL_0392,test,HL:train_3822.png,HL Dataset,positive
PHL1800_HL_0393,test,HL:train_5160.png,HL Dataset,positive
PHL1800_HL_0394,test,HL:train_6418.png,HL Dataset,positive
PHL1800_HL_0395,test,HL:train_3365.png,HL Dataset,positive
PHL1800_HL_0396,test,HL:train_8243.png,HL Dataset,positive
PHL1800_HL_0397,test,HL:train_1649.png,HL Dataset,positive
PHL1800_HL_0398,test,HL:train_1613.png,HL Dataset,positive
PHL1800_HL_0399,test,HL:train_8797.png,HL Dataset,positive
PHL1800_HL_0400,test,HL:train_10796.png,HL Dataset,positive
PHL1800_HL_0401,test,HL:train_6274.png,HL Dataset,positive
PHL1800_HL_0402,test,HL:train_9528.png,HL Dataset,positive
PHL1800_HL_0403,test,HL:train_3959.png,HL Dataset,positive
PHL1800_HL_0404,test,HL:train_13082.png,HL Dataset,positive
PHL1800_HL_0405,test,HL:train_1065.png,HL Dataset,positive
PHL1800_HL_0406,dev,HL:train_12092.png,HL Dataset,positive
PHL1800_HL_0407,test,HL:train_3072.png,HL Dataset,positive
PHL1800_HL_0408,dev,HL:test_667.png,HL Dataset,positive
PHL1800_HL_0409,test,HL:train_2961.png,HL Dataset,positive
PHL1800_HL_0410,test,HL:train_5911.png,HL Dataset,positive
PHL1800_HL_0411,test,HL:train_5050.png,HL Dataset,positive
PHL1800_HL_0412,test,HL:train_12083.png,HL Dataset,positive
PHL1800_HL_0413,test,HL:train_5131.png,HL Dataset,positive
PHL1800_HL_0414,calibration,HL:test_261.png,HL Dataset,positive
PHL1800_HL_0415,test,HL:train_7182.png,HL Dataset,positive
PHL1800_HL_0416,test,HL:train_8578.png,HL Dataset,positive
PHL1800_HL_0417,test,HL:train_13120.png,HL Dataset,positive
PHL1800_HL_0418,test,HL:train_6166.png,HL Dataset,positive
PHL1800_HL_0419,test,HL:train_1724.png,HL Dataset,positive
PHL1800_HL_0420,calibration,HL:train_7577.png,HL Dataset,positive
PHL1800_HL_0421,calibration,HL:train_6053.png,HL Dataset,positive
PHL1800_HL_0422,test,HL:test_62.png,HL Dataset,positive
PHL1800_HL_0423,test,HL:train_6603.png,HL Dataset,positive
PHL1800_HL_0424,test,HL:train_12434.png,HL Dataset,positive
PHL1800_HL_0425,test,HL:train_5210.png,HL Dataset,positive
PHL1800_HL_0426,test,HL:test_1037.png,HL Dataset,positive
PHL1800_HL_0427,test,HL:train_5299.png,HL Dataset,positive
PHL1800_HL_0428,test,HL:train_5333.png,HL Dataset,positive
PHL1800_HL_0429,test,HL:train_4752.png,HL Dataset,positive
PHL1800_HL_0430,test,HL:train_3283.png,HL Dataset,positive
PHL1800_HL_0431,test,HL:train_8349.png,HL Dataset,positive
PHL1800_HL_0432,test,HL:train_5897.png,HL Dataset,positive
PHL1800_HL_0433,test,HL:train_7306.png,HL Dataset,positive
PHL1800_HL_0434,test,HL:test_448.png,HL Dataset,positive
PHL1800_HL_0435,test,HL:train_10706.png,HL Dataset,positive
PHL1800_HL_0436,test,HL:train_1385.png,HL Dataset,positive
PHL1800_HL_0437,test,HL:train_1046.png,HL Dataset,positive
PHL1800_HL_0438,test,HL:train_7498.png,HL Dataset,positive
PHL1800_HL_0439,calibration,HL:train_13127.png,HL Dataset,positive
PHL1800_HL_0440,test,HL:train_7468.png,HL Dataset,positive
PHL1800_HL_0441,test,HL:train_630.png,HL Dataset,positive
PHL1800_HL_0442,test,HL:train_12117.png,HL Dataset,positive
PHL1800_HL_0443,test,HL:train_6177.png,HL Dataset,positive
PHL1800_HL_0444,test,HL:train_2650.png,HL Dataset,positive
PHL1800_HL_0445,test,HL:train_5697.png,HL Dataset,positive
PHL1800_HL_0446,test,HL:train_2664.png,HL Dataset,positive
PHL1800_HL_0447,dev,HL:train_811.png,HL Dataset,positive
PHL1800_HL_0448,test,HL:train_1166.png,HL Dataset,positive
PHL1800_HL_0449,test,HL:train_11522.png,HL Dataset,positive
PHL1800_HL_0450,test,HL:test_323.png,HL Dataset,positive
PHL1800_HL_0451,dev,HL:train_1355.png,HL Dataset,positive
PHL1800_HL_0452,test,HL:train_4657.png,HL Dataset,positive
PHL1800_HL_0453,test,HL:test_305.png,HL Dataset,positive
PHL1800_HL_0454,test,HL:test_1374.png,HL Dataset,positive
PHL1800_HL_0455,test,HL:train_4150.png,HL Dataset,positive
PHL1800_HL_0456,test,HL:train_8728.png,HL Dataset,positive
PHL1800_HL_0457,test,HL:train_420.png,HL Dataset,positive
PHL1800_HL_0458,calibration,HL:train_2641.png,HL Dataset,positive
PHL1800_HL_0459,test,HL:test_559.png,HL Dataset,positive
PHL1800_HL_0460,test,HL:train_5382.png,HL Dataset,positive
PHL1800_HL_0461,test,HL:train_3008.png,HL Dataset,positive
PHL1800_HL_0462,test,HL:train_9503.png,HL Dataset,positive
PHL1800_HL_0463,test,HL:train_12516.png,HL Dataset,positive
PHL1800_HL_0464,dev,HL:train_8993.png,HL Dataset,positive
PHL1800_HL_0465,test,HL:train_4508.png,HL Dataset,positive
PHL1800_HL_0466,test,HL:train_6525.png,HL Dataset,positive
PHL1800_HL_0467,test,HL:train_5098.png,HL Dataset,positive
PHL1800_HL_0468,test,HL:train_1576.png,HL Dataset,positive
PHL1800_HL_0469,test,HL:train_6439.png,HL Dataset,positive
PHL1800_HL_0470,dev,HL:train_9631.png,HL Dataset,positive
PHL1800_HL_0471,test,HL:train_5274.png,HL Dataset,positive
PHL1800_HL_0472,test,HL:train_2833.png,HL Dataset,positive
PHL1800_HL_0473,test,HL:train_6752.png,HL Dataset,positive
PHL1800_HL_0474,test,HL:train_7049.png,HL Dataset,positive
PHL1800_HL_0475,test,HL:train_6922.png,HL Dataset,positive
PHL1800_HL_0476,test,HL:train_6231.png,HL Dataset,positive
PHL1800_HL_0477,calibration,HL:train_12978.png,HL Dataset,positive
PHL1800_HL_0478,test,HL:train_3335.png,HL Dataset,positive
PHL1800_HL_0479,test,HL:train_1326.png,HL Dataset,positive
PHL1800_HL_0480,dev,HL:train_16.png,HL Dataset,positive
PHL1800_HL_0481,test,HL:test_540.png,HL Dataset,positive
PHL1800_HL_0482,test,HL:train_9860.png,HL Dataset,positive
PHL1800_HL_0483,test,HL:train_5374.png,HL Dataset,positive
PHL1800_HL_0484,test,HL:train_1815.png,HL Dataset,positive
PHL1800_HL_0485,dev,HL:train_6936.png,HL Dataset,positive
PHL1800_HL_0486,test,HL:train_10207.png,HL Dataset,positive
PHL1800_HL_0487,test,HL:train_13387.png,HL Dataset,positive
PHL1800_HL_0488,test,HL:train_1450.png,HL Dataset,positive
PHL1800_HL_0489,test,HL:train_3803.png,HL Dataset,positive
PHL1800_HL_0490,test,HL:train_3211.png,HL Dataset,positive
PHL1800_HL_0491,test,HL:train_12400.png,HL Dataset,positive
PHL1800_HL_0492,calibration,HL:train_1090.png,HL Dataset,positive
PHL1800_HL_0493,calibration,HL:test_625.png,HL Dataset,positive
PHL1800_HL_0494,test,HL:test_600.png,HL Dataset,positive
PHL1800_HL_0495,calibration,HL:train_10530.png,HL Dataset,positive
PHL1800_HL_0496,test,HL:train_6578.png,HL Dataset,positive
PHL1800_HL_0497,test,HL:train_2483.png,HL Dataset,positive
PHL1800_HL_0498,calibration,HL:train_4904.png,HL Dataset,positive
PHL1800_HL_0499,calibration,HL:train_10383.png,HL Dataset,positive
PHL1800_HL_0500,test,HL:train_1202.png,HL Dataset,positive
PHL1800_HL_0501,test,HL:train_12085.png,HL Dataset,boundary
PHL1800_HL_0502,test,HL:train_11737.png,HL Dataset,boundary
PHL1800_HL_0503,calibration,HL:train_11859.png,HL Dataset,boundary
PHL1800_HL_0504,test,HL:train_4679.png,HL Dataset,boundary
PHL1800_HL_0505,test,HL:train_11436.png,HL Dataset,boundary
PHL1800_HL_0506,test,HL:train_8082.png,HL Dataset,boundary
PHL1800_HL_0507,test,HL:train_10090.png,HL Dataset,boundary
PHL1800_HL_0508,test,HL:train_9739.png,HL Dataset,boundary
PHL1800_HL_0509,test,HL:test_850.png,HL Dataset,boundary
PHL1800_HL_0510,test,HL:test_1280.png,HL Dataset,boundary
PHL1800_HL_0511,test,HL:train_3375.png,HL Dataset,boundary
PHL1800_HL_0512,test,HL:test_1050.png,HL Dataset,boundary
PHL1800_HL_0513,dev,HL:test_465.png,HL Dataset,boundary
PHL1800_HL_0514,test,HL:train_9571.png,HL Dataset,boundary
PHL1800_HL_0515,test,HL:train_7851.png,HL Dataset,boundary
PHL1800_HL_0516,test,HL:train_6990.png,HL Dataset,boundary
PHL1800_HL_0517,test,HL:train_1299.png,HL Dataset,boundary
PHL1800_HL_0518,calibration,HL:train_824.png,HL Dataset,boundary
PHL1800_HL_0519,test,HL:train_10482.png,HL Dataset,boundary
PHL1800_HL_0520,test,HL:train_2233.png,HL Dataset,boundary
PHL1800_HL_0521,test,HL:train_10650.png,HL Dataset,boundary
PHL1800_HL_0522,test,HL:train_10104.png,HL Dataset,boundary
PHL1800_HL_0523,test,HL:train_3632.png,HL Dataset,boundary
PHL1800_HL_0524,calibration,HL:test_1418.png,HL Dataset,boundary
PHL1800_HL_0525,test,HL:train_2500.png,HL Dataset,boundary
PHL1800_HL_0526,dev,HL:train_10443.png,HL Dataset,boundary
PHL1800_HL_0527,test,HL:train_6162.png,HL Dataset,boundary
PHL1800_HL_0528,test,HL:train_7920.png,HL Dataset,boundary
PHL1800_HL_0529,test,HL:train_2865.png,HL Dataset,boundary
PHL1800_HL_0530,test,HL:train_7449.png,HL Dataset,boundary
PHL1800_HL_0531,test,HL:train_9278.png,HL Dataset,boundary
PHL1800_HL_0532,calibration,HL:test_799.png,HL Dataset,boundary
PHL1800_HL_0533,test,HL:train_1602.png,HL Dataset,boundary
PHL1800_HL_0534,test,HL:test_340.png,HL Dataset,boundary
PHL1800_HL_0535,test,HL:train_10444.png,HL Dataset,boundary
PHL1800_HL_0536,test,HL:train_1477.png,HL Dataset,boundary
PHL1800_HL_0537,test,HL:train_5892.png,HL Dataset,boundary
PHL1800_HL_0538,test,HL:train_7108.png,HL Dataset,boundary
PHL1800_HL_0539,dev,HL:train_3852.png,HL Dataset,boundary
PHL1800_HL_0540,calibration,HL:train_4756.png,HL Dataset,boundary
PHL1800_HL_0541,test,HL:train_5272.png,HL Dataset,boundary
PHL1800_HL_0542,calibration,HL:train_5705.png,HL Dataset,boundary
PHL1800_HL_0543,test,HL:train_6639.png,HL Dataset,boundary
PHL1800_HL_0544,test,HL:train_12420.png,HL Dataset,boundary
PHL1800_HL_0545,test,HL:train_9248.png,HL Dataset,boundary
PHL1800_HL_0546,test,HL:train_2126.png,HL Dataset,boundary
PHL1800_HL_0547,test,HL:train_10742.png,HL Dataset,boundary
PHL1800_HL_0548,test,HL:train_3117.png,HL Dataset,boundary
PHL1800_HL_0549,test,HL:test_1243.png,HL Dataset,boundary
PHL1800_HL_0550,test,HL:train_431.png,HL Dataset,boundary
PHL1800_HL_0551,calibration,HL:train_10281.png,HL Dataset,boundary
PHL1800_HL_0552,dev,HL:train_5721.png,HL Dataset,boundary
PHL1800_HL_0553,test,HL:train_4231.png,HL Dataset,boundary
PHL1800_HL_0554,test,HL:train_9120.png,HL Dataset,boundary
PHL1800_HL_0555,test,HL:train_3616.png,HL Dataset,boundary
PHL1800_HL_0556,dev,HL:train_10850.png,HL Dataset,boundary
PHL1800_HL_0557,test,HL:train_9616.png,HL Dataset,boundary
PHL1800_HL_0558,dev,HL:train_7647.png,HL Dataset,boundary
PHL1800_HL_0559,test,HL:train_991.png,HL Dataset,boundary
PHL1800_HL_0560,test,HL:train_7409.png,HL Dataset,boundary
PHL1800_HL_0561,test,HL:train_945.png,HL Dataset,boundary
PHL1800_HL_0562,test,HL:test_844.png,HL Dataset,boundary
PHL1800_HL_0563,test,HL:train_6620.png,HL Dataset,boundary
PHL1800_HL_0564,test,HL:train_3775.png,HL Dataset,boundary
PHL1800_HL_0565,test,HL:train_8669.png,HL Dataset,boundary
PHL1800_HL_0566,dev,HL:train_8210.png,HL Dataset,boundary
PHL1800_HL_0567,dev,HL:train_7540.png,HL Dataset,boundary
PHL1800_HL_0568,test,HL:train_8188.png,HL Dataset,boundary
PHL1800_HL_0569,test,HL:test_968.png,HL Dataset,boundary
PHL1800_HL_0570,test,HL:test_1208.png,HL Dataset,boundary
PHL1800_HL_0571,test,HL:test_564.png,HL Dataset,boundary
PHL1800_HL_0572,dev,HL:train_4400.png,HL Dataset,boundary
PHL1800_HL_0573,test,HL:test_719.png,HL Dataset,boundary
PHL1800_HL_0574,test,HL:train_6585.png,HL Dataset,boundary
PHL1800_HL_0575,dev,HL:train_5496.png,HL Dataset,boundary
PHL1800_HL_0576,test,HL:train_2343.png,HL Dataset,boundary
PHL1800_HL_0577,test,HL:train_12640.png,HL Dataset,boundary
PHL1800_HL_0578,test,HL:train_9402.png,HL Dataset,boundary
PHL1800_HL_0579,test,HL:train_7390.png,HL Dataset,boundary
PHL1800_HL_0580,dev,HL:train_1291.png,HL Dataset,boundary
PHL1800_HL_0581,test,HL:train_10105.png,HL Dataset,boundary
PHL1800_HL_0582,test,HL:train_7441.png,HL Dataset,boundary
PHL1800_HL_0583,test,HL:train_10922.png,HL Dataset,boundary
PHL1800_HL_0584,test,HL:train_1523.png,HL Dataset,boundary
PHL1800_HL_0585,test,HL:train_4155.png,HL Dataset,boundary
PHL1800_HL_0586,dev,HL:train_608.png,HL Dataset,boundary
PHL1800_HL_0587,test,HL:train_2173.png,HL Dataset,boundary
PHL1800_HL_0588,test,HL:train_6163.png,HL Dataset,boundary
PHL1800_HL_0589,test,HL:train_13321.png,HL Dataset,boundary
PHL1800_HL_0590,test,HL:train_11671.png,HL Dataset,boundary
PHL1800_HL_0591,test,HL:train_3633.png,HL Dataset,boundary
PHL1800_HL_0592,dev,HL:train_7496.png,HL Dataset,boundary
PHL1800_HL_0593,calibration,HL:train_2998.png,HL Dataset,boundary
PHL1800_HL_0594,test,HL:train_1011.png,HL Dataset,boundary
PHL1800_HL_0595,test,HL:train_2273.png,HL Dataset,boundary
PHL1800_HL_0596,test,HL:test_906.png,HL Dataset,boundary
PHL1800_HL_0597,test,HL:train_12168.png,HL Dataset,boundary
PHL1800_HL_0598,test,HL:train_5926.png,HL Dataset,boundary
PHL1800_HL_0599,test,HL:train_6382.png,HL Dataset,boundary
PHL1800_HL_0600,test,HL:train_6147.png,HL Dataset,boundary
PHL1800_IRFL_0001,test,IRFL:free rein,IRFL,positive
PHL1800_IRFL_0002,calibration,IRFL:work to rule,IRFL,positive
PHL1800_IRFL_0003,test,IRFL:keep the wolf from the door,IRFL,positive
PHL1800_IRFL_0004,test,IRFL:pass the buck,IRFL,positive
PHL1800_IRFL_0005,test,IRFL:sleep rough,IRFL,positive
PHL1800_IRFL_0006,test,IRFL:tell tales,IRFL,positive
PHL1800_IRFL_0007,test,IRFL:behind bars,IRFL,positive
PHL1800_IRFL_0008,test,IRFL:put down roots,IRFL,positive
PHL1800_IRFL_0009,test,IRFL:throw the book at,IRFL,positive
PHL1800_IRFL_0010,dev,IRFL:high and mighty,IRFL,positive
PHL1800_IRFL_0011,calibration,IRFL:stand the test of time,IRFL,positive
PHL1800_IRFL_0012,dev,IRFL:behind someone's back,IRFL,positive
PHL1800_IRFL_0013,test,IRFL:heart of a lion,IRFL,positive
PHL1800_IRFL_0014,test,IRFL:heart of gold,IRFL,positive
PHL1800_IRFL_0015,test,IRFL:a mighty lion,IRFL,positive
PHL1800_IRFL_0016,test,IRFL:home was prison,IRFL,positive
PHL1800_IRFL_0017,test,IRFL:walking encyclopedia,IRFL,positive
PHL1800_IRFL_0018,test,IRFL:an angel,IRFL,positive
PHL1800_IRFL_0019,test,IRFL:heart of stone,IRFL,positive
PHL1800_IRFL_0020,test,IRFL:sea of knowledge,IRFL,positive
PHL1800_IRFL_0021,test,IRFL:wheels of justice,IRFL,positive
PHL1800_IRFL_0022,test,IRFL:as brave as a lion,IRFL,positive
PHL1800_IRFL_0023,test,IRFL:as brave as a lion,IRFL,positive
PHL1800_IRFL_0024,test,IRFL:as helpless as a baby,IRFL,positive
PHL1800_IRFL_0025,test,IRFL:as helpless as a baby,IRFL,positive
PHL1800_IRFL_0026,test,IRFL:as pale as a ghost,IRFL,positive
PHL1800_IRFL_0027,calibration,IRFL:as proud as a peacock,IRFL,positive
PHL1800_IRFL_0028,test,IRFL:as busy as a bee,IRFL,positive
PHL1800_IRFL_0029,test,IRFL:as busy as a bee,IRFL,positive
PHL1800_IRFL_0030,calibration,IRFL:as proud as a peacock,IRFL,positive
PHL1800_IRFL_0031,test,IRFL:free rein,IRFL,positive
PHL1800_IRFL_0032,test,IRFL:free rein,IRFL,positive
PHL1800_IRFL_0033,calibration,IRFL:eternal triangle,IRFL,positive
PHL1800_IRFL_0034,test,IRFL:hum and haw,IRFL,positive
PHL1800_IRFL_0035,test,IRFL:off the hook,IRFL,positive
PHL1800_IRFL_0036,test,IRFL:get to the bottom of,IRFL,positive
PHL1800_IRFL_0037,test,IRFL:off the hook,IRFL,positive
PHL1800_IRFL_0038,test,IRFL:moment of truth,IRFL,positive
PHL1800_IRFL_0039,test,IRFL:hold the purse strings,IRFL,positive
PHL1800_IRFL_0040,test,IRFL:hold the purse strings,IRFL,positive
PHL1800_IRFL_0041,test,IRFL:the ball is in someone's court,IRFL,positive
PHL1800_IRFL_0042,test,IRFL:the ball is in someone's court,IRFL,positive
PHL1800_IRFL_0043,test,IRFL:the ball is in someone's court,IRFL,positive
PHL1800_IRFL_0044,test,IRFL:keep the wolf from the door,IRFL,positive
PHL1800_IRFL_0045,test,IRFL:keep the wolf from the door,IRFL,positive
PHL1800_IRFL_0046,dev,IRFL:from the cradle to the grave,IRFL,positive
PHL1800_IRFL_0047,dev,IRFL:from the cradle to the grave,IRFL,positive
PHL1800_IRFL_0048,dev,IRFL:from the cradle to the grave,IRFL,positive
PHL1800_IRFL_0049,calibration,IRFL:rub someone the wrong way,IRFL,positive
PHL1800_IRFL_0050,calibration,IRFL:rub someone the wrong way,IRFL,positive
PHL1800_IRFL_0051,dev,IRFL:go down the wrong way,IRFL,positive
PHL1800_IRFL_0052,calibration,IRFL:rub someone the wrong way,IRFL,positive
PHL1800_IRFL_0053,dev,IRFL:within living memory,IRFL,positive
PHL1800_IRFL_0054,dev,IRFL:within living memory,IRFL,positive
PHL1800_IRFL_0055,dev,IRFL:within living memory,IRFL,positive
PHL1800_IRFL_0056,test,IRFL:hold the purse strings,IRFL,positive
PHL1800_IRFL_0057,test,IRFL:fight tooth and nail,IRFL,positive
PHL1800_IRFL_0058,test,IRFL:fight tooth and nail,IRFL,positive
PHL1800_IRFL_0059,calibration,IRFL:hold the ring,IRFL,positive
PHL1800_IRFL_0060,test,IRFL:add fuel to the fire,IRFL,positive
PHL1800_IRFL_0061,calibration,IRFL:under lock and key,IRFL,positive
PHL1800_IRFL_0062,test,IRFL:ride herd on,IRFL,positive
PHL1800_IRFL_0063,test,IRFL:add fuel to the fire,IRFL,positive
PHL1800_IRFL_0064,calibration,IRFL:hold the ring,IRFL,positive
PHL1800_IRFL_0065,test,IRFL:ride herd on,IRFL,positive
PHL1800_IRFL_0066,test,IRFL:ride herd on,IRFL,positive
PHL1800_IRFL_0067,calibration,IRFL:hold the ring,IRFL,positive
PHL1800_IRFL_0068,test,IRFL:haul someone over the coals,IRFL,positive
PHL1800_IRFL_0069,test,IRFL:in someone's pocket,IRFL,positive
PHL1800_IRFL_0070,test,IRFL:behind bars,IRFL,positive
PHL1800_IRFL_0071,dev,IRFL:blood is thicker than water,IRFL,positive
PHL1800_IRFL_0072,test,IRFL:get wind of,IRFL,positive
PHL1800_IRFL_0073,test,IRFL:mend fences,IRFL,positive
PHL1800_IRFL_0074,test,IRFL:behind bars,IRFL,positive
PHL1800_IRFL_0075,test,IRFL:close to home,IRFL,positive
PHL1800_IRFL_0076,test,IRFL:get wind of,IRFL,positive
PHL1800_IRFL_0077,calibration,IRFL:top dollar,IRFL,positive
PHL1800_IRFL_0078,test,IRFL:foam at the mouth,IRFL,positive
PHL1800_IRFL_0079,dev,IRFL:blood is thicker than water,IRFL,positive
PHL1800_IRFL_0080,test,IRFL:foam at the mouth,IRFL,positive
PHL1800_IRFL_0081,test,IRFL:get wind of,IRFL,positive
PHL1800_IRFL_0082,test,IRFL:foam at the mouth,IRFL,positive
PHL1800_IRFL_0083,test,IRFL:mend fences,IRFL,positive
PHL1800_IRFL_0084,test,IRFL:mend fences,IRFL,positive
PHL1800_IRFL_0085,dev,IRFL:blood is thicker than water,IRFL,positive
PHL1800_IRFL_0086,test,IRFL:moment of truth,IRFL,positive
PHL1800_IRFL_0087,test,IRFL:moment of truth,IRFL,positive
PHL1800_IRFL_0088,test,IRFL:beard the lion in his den,IRFL,positive
PHL1800_IRFL_0089,test,IRFL:look the other way,IRFL,positive
PHL1800_IRFL_0090,test,IRFL:rattle someone's cage,IRFL,positive
PHL1800_IRFL_0091,calibration,IRFL:cross swords,IRFL,positive
PHL1800_IRFL_0092,test,IRFL:rattle someone's cage,IRFL,positive
PHL1800_IRFL_0093,test,IRFL:rattle someone's cage,IRFL,positive
PHL1800_IRFL_0094,test,IRFL:beard the lion in his den,IRFL,positive
PHL1800_IRFL_0095,calibration,IRFL:cross swords,IRFL,positive
PHL1800_IRFL_0096,test,IRFL:water under the bridge,IRFL,positive
PHL1800_IRFL_0097,test,IRFL:water under the bridge,IRFL,positive
PHL1800_IRFL_0098,test,IRFL:down the road,IRFL,positive
PHL1800_IRFL_0099,calibration,IRFL:cross swords,IRFL,positive
PHL1800_IRFL_0100,test,IRFL:look the other way,IRFL,positive
PHL1800_IRFL_0101,test,IRFL:beard the lion in his den,IRFL,positive
PHL1800_IRFL_0102,test,IRFL:fight tooth and nail,IRFL,positive
PHL1800_IRFL_0103,test,"IRFL:been there, done that",IRFL,positive
PHL1800_IRFL_0104,test,IRFL:be left holding the baby,IRFL,positive
PHL1800_IRFL_0105,test,IRFL:be left holding the baby,IRFL,positive
PHL1800_IRFL_0106,test,IRFL:hit the road,IRFL,positive
PHL1800_IRFL_0107,test,IRFL:king of beasts,IRFL,positive
PHL1800_IRFL_0108,test,IRFL:throw good money after bad,IRFL,positive
PHL1800_IRFL_0109,test,IRFL:king of beasts,IRFL,positive
PHL1800_IRFL_0110,test,IRFL:lay down the law,IRFL,positive
PHL1800_IRFL_0111,test,IRFL:hit the road,IRFL,positive
PHL1800_IRFL_0112,test,IRFL:beat the clock,IRFL,positive
PHL1800_IRFL_0113,test,IRFL:hit the road,IRFL,positive
PHL1800_IRFL_0114,test,IRFL:beat the clock,IRFL,positive
PHL1800_IRFL_0115,test,IRFL:king of beasts,IRFL,positive
PHL1800_IRFL_0116,test,IRFL:money for jam,IRFL,positive
PHL1800_IRFL_0117,test,IRFL:take a leaf out of someone's book,IRFL,positive
PHL1800_IRFL_0118,test,IRFL:bark up the wrong tree,IRFL,positive
PHL1800_IRFL_0119,test,IRFL:throw good money after bad,IRFL,positive
PHL1800_IRFL_0120,calibration,IRFL:stand the test of time,IRFL,positive
PHL1800_IRFL_0121,test,IRFL:bark up the wrong tree,IRFL,positive
PHL1800_IRFL_0122,test,IRFL:lay down the law,IRFL,positive
PHL1800_IRFL_0123,test,IRFL:bark up the wrong tree,IRFL,positive
PHL1800_IRFL_0124,test,IRFL:for the time being,IRFL,positive
PHL1800_IRFL_0125,test,IRFL:beat the clock,IRFL,positive
PHL1800_IRFL_0126,test,IRFL:throw good money after bad,IRFL,positive
PHL1800_IRFL_0127,test,IRFL:pull strings,IRFL,positive
PHL1800_IRFL_0128,test,IRFL:pull strings,IRFL,positive
PHL1800_IRFL_0129,test,IRFL:lose your shirt,IRFL,positive
PHL1800_IRFL_0130,test,IRFL:lose your shirt,IRFL,positive
PHL1800_IRFL_0131,test,IRFL:lose your shirt,IRFL,positive
PHL1800_IRFL_0132,test,IRFL:pull strings,IRFL,positive
PHL1800_IRFL_0133,dev,IRFL:high and mighty,IRFL,positive
PHL1800_IRFL_0134,test,IRFL:seize the day,IRFL,positive
PHL1800_IRFL_0135,test,IRFL:come to think of it,IRFL,positive
PHL1800_IRFL_0136,dev,IRFL:high and mighty,IRFL,positive
PHL1800_IRFL_0137,test,IRFL:come to think of it,IRFL,positive
PHL1800_IRFL_0138,test,IRFL:hum and haw,IRFL,positive
PHL1800_IRFL_0139,test,IRFL:pass the buck,IRFL,positive
PHL1800_IRFL_0140,test,IRFL:dyed in the wool,IRFL,positive
PHL1800_IRFL_0141,test,IRFL:hum and haw,IRFL,positive
PHL1800_IRFL_0142,test,IRFL:pass the buck,IRFL,positive
PHL1800_IRFL_0143,dev,IRFL:go down the wrong way,IRFL,positive
PHL1800_IRFL_0144,dev,IRFL:go down the wrong way,IRFL,positive
PHL1800_IRFL_0145,test,IRFL:part company,IRFL,positive
PHL1800_IRFL_0146,test,IRFL:part company,IRFL,positive
PHL1800_IRFL_0147,test,IRFL:part company,IRFL,positive
PHL1800_IRFL_0148,test,IRFL:night and day,IRFL,positive
PHL1800_IRFL_0149,test,IRFL:night and day,IRFL,positive
PHL1800_IRFL_0150,test,IRFL:off the hook,IRFL,positive
PHL1800_IRFL_0151,test,IRFL:look the other way,IRFL,positive
PHL1800_IRFL_0152,dev,IRFL:let sleeping dogs lie,IRFL,positive
PHL1800_IRFL_0153,dev,IRFL:let sleeping dogs lie,IRFL,positive
PHL1800_IRFL_0154,dev,IRFL:let sleeping dogs lie,IRFL,positive
PHL1800_IRFL_0155,dev,IRFL:dot the i's and cross the t's,IRFL,positive
PHL1800_IRFL_0156,test,IRFL:for the time being,IRFL,positive
PHL1800_IRFL_0157,dev,IRFL:change your tune,IRFL,positive
PHL1800_IRFL_0158,test,IRFL:lay down the law,IRFL,positive
PHL1800_IRFL_0159,calibration,IRFL:under lock and key,IRFL,positive
PHL1800_IRFL_0160,dev,IRFL:away with the fairies,IRFL,positive
PHL1800_IRFL_0161,dev,IRFL:away with the fairies,IRFL,positive
PHL1800_IRFL_0162,calibration,IRFL:under lock and key,IRFL,positive
PHL1800_IRFL_0163,dev,IRFL:away with the fairies,IRFL,positive
PHL1800_IRFL_0164,test,IRFL:come to think of it,IRFL,positive
PHL1800_IRFL_0165,test,IRFL:seize the day,IRFL,positive
PHL1800_IRFL_0166,test,IRFL:add fuel to the fire,IRFL,positive
PHL1800_IRFL_0167,test,IRFL:haul someone over the coals,IRFL,positive
PHL1800_IRFL_0168,calibration,IRFL:with a will,IRFL,positive
PHL1800_IRFL_0169,calibration,IRFL:under a cloud,IRFL,positive
PHL1800_IRFL_0170,calibration,IRFL:with a will,IRFL,positive
PHL1800_IRFL_0171,calibration,IRFL:with a will,IRFL,positive
PHL1800_IRFL_0172,test,IRFL:ride roughshod over,IRFL,positive
PHL1800_IRFL_0173,test,IRFL:seize the day,IRFL,positive
PHL1800_IRFL_0174,test,IRFL:ride roughshod over,IRFL,positive
PHL1800_IRFL_0175,test,IRFL:ride roughshod over,IRFL,positive
PHL1800_IRFL_0176,test,IRFL:haul someone over the coals,IRFL,positive
PHL1800_IRFL_0177,test,IRFL:bear in mind,IRFL,positive
PHL1800_IRFL_0178,test,IRFL:body blow,IRFL,positive
PHL1800_IRFL_0179,test,IRFL:fight fire with fire,IRFL,positive
PHL1800_IRFL_0180,test,IRFL:run riot,IRFL,positive
PHL1800_IRFL_0181,test,IRFL:body blow,IRFL,positive
PHL1800_IRFL_0182,test,IRFL:blow someone's mind,IRFL,positive
PHL1800_IRFL_0183,test,IRFL:put down roots,IRFL,positive
PHL1800_IRFL_0184,test,IRFL:come to mind,IRFL,positive
PHL1800_IRFL_0185,test,IRFL:put down roots,IRFL,positive
PHL1800_IRFL_0186,test,IRFL:round the clock,IRFL,positive
PHL1800_IRFL_0187,test,IRFL:dead in the water,IRFL,positive
PHL1800_IRFL_0188,test,IRFL:throw the book at,IRFL,positive
PHL1800_IRFL_0189,test,IRFL:cost the earth,IRFL,positive
PHL1800_IRFL_0190,test,IRFL:fight fire with fire,IRFL,positive
PHL1800_IRFL_0191,test,IRFL:throw the book at,IRFL,positive
PHL1800_IRFL_0192,test,IRFL:put two and two together,IRFL,positive
PHL1800_IRFL_0193,test,IRFL:round the clock,IRFL,positive
PHL1800_IRFL_0194,test,IRFL:come to mind,IRFL,positive
PHL1800_IRFL_0195,test,IRFL:put two and two together,IRFL,positive
PHL1800_IRFL_0196,test,IRFL:blow someone's mind,IRFL,positive
PHL1800_IRFL_0197,test,IRFL:come to mind,IRFL,positive
PHL1800_IRFL_0198,test,IRFL:put two and two together,IRFL,positive
PHL1800_IRFL_0199,test,IRFL:night and day,IRFL,positive
PHL1800_IRFL_0200,test,IRFL:run amok,IRFL,positive
PHL1800_IRFL_0201,test,IRFL:many moons ago,IRFL,positive
PHL1800_IRFL_0202,test,IRFL:bundle of joy,IRFL,positive
PHL1800_IRFL_0203,test,IRFL:hit someone for six,IRFL,positive
PHL1800_IRFL_0204,test,IRFL:up the river,IRFL,positive
PHL1800_IRFL_0205,test,IRFL:name names,IRFL,positive
PHL1800_IRFL_0206,dev,IRFL:chew the cud,IRFL,positive
PHL1800_IRFL_0207,calibration,IRFL:fly the coop,IRFL,positive
PHL1800_IRFL_0208,test,IRFL:keep tabs on,IRFL,positive
PHL1800_IRFL_0209,dev,IRFL:keep a lid on,IRFL,positive
PHL1800_IRFL_0210,test,IRFL:six feet under,IRFL,positive
PHL1800_IRFL_0211,test,IRFL:name names,IRFL,positive
PHL1800_IRFL_0212,test,IRFL:keep tabs on,IRFL,positive
PHL1800_IRFL_0213,test,IRFL:play games,IRFL,positive
PHL1800_IRFL_0214,test,IRFL:blow off steam,IRFL,positive
PHL1800_IRFL_0215,dev,IRFL:horses for courses,IRFL,positive
PHL1800_IRFL_0216,test,IRFL:blow off steam,IRFL,positive
PHL1800_IRFL_0217,test,IRFL:give someone the slip,IRFL,positive
PHL1800_IRFL_0218,test,IRFL:give someone the slip,IRFL,positive
PHL1800_IRFL_0219,test,IRFL:keep mum,IRFL,positive
PHL1800_IRFL_0220,test,IRFL:six feet under,IRFL,positive
PHL1800_IRFL_0221,test,IRFL:turn tail,IRFL,positive
PHL1800_IRFL_0222,test,IRFL:on thin ice,IRFL,positive
PHL1800_IRFL_0223,test,IRFL:rank and file,IRFL,positive
PHL1800_IRFL_0224,dev,IRFL:chew the cud,IRFL,positive
PHL1800_IRFL_0225,dev,IRFL:horses for courses,IRFL,positive
PHL1800_IRFL_0226,test,IRFL:burn rubber,IRFL,positive
PHL1800_IRFL_0227,dev,IRFL:sitting pretty,IRFL,positive
PHL1800_IRFL_0228,test,IRFL:six feet under,IRFL,positive
PHL1800_IRFL_0229,test,IRFL:follow suit,IRFL,positive
PHL1800_IRFL_0230,test,IRFL:up the river,IRFL,positive
PHL1800_IRFL_0231,dev,IRFL:wear the trousers,IRFL,positive
PHL1800_IRFL_0232,test,IRFL:run someone ragged,IRFL,positive
PHL1800_IRFL_0233,test,IRFL:come to terms with,IRFL,positive
PHL1800_IRFL_0234,test,IRFL:break the ice,IRFL,positive
PHL1800_IRFL_0235,test,IRFL:kiss and make up,IRFL,positive
PHL1800_IRFL_0236,test,IRFL:pop the question,IRFL,positive
PHL1800_IRFL_0237,test,IRFL:keep tabs on,IRFL,positive
PHL1800_IRFL_0238,test,IRFL:bundle of joy,IRFL,positive
PHL1800_IRFL_0239,test,IRFL:walk all over,IRFL,positive
PHL1800_IRFL_0240,test,IRFL:up the river,IRFL,positive
PHL1800_IRFL_0241,test,IRFL:six of the best,IRFL,positive
PHL1800_IRFL_0242,test,IRFL:pump iron,IRFL,positive
PHL1800_IRFL_0243,test,IRFL:pay through the nose,IRFL,positive
PHL1800_IRFL_0244,test,IRFL:rank and file,IRFL,positive
PHL1800_IRFL_0245,calibration,IRFL:mutton dressed as lamb,IRFL,positive
PHL1800_IRFL_0246,test,IRFL:follow suit,IRFL,positive
PHL1800_IRFL_0247,dev,IRFL:let the cat out of the bag,IRFL,positive
PHL1800_IRFL_0248,test,IRFL:six of the best,IRFL,positive
PHL1800_IRFL_0249,test,IRFL:have someone by the short and curlies,IRFL,positive
PHL1800_IRFL_0250,calibration,IRFL:fly the coop,IRFL,positive
PHL1800_IRFL_0251,test,IRFL:hit someone for six,IRFL,positive
PHL1800_IRFL_0252,calibration,IRFL:mutton dressed as lamb,IRFL,positive
PHL1800_IRFL_0253,test,IRFL:break the ice,IRFL,positive
PHL1800_IRFL_0254,calibration,IRFL:chicken feed,IRFL,positive
PHL1800_IRFL_0255,test,IRFL:muddy the waters,IRFL,positive
PHL1800_IRFL_0256,dev,IRFL:let the cat out of the bag,IRFL,positive
PHL1800_IRFL_0257,calibration,IRFL:mutton dressed as lamb,IRFL,positive
PHL1800_IRFL_0258,test,IRFL:prop up the bar,IRFL,positive
PHL1800_IRFL_0259,test,IRFL:pop the question,IRFL,positive
PHL1800_IRFL_0260,test,IRFL:cry foul,IRFL,positive
PHL1800_IRFL_0261,test,IRFL:pump iron,IRFL,positive
PHL1800_IRFL_0262,test,IRFL:walk all over,IRFL,positive
PHL1800_IRFL_0263,test,IRFL:cry foul,IRFL,positive
PHL1800_IRFL_0264,test,IRFL:all bets are off,IRFL,positive
PHL1800_IRFL_0265,dev,IRFL:keep a lid on,IRFL,positive
PHL1800_IRFL_0266,test,IRFL:prop up the bar,IRFL,positive
PHL1800_IRFL_0267,dev,IRFL:chew the cud,IRFL,positive
PHL1800_IRFL_0268,test,IRFL:run someone ragged,IRFL,positive
PHL1800_IRFL_0269,test,IRFL:heart of a lion,IRFL,positive
PHL1800_IRFL_0270,test,IRFL:heart of a lion,IRFL,positive
PHL1800_IRFL_0271,test,IRFL:a lion on the battlefield,IRFL,positive
PHL1800_IRFL_0272,test,IRFL:a lion on the battlefield,IRFL,positive
PHL1800_IRFL_0273,test,IRFL:a lion on the battlefield,IRFL,positive
PHL1800_IRFL_0274,test,IRFL:wheels of justice,IRFL,positive
PHL1800_IRFL_0275,test,IRFL:sea of knowledge,IRFL,positive
PHL1800_IRFL_0276,test,IRFL:wheels of justice,IRFL,positive
PHL1800_IRFL_0277,test,IRFL:sea of knowledge,IRFL,positive
PHL1800_IRFL_0278,test,IRFL:their relationship is a house on fire,IRFL,positive
PHL1800_IRFL_0279,test,IRFL:heart of stone,IRFL,positive
PHL1800_IRFL_0280,test,IRFL:heart of stone,IRFL,positive
PHL1800_IRFL_0281,test,IRFL:heart sank,IRFL,positive
PHL1800_IRFL_0282,test,IRFL:an angel,IRFL,positive
PHL1800_IRFL_0283,test,IRFL:heart of gold,IRFL,positive
PHL1800_IRFL_0284,test,IRFL:an angel,IRFL,positive
PHL1800_IRFL_0285,test,IRFL:home was prison,IRFL,positive
PHL1800_IRFL_0286,test,IRFL:home was prison,IRFL,positive
PHL1800_IRFL_0287,test,IRFL:heart sank,IRFL,positive
PHL1800_IRFL_0288,test,IRFL:a mighty lion,IRFL,positive
PHL1800_IRFL_0289,test,IRFL:their relationship is a house on fire,IRFL,positive
PHL1800_IRFL_0290,test,IRFL:a mighty lion,IRFL,positive
PHL1800_IRFL_0291,test,IRFL:their relationship is a house on fire,IRFL,positive
PHL1800_IRFL_0292,test,IRFL:heart sank,IRFL,positive
PHL1800_IRFL_0293,test,IRFL:heart of gold,IRFL,positive
PHL1800_IRFL_0294,calibration,IRFL:light of my life,IRFL,positive
PHL1800_IRFL_0295,test,IRFL:homework is a breeze,IRFL,positive
PHL1800_IRFL_0296,test,IRFL:homework is a breeze,IRFL,positive
PHL1800_IRFL_0297,test,IRFL:he drives a tank,IRFL,positive
PHL1800_IRFL_0298,test,IRFL:homework is a breeze,IRFL,positive
PHL1800_IRFL_0299,test,IRFL:blanket of flowers,IRFL,positive
PHL1800_IRFL_0300,test,IRFL:eyes were fireflies,IRFL,positive
PHL1800_IRFL_0301,test,IRFL:he was a chicken,IRFL,positive
PHL1800_IRFL_0302,test,IRFL:sea of umbrellas,IRFL,positive
PHL1800_IRFL_0303,test,IRFL:sea of umbrellas,IRFL,positive
PHL1800_IRFL_0304,test,IRFL:blanket of flowers,IRFL,positive
PHL1800_IRFL_0305,test,IRFL:he was a tiger,IRFL,positive
PHL1800_IRFL_0306,test,IRFL:the car is a rocket,IRFL,positive
PHL1800_IRFL_0307,test,IRFL:sea of bees,IRFL,positive
PHL1800_IRFL_0308,test,IRFL:eyes were fireflies,IRFL,positive
PHL1800_IRFL_0309,test,IRFL:she was a busy bee,IRFL,positive
PHL1800_IRFL_0310,test,IRFL:sea of bees,IRFL,positive
PHL1800_IRFL_0311,test,IRFL:jungle city,IRFL,positive
PHL1800_IRFL_0312,test,IRFL:jungle city,IRFL,positive
PHL1800_IRFL_0313,test,IRFL:blanket of snow,IRFL,positive
PHL1800_IRFL_0314,test,IRFL:walking encyclopedia,IRFL,positive
PHL1800_IRFL_0315,test,IRFL:he drives a tank,IRFL,positive
PHL1800_IRFL_0316,test,IRFL:eyes were fireflies,IRFL,positive
PHL1800_IRFL_0317,dev,IRFL:a night owl,IRFL,positive
PHL1800_IRFL_0318,test,IRFL:she was a busy bee,IRFL,positive
PHL1800_IRFL_0319,calibration,IRFL:light of my life,IRFL,positive
PHL1800_IRFL_0320,test,IRFL:house of cards,IRFL,positive
PHL1800_IRFL_0321,test,IRFL:cute teddy bear,IRFL,positive
PHL1800_IRFL_0322,test,IRFL:he drives a tank,IRFL,positive
PHL1800_IRFL_0323,test,IRFL:she is a ray of sunshine,IRFL,positive
PHL1800_IRFL_0324,test,IRFL:jungle city,IRFL,positive
PHL1800_IRFL_0325,test,IRFL:the car is a rocket,IRFL,positive
PHL1800_IRFL_0326,test,IRFL:sea of umbrellas,IRFL,positive
PHL1800_IRFL_0327,dev,IRFL:he is a fox,IRFL,positive
PHL1800_IRFL_0328,test,IRFL:he was a tiger,IRFL,positive
PHL1800_IRFL_0329,test,IRFL:the car is a rocket,IRFL,positive
PHL1800_IRFL_0330,dev,IRFL:he is a fox,IRFL,positive
PHL1800_IRFL_0331,test,IRFL:he is a cheetah,IRFL,positive
PHL1800_IRFL_0332,test,IRFL:she was a busy bee,IRFL,positive
PHL1800_IRFL_0333,test,IRFL:she was a sly cat,IRFL,positive
PHL1800_IRFL_0334,test,IRFL:she is a ray of sunshine,IRFL,positive
PHL1800_IRFL_0335,test,IRFL:house of cards,IRFL,positive
PHL1800_IRFL_0336,test,IRFL:he was a chicken,IRFL,positive
PHL1800_IRFL_0337,dev,IRFL:a night owl,IRFL,positive
PHL1800_IRFL_0338,test,IRFL:blanket of flowers,IRFL,positive
PHL1800_IRFL_0339,dev,IRFL:he is a fox,IRFL,positive
PHL1800_IRFL_0340,test,IRFL:blanket of snow,IRFL,positive
PHL1800_IRFL_0341,test,IRFL:she was a sly cat,IRFL,positive
PHL1800_IRFL_0342,test,IRFL:she was a sly cat,IRFL,positive
PHL1800_IRFL_0343,test,IRFL:walking encyclopedia,IRFL,positive
PHL1800_IRFL_0344,test,IRFL:he was a tiger,IRFL,positive
PHL1800_IRFL_0345,test,IRFL:as pale as a ghost,IRFL,positive
PHL1800_IRFL_0346,test,IRFL:as brave as a lion,IRFL,positive
PHL1800_IRFL_0347,test,IRFL:as pale as a ghost,IRFL,positive
PHL1800_IRFL_0348,test,IRFL:as white as a ghost,IRFL,positive
PHL1800_IRFL_0349,test,IRFL:as white as a ghost,IRFL,positive
PHL1800_IRFL_0350,test,IRFL:as white as a ghost,IRFL,positive
PHL1800_IRFL_0351,calibration,IRFL:as strong as an ox,IRFL,positive
PHL1800_IRFL_0352,calibration,IRFL:as strong as an ox,IRFL,positive
PHL1800_IRFL_0353,calibration,IRFL:as strong as an ox,IRFL,positive
PHL1800_IRFL_0354,calibration,IRFL:as proud as a peacock,IRFL,positive
PHL1800_IRFL_0355,test,IRFL:as busy as a bee,IRFL,positive
PHL1800_IRFL_0356,test,IRFL:as fresh as a daisy,IRFL,positive
PHL1800_IRFL_0357,test,IRFL:as smooth as silk,IRFL,positive
PHL1800_IRFL_0358,test,IRFL:as tall as a skyscraper,IRFL,positive
PHL1800_IRFL_0359,test,IRFL:as sour as vinegar,IRFL,positive
PHL1800_IRFL_0360,test,IRFL:as angry as a hornet,IRFL,positive
PHL1800_IRFL_0361,test,IRFL:as fresh as a daisy,IRFL,positive
PHL1800_IRFL_0362,test,IRFL:as cold as ice,IRFL,positive
PHL1800_IRFL_0363,test,IRFL:as fresh as a daisy,IRFL,positive
PHL1800_IRFL_0364,test,IRFL:as sour as vinegar,IRFL,positive
PHL1800_IRFL_0365,test,IRFL:as slow as a snail,IRFL,positive
PHL1800_IRFL_0366,test,IRFL:as tall as a skyscraper,IRFL,positive
PHL1800_IRFL_0367,test,IRFL:as slow as a snail,IRFL,positive
PHL1800_IRFL_0368,test,IRFL:as sour as vinegar,IRFL,positive
PHL1800_IRFL_0369,test,IRFL:as thin as a rail,IRFL,positive
PHL1800_IRFL_0370,test,IRFL:as tall as a skyscraper,IRFL,positive
PHL1800_IRFL_0371,test,IRFL:as angry as a hornet,IRFL,positive
PHL1800_IRFL_0372,test,IRFL:as pretty as a princess,IRFL,positive
PHL1800_IRFL_0373,test,IRFL:as bright as the sun,IRFL,positive
PHL1800_IRFL_0374,calibration,IRFL:as sly as a fox,IRFL,positive
PHL1800_IRFL_0375,test,IRFL:as dry as a desert,IRFL,positive
PHL1800_IRFL_0376,test,IRFL:as filthy as a pigsty,IRFL,positive
PHL1800_IRFL_0377,test,IRFL:as fast as a cheetah,IRFL,positive
PHL1800_IRFL_0378,dev,IRFL:as hot as lava,IRFL,positive
PHL1800_IRFL_0379,calibration,IRFL:as sly as a fox,IRFL,positive
PHL1800_IRFL_0380,test,IRFL:as dry as a desert,IRFL,positive
PHL1800_IRFL_0381,test,IRFL:as filthy as a pigsty,IRFL,positive
PHL1800_IRFL_0382,test,IRFL:as dry as a desert,IRFL,positive
PHL1800_IRFL_0383,dev,IRFL:as hot as lava,IRFL,positive
PHL1800_IRFL_0384,test,IRFL:as slow as a snail,IRFL,positive
PHL1800_IRFL_0385,calibration,IRFL:as hard as rocks,IRFL,positive
PHL1800_IRFL_0386,calibration,IRFL:as red as a cherry,IRFL,positive
PHL1800_IRFL_0387,test,IRFL:as pretty as a princess,IRFL,positive
PHL1800_IRFL_0388,test,IRFL:as angry as a hornet,IRFL,positive
PHL1800_IRFL_0389,test,IRFL:as solid as a rock,IRFL,positive
PHL1800_IRFL_0390,calibration,IRFL:as red as a cherry,IRFL,positive
PHL1800_IRFL_0391,test,IRFL:as fast as a cheetah,IRFL,positive
PHL1800_IRFL_0392,test,IRFL:as sweet as honey,IRFL,positive
PHL1800_IRFL_0393,test,IRFL:as helpless as a baby,IRFL,positive
PHL1800_IRFL_0394,test,IRFL:as wide as the sea,IRFL,positive
PHL1800_IRFL_0395,calibration,IRFL:as hard as rocks,IRFL,positive
PHL1800_IRFL_0396,test,IRFL:as slow as a turtle,IRFL,positive
PHL1800_IRFL_0397,test,IRFL:as filthy as a pigsty,IRFL,positive
PHL1800_IRFL_0398,test,IRFL:as slow as a turtle,IRFL,positive
PHL1800_IRFL_0399,test,IRFL:as thin as a rail,IRFL,positive
PHL1800_IRFL_0400,dev,IRFL:as sharp as a razor,IRFL,positive
PHL1800_IRFL_0401,test,IRFL:as thin as a rail,IRFL,positive
PHL1800_IRFL_0402,test,IRFL:as red as a tomato,IRFL,positive
PHL1800_IRFL_0403,test,IRFL:as funny as a clown,IRFL,positive
PHL1800_IRFL_0404,test,IRFL:as slow as a turtle,IRFL,positive
PHL1800_IRFL_0405,dev,IRFL:as hot as lava,IRFL,positive
PHL1800_IRFL_0406,test,IRFL:as sharp as a knife,IRFL,positive
PHL1800_IRFL_0407,test,IRFL:as cold as ice,IRFL,positive
PHL1800_IRFL_0408,test,IRFL:as cold as ice,IRFL,positive
PHL1800_IRFL_0409,calibration,IRFL:as red as a cherry,IRFL,positive
PHL1800_IRFL_0410,test,IRFL:as red as a tomato,IRFL,positive
PHL1800_IRFL_0411,test,IRFL:as funny as a clown,IRFL,positive
PHL1800_IRFL_0412,test,IRFL:as deep as the ocean,IRFL,positive
PHL1800_IRFL_0413,test,IRFL:as deep as the ocean,IRFL,positive
PHL1800_IRFL_0414,test,IRFL:as thin as a stick,IRFL,positive
PHL1800_IRFL_0415,test,IRFL:as fast as a cheetah,IRFL,positive
PHL1800_IRFL_0416,test,IRFL:as slippery as an ice rink,IRFL,positive
PHL1800_IRFL_0417,test,IRFL:as solid as a rock,IRFL,positive
PHL1800_IRFL_0418,test,IRFL:as solid as a rock,IRFL,positive
PHL1800_IRFL_0419,test,IRFL:as sweet as honey,IRFL,positive
PHL1800_IRFL_0420,test,IRFL:as bright as the sun,IRFL,positive
PHL1800_IRFL_0421,test,IRFL:chase rainbows,IRFL,boundary
PHL1800_IRFL_0422,test,IRFL:get the boot,IRFL,boundary
PHL1800_IRFL_0423,dev,IRFL:ruffle someone's feathers,IRFL,boundary
PHL1800_IRFL_0424,calibration,IRFL:go by the board,IRFL,boundary
PHL1800_IRFL_0425,test,IRFL:have a tiger by the tail,IRFL,boundary
PHL1800_IRFL_0426,test,IRFL:shoot from the hip,IRFL,boundary
PHL1800_IRFL_0427,calibration,IRFL:cry wolf,IRFL,boundary
PHL1800_IRFL_0428,dev,IRFL:get your skates on,IRFL,boundary
PHL1800_IRFL_0429,test,IRFL:go down the pan,IRFL,boundary
PHL1800_IRFL_0430,test,IRFL:shoot from the hip,IRFL,boundary
PHL1800_IRFL_0431,test,IRFL:draw stumps,IRFL,boundary
PHL1800_IRFL_0432,test,IRFL:on paper,IRFL,boundary
PHL1800_IRFL_0433,test,IRFL:tread water,IRFL,boundary
PHL1800_IRFL_0434,test,IRFL:take the cake,IRFL,boundary
PHL1800_IRFL_0435,test,IRFL:to boot,IRFL,boundary
PHL1800_IRFL_0436,test,IRFL:hit home,IRFL,boundary
PHL1800_IRFL_0437,test,IRFL:turn the screw,IRFL,boundary
PHL1800_IRFL_0438,test,IRFL:on the wagon,IRFL,boundary
PHL1800_IRFL_0439,test,IRFL:ring off the hook,IRFL,boundary
PHL1800_IRFL_0440,calibration,IRFL:go to town,IRFL,boundary
PHL1800_IRFL_0441,test,IRFL:jump on the bandwagon,IRFL,boundary
PHL1800_IRFL_0442,test,IRFL:toe the line,IRFL,boundary
PHL1800_IRFL_0443,dev,IRFL:peaches and cream,IRFL,boundary
PHL1800_IRFL_0444,test,IRFL:slap on the wrist,IRFL,boundary
PHL1800_IRFL_0445,test,IRFL:the bee's knees,IRFL,boundary
PHL1800_IRFL_0446,calibration,IRFL:in the wink of an eye,IRFL,boundary
PHL1800_IRFL_0447,test,IRFL:pull the plug,IRFL,boundary
PHL1800_IRFL_0448,test,IRFL:quick on the draw,IRFL,boundary
PHL1800_IRFL_0449,test,IRFL:shrinking violet,IRFL,boundary
PHL1800_IRFL_0450,test,IRFL:strike while the iron is hot,IRFL,boundary
PHL1800_IRFL_0451,test,IRFL:take it on the chin,IRFL,boundary
PHL1800_IRFL_0452,test,IRFL:one in the eye for,IRFL,boundary
PHL1800_IRFL_0453,calibration,IRFL:turn heads,IRFL,boundary
PHL1800_IRFL_0454,dev,IRFL:kill the fatted calf,IRFL,boundary
PHL1800_IRFL_0455,test,IRFL:make a monkey of someone,IRFL,boundary
PHL1800_IRFL_0456,test,IRFL:wet behind the ears,IRFL,boundary
PHL1800_IRFL_0457,calibration,IRFL:sail close to the wind,IRFL,boundary
PHL1800_IRFL_0458,test,IRFL:go to the wall,IRFL,boundary
PHL1800_IRFL_0459,test,IRFL:long in the tooth,IRFL,boundary
PHL1800_IRFL_0460,test,IRFL:drag your feet,IRFL,boundary
PHL1800_IRFL_0461,test,IRFL:sea of bees,IRFL,boundary
PHL1800_IRFL_0462,calibration,IRFL:light of my life,IRFL,boundary
PHL1800_IRFL_0463,test,IRFL:she is a ray of sunshine,IRFL,boundary
PHL1800_IRFL_0464,test,IRFL:house of cards,IRFL,boundary
PHL1800_IRFL_0465,test,IRFL:blanket of snow,IRFL,boundary
PHL1800_IRFL_0466,dev,IRFL:a night owl,IRFL,boundary
PHL1800_IRFL_0467,test,IRFL:blanket of bullets,IRFL,boundary
PHL1800_IRFL_0468,test,IRFL:blanket of bullets,IRFL,boundary
PHL1800_IRFL_0469,test,IRFL:blanket of bullets,IRFL,boundary
PHL1800_IRFL_0470,test,IRFL:she is a snake,IRFL,boundary
PHL1800_IRFL_0471,test,IRFL:she is a snake,IRFL,boundary
PHL1800_IRFL_0472,test,IRFL:he was a chicken,IRFL,boundary
PHL1800_IRFL_0473,test,IRFL:she is a snake,IRFL,boundary
PHL1800_IRFL_0474,test,IRFL:he is a cheetah,IRFL,boundary
PHL1800_IRFL_0475,test,IRFL:cute teddy bear,IRFL,boundary
PHL1800_IRFL_0476,test,IRFL:he is a cheetah,IRFL,boundary
PHL1800_IRFL_0477,test,IRFL:cute teddy bear,IRFL,boundary
PHL1800_IRFL_0478,test,IRFL:a shinning star,IRFL,boundary
PHL1800_IRFL_0479,test,IRFL:a shinning star,IRFL,boundary
PHL1800_IRFL_0480,test,IRFL:a shinning star,IRFL,boundary
PHL1800_IRFL_0481,calibration,IRFL:as sweet as sugar,IRFL,boundary
PHL1800_IRFL_0482,calibration,IRFL:as sly as a fox,IRFL,boundary
PHL1800_IRFL_0483,test,IRFL:as funny as a clown,IRFL,boundary
PHL1800_IRFL_0484,test,IRFL:as red as a tomato,IRFL,boundary
PHL1800_IRFL_0485,test,IRFL:as pretty as a princess,IRFL,boundary
PHL1800_IRFL_0486,test,IRFL:as deep as the ocean,IRFL,boundary
PHL1800_IRFL_0487,test,IRFL:as wide as the sea,IRFL,boundary
PHL1800_IRFL_0488,test,IRFL:as smooth as silk,IRFL,boundary
PHL1800_IRFL_0489,test,IRFL:as smooth as silk,IRFL,boundary
PHL1800_IRFL_0490,test,IRFL:as blue as the ocean,IRFL,boundary
PHL1800_IRFL_0491,test,IRFL:as hard as a brick,IRFL,boundary
PHL1800_IRFL_0492,calibration,IRFL:as tall as a mountain,IRFL,boundary
PHL1800_IRFL_0493,dev,IRFL:as sharp as a razor,IRFL,boundary
PHL1800_IRFL_0494,test,IRFL:as blue as the ocean,IRFL,boundary
PHL1800_IRFL_0495,test,IRFL:as wild as an animal,IRFL,boundary
PHL1800_IRFL_0496,test,IRFL:as wild as an animal,IRFL,boundary
PHL1800_IRFL_0497,test,IRFL:as blue as the ocean,IRFL,boundary
PHL1800_IRFL_0498,test,IRFL:as slippery as an ice rink,IRFL,boundary
PHL1800_IRFL_0499,test,IRFL:as sweet as honey,IRFL,boundary
PHL1800_IRFL_0500,calibration,IRFL:as tall as a mountain,IRFL,boundary
PHL1800_MM_0001,test,MM:seed:735,MM-MoralBench,positive
PHL1800_MM_0002,test,MM:seed:64,MM-MoralBench,positive
PHL1800_MM_0003,test,MM:seed:105,MM-MoralBench,positive
PHL1800_MM_0004,test,MM:seed:188,MM-MoralBench,positive
PHL1800_MM_0005,test,MM:seed:366,MM-MoralBench,positive
PHL1800_MM_0006,test,MM:seed:353,MM-MoralBench,positive
PHL1800_MM_0007,test,MM:seed:1062,MM-MoralBench,positive
PHL1800_MM_0008,test,MM:seed:1058,MM-MoralBench,positive
PHL1800_MM_0009,test,MM:seed:548,MM-MoralBench,positive
PHL1800_MM_0010,test,MM:seed:912,MM-MoralBench,positive
PHL1800_MM_0011,test,MM:seed:781,MM-MoralBench,positive
PHL1800_MM_0012,dev,MM:seed:744,MM-MoralBench,positive
PHL1800_MM_0013,dev,MM:seed:665,MM-MoralBench,positive
PHL1800_MM_0014,test,MM:seed:683,MM-MoralBench,positive
PHL1800_MM_0015,test,MM:seed:793,MM-MoralBench,positive
PHL1800_MM_0016,dev,MM:seed:695,MM-MoralBench,positive
PHL1800_MM_0017,test,MM:seed:682,MM-MoralBench,positive
PHL1800_MM_0018,test,MM:seed:784,MM-MoralBench,positive
PHL1800_MM_0019,calibration,MM:seed:775,MM-MoralBench,positive
PHL1800_MM_0020,dev,MM:seed:720,MM-MoralBench,positive
PHL1800_MM_0021,test,MM:seed:724,MM-MoralBench,positive
PHL1800_MM_0022,test,MM:seed:714,MM-MoralBench,positive
PHL1800_MM_0023,test,MM:seed:750,MM-MoralBench,positive
PHL1800_MM_0024,test,MM:seed:685,MM-MoralBench,positive
PHL1800_MM_0025,test,MM:seed:801,MM-MoralBench,positive
PHL1800_MM_0026,test,MM:seed:693,MM-MoralBench,positive
PHL1800_MM_0027,test,MM:seed:681,MM-MoralBench,positive
PHL1800_MM_0028,test,MM:seed:709,MM-MoralBench,positive
PHL1800_MM_0029,test,MM:seed:792,MM-MoralBench,positive
PHL1800_MM_0030,test,MM:seed:733,MM-MoralBench,positive
PHL1800_MM_0031,test,MM:seed:778,MM-MoralBench,positive
PHL1800_MM_0032,test,MM:seed:675,MM-MoralBench,positive
PHL1800_MM_0033,test,MM:seed:806,MM-MoralBench,positive
PHL1800_MM_0034,test,MM:seed:674,MM-MoralBench,positive
PHL1800_MM_0035,test,MM:seed:156,MM-MoralBench,positive
PHL1800_MM_0036,test,MM:seed:18,MM-MoralBench,positive
PHL1800_MM_0037,calibration,MM:seed:98,MM-MoralBench,positive
PHL1800_MM_0038,test,MM:seed:3,MM-MoralBench,positive
PHL1800_MM_0039,test,MM:seed:95,MM-MoralBench,positive
PHL1800_MM_0040,dev,MM:seed:274,MM-MoralBench,positive
PHL1800_MM_0041,test,MM:seed:34,MM-MoralBench,positive
PHL1800_MM_0042,test,MM:seed:286,MM-MoralBench,positive
PHL1800_MM_0043,test,MM:seed:87,MM-MoralBench,positive
PHL1800_MM_0044,test,MM:seed:117,MM-MoralBench,positive
PHL1800_MM_0045,test,MM:seed:234,MM-MoralBench,positive
PHL1800_MM_0046,calibration,MM:seed:86,MM-MoralBench,positive
PHL1800_MM_0047,test,MM:seed:46,MM-MoralBench,positive
PHL1800_MM_0048,test,MM:seed:59,MM-MoralBench,positive
PHL1800_MM_0049,dev,MM:seed:206,MM-MoralBench,positive
PHL1800_MM_0050,test,MM:seed:63,MM-MoralBench,positive
PHL1800_MM_0051,test,MM:seed:5,MM-MoralBench,positive
PHL1800_MM_0052,calibration,MM:seed:150,MM-MoralBench,positive
PHL1800_MM_0053,test,MM:seed:238,MM-MoralBench,positive
PHL1800_MM_0054,test,MM:seed:30,MM-MoralBench,positive
PHL1800_MM_0055,test,MM:seed:240,MM-MoralBench,positive
PHL1800_MM_0056,test,MM:seed:82,MM-MoralBench,positive
PHL1800_MM_0057,test,MM:seed:401,MM-MoralBench,positive
PHL1800_MM_0058,test,MM:seed:398,MM-MoralBench,positive
PHL1800_MM_0059,dev,MM:seed:472,MM-MoralBench,positive
PHL1800_MM_0060,test,MM:seed:417,MM-MoralBench,positive
PHL1800_MM_0061,test,MM:seed:433,MM-MoralBench,positive
PHL1800_MM_0062,test,MM:seed:364,MM-MoralBench,positive
PHL1800_MM_0063,calibration,MM:seed:474,MM-MoralBench,positive
PHL1800_MM_0064,test,MM:seed:389,MM-MoralBench,positive
PHL1800_MM_0065,test,MM:seed:325,MM-MoralBench,positive
PHL1800_MM_0066,calibration,MM:seed:376,MM-MoralBench,positive
PHL1800_MM_0067,test,MM:seed:388,MM-MoralBench,positive
PHL1800_MM_0068,test,MM:seed:374,MM-MoralBench,positive
PHL1800_MM_0069,test,MM:seed:382,MM-MoralBench,positive
PHL1800_MM_0070,test,MM:seed:341,MM-MoralBench,positive
PHL1800_MM_0071,test,MM:seed:368,MM-MoralBench,positive
PHL1800_MM_0072,test,MM:seed:371,MM-MoralBench,positive
PHL1800_MM_0073,test,MM:seed:381,MM-MoralBench,positive
PHL1800_MM_0074,test,MM:seed:342,MM-MoralBench,positive
PHL1800_MM_0075,calibration,MM:seed:438,MM-MoralBench,positive
PHL1800_MM_0076,test,MM:seed:396,MM-MoralBench,positive
PHL1800_MM_0077,test,MM:seed:441,MM-MoralBench,positive
PHL1800_MM_0078,test,MM:seed:354,MM-MoralBench,positive
PHL1800_MM_0079,calibration,MM:seed:367,MM-MoralBench,positive
PHL1800_MM_0080,test,MM:seed:1009,MM-MoralBench,positive
PHL1800_MM_0081,dev,MM:seed:1030,MM-MoralBench,positive
PHL1800_MM_0082,test,MM:seed:1126,MM-MoralBench,positive
PHL1800_MM_0083,test,MM:seed:1079,MM-MoralBench,positive
PHL1800_MM_0084,test,MM:seed:1023,MM-MoralBench,positive
PHL1800_MM_0085,calibration,MM:seed:1007,MM-MoralBench,positive
PHL1800_MM_0086,test,MM:seed:1074,MM-MoralBench,positive
PHL1800_MM_0087,test,MM:seed:1137,MM-MoralBench,positive
PHL1800_MM_0088,test,MM:seed:1059,MM-MoralBench,positive
PHL1800_MM_0089,test,MM:seed:1010,MM-MoralBench,positive
PHL1800_MM_0090,test,MM:seed:1028,MM-MoralBench,positive
PHL1800_MM_0091,calibration,MM:seed:1084,MM-MoralBench,positive
PHL1800_MM_0092,calibration,MM:seed:1088,MM-MoralBench,positive
PHL1800_MM_0093,test,MM:seed:1108,MM-MoralBench,positive
PHL1800_MM_0094,test,MM:seed:1001,MM-MoralBench,positive
PHL1800_MM_0095,test,MM:seed:1002,MM-MoralBench,positive
PHL1800_MM_0096,test,MM:seed:1048,MM-MoralBench,positive
PHL1800_MM_0097,test,MM:seed:1135,MM-MoralBench,positive
PHL1800_MM_0098,test,MM:seed:1112,MM-MoralBench,positive
PHL1800_MM_0099,test,MM:seed:995,MM-MoralBench,positive
PHL1800_MM_0100,test,MM:seed:1139,MM-MoralBench,positive
PHL1800_MM_0101,test,MM:seed:1035,MM-MoralBench,positive
PHL1800_MM_0102,test,MM:seed:1066,MM-MoralBench,positive
PHL1800_MM_0103,test,MM:seed:521,MM-MoralBench,positive
PHL1800_MM_0104,test,MM:seed:590,MM-MoralBench,positive
PHL1800_MM_0105,test,MM:seed:533,MM-MoralBench,positive
PHL1800_MM_0106,test,MM:seed:493,MM-MoralBench,positive
PHL1800_MM_0107,test,MM:seed:624,MM-MoralBench,positive
PHL1800_MM_0108,test,MM:seed:522,MM-MoralBench,positive
PHL1800_MM_0109,test,MM:seed:632,MM-MoralBench,positive
PHL1800_MM_0110,test,MM:seed:648,MM-MoralBench,positive
PHL1800_MM_0111,test,MM:seed:622,MM-MoralBench,positive
PHL1800_MM_0112,test,MM:seed:604,MM-MoralBench,positive
PHL1800_MM_0113,test,MM:seed:641,MM-MoralBench,positive
PHL1800_MM_0114,test,MM:seed:562,MM-MoralBench,positive
PHL1800_MM_0115,calibration,MM:seed:543,MM-MoralBench,positive
PHL1800_MM_0116,calibration,MM:seed:531,MM-MoralBench,positive
PHL1800_MM_0117,test,MM:seed:514,MM-MoralBench,positive
PHL1800_MM_0118,calibration,MM:seed:509,MM-MoralBench,positive
PHL1800_MM_0119,test,MM:seed:561,MM-MoralBench,positive
PHL1800_MM_0120,dev,MM:seed:585,MM-MoralBench,positive
PHL1800_MM_0121,dev,MM:seed:602,MM-MoralBench,positive
PHL1800_MM_0122,test,MM:seed:605,MM-MoralBench,positive
PHL1800_MM_0123,test,MM:seed:492,MM-MoralBench,positive
PHL1800_MM_0124,test,MM:seed:625,MM-MoralBench,positive
PHL1800_MM_0125,test,MM:seed:568,MM-MoralBench,positive
PHL1800_MM_0126,test,MM:seed:547,MM-MoralBench,positive
PHL1800_MM_0127,dev,MM:seed:921,MM-MoralBench,positive
PHL1800_MM_0128,test,MM:seed:966,MM-MoralBench,positive
PHL1800_MM_0129,test,MM:seed:832,MM-MoralBench,positive
PHL1800_MM_0130,test,MM:seed:877,MM-MoralBench,positive
PHL1800_MM_0131,test,MM:seed:967,MM-MoralBench,positive
PHL1800_MM_0132,test,MM:seed:978,MM-MoralBench,positive
PHL1800_MM_0133,test,MM:seed:863,MM-MoralBench,positive
PHL1800_MM_0134,calibration,MM:seed:982,MM-MoralBench,positive
PHL1800_MM_0135,test,MM:seed:827,MM-MoralBench,positive
PHL1800_MM_0136,test,MM:seed:879,MM-MoralBench,positive
PHL1800_MM_0137,test,MM:seed:828,MM-MoralBench,positive
PHL1800_MM_0138,test,MM:seed:893,MM-MoralBench,positive
PHL1800_MM_0139,test,MM:seed:923,MM-MoralBench,positive
PHL1800_MM_0140,test,MM:seed:972,MM-MoralBench,positive
PHL1800_MM_0141,test,MM:seed:849,MM-MoralBench,positive
PHL1800_MM_0142,test,MM:seed:823,MM-MoralBench,positive
PHL1800_MM_0143,test,MM:seed:875,MM-MoralBench,positive
PHL1800_MM_0144,test,MM:seed:826,MM-MoralBench,positive
PHL1800_MM_0145,test,MM:seed:833,MM-MoralBench,positive
PHL1800_MM_0146,test,MM:seed:940,MM-MoralBench,positive
PHL1800_MM_0147,test,MM:seed:963,MM-MoralBench,positive
PHL1800_MM_0148,dev,MM:seed:933,MM-MoralBench,positive
PHL1800_MM_0149,test,MM:seed:885,MM-MoralBench,positive
PHL1800_MM_0150,test,MM:seed:949,MM-MoralBench,positive
